<?xml version="1.0" encoding="utf-8" ?>
<kml xmlns="http://www.opengis.net/kml/2.2">
<Document id="root_doc">
<Schema name="Canada_and_US_Border" id="Canada_and_US_Border">
	<SimpleField name="FID" type="int"></SimpleField>
	<SimpleField name="SectionNum" type="int"></SimpleField>
	<SimpleField name="SectionEng" type="string"></SimpleField>
	<SimpleField name="SectionFre" type="string"></SimpleField>
	<SimpleField name="MaxScale" type="string"></SimpleField>
	<SimpleField name="Shape_Leng" type="float"></SimpleField>
	<SimpleField name="GlobalID" type="string"></SimpleField>
	<SimpleField name="SHAPE_Length" type="float"></SimpleField>
</Schema>
<Folder><name>Canada_and_US_Border</name>
  <Placemark>
	<Style><LineStyle><color>ff0000ff</color></LineStyle><PolyStyle><fill>0</fill></PolyStyle></Style>
	<ExtendedData><SchemaData schemaUrl="#Canada_and_US_Border">
		<SimpleData name="FID">29</SimpleData>
		<SimpleData name="SectionNum">0</SimpleData>
		<SimpleData name="SectionEng">Gulf of Maine</SimpleData>
		<SimpleData name="SectionFre">Golfe du Maine</SimpleData>
		<SimpleData name="MaxScale">1:62,500</SimpleData>
		<SimpleData name="Shape_Leng">4.56009574777</SimpleData>
		<SimpleData name="GlobalID">{5F974AD6-DD79-44C6-A47C-5B9506E49CD4}</SimpleData>
		<SimpleData name="SHAPE_Length">4.56009684674714</SimpleData>
	</SchemaData></ExtendedData>
      <MultiGeometry><LineString><coordinates>-65.69916541,40.4513973310001 -65.705441747,40.4590204610001 -65.711719504,40.4666432400001 -65.717998678,40.474265668 -65.724279275,40.4818877440001 -65.730561291,40.489509469 -65.736844729,40.497130843 -65.74312959,40.5047518640001 -65.749415873,40.5123725330001 -65.7557035789999,40.519992851 -65.76199271,40.527612817 -65.768283265,40.5352324300001 -65.774575246,40.5428516900001 -65.780868652,40.5504705970001 -65.787163485,40.558089152 -65.7934597459999,40.5657073530001 -65.7997574349999,40.573325201 -65.806056552,40.580942695 -65.8123570979999,40.588559837 -65.818659075,40.5961766240001 -65.8249624809999,40.6037930570001 -65.831267318,40.6114091360001 -65.8375735879999,40.6190248610001 -65.84388129,40.6266402310001 -65.8501904249999,40.6342552460001 -65.856500994,40.6418699070001 -65.8628129969999,40.6494842130001 -65.8691264349999,40.6570981630001 -65.8754413089999,40.6647117590001 -65.881757619,40.6723249980001 -65.888075366,40.679937883 -65.89439455,40.68755041 -65.9007151719999,40.6951625830001 -65.907037235,40.702774398 -65.913360736,40.7103858580001 -65.919685678,40.717996961 -65.9260120599999,40.725607709 -65.932339884,40.7332180970001 -65.938669149,40.7408281300001 -65.944999858,40.748437806 -65.951332011,40.756047123 -65.957665606,40.763656084 -65.964000647,40.7712646860001 -65.970337135,40.7788729310001 -65.976675066,40.786480818 -65.983014446,40.7940883460001 -65.989355272,40.8016955160001 -65.995697546,40.8093023280001 -66.002041269,40.8169087800001 -66.008386442,40.824514874 -66.014733065,40.8321206090001 -66.021081137,40.839725984 -66.027430661,40.8473310000001 -66.0337816369999,40.8549356560001 -66.040134066,40.8625399520001 -66.0464879479999,40.8701438890001 -66.0528432839999,40.877747465 -66.0592000739999,40.8853506820001 -66.0655583189999,40.892953537 -66.071918021,40.9005560320001 -66.0782791789999,40.9081581670001 -66.0846417929999,40.9157599390001 -66.091005867,40.923361351 -66.097371398,40.930962402 -66.103738388,40.938563091 -66.110106838,40.946163418 -66.1164767499999,40.9537633840001 -66.1228481219999,40.9613629880001 -66.1292209539999,40.9689622290001 -66.135595251,40.9765611070001 -66.141971009,40.984159623 -66.1483482319999,40.991757777 -66.15472692,40.9993555680001 -66.1611070709999,41.0069529960001 -66.16748869,41.01455006 -66.173871774,41.022146761 -66.180256325,41.029743098 -66.1866423439999,41.0373390710001 -66.1930298309999,41.044934681 -66.1994187879999,41.052529926 -66.2058092139999,41.0601248070001 -66.212201111,41.0677193240001 -66.2185944789999,41.075313475 -66.2249893169999,41.082907264 -66.231385629,41.0905006850001 -66.237783414,41.0980937410001 -66.244182671,41.1056864330001 -66.2505834039999,41.113278759 -66.2569856109999,41.12087072 -66.263389294,41.128462314 -66.269794454,41.1360535420001 -66.27620109,41.143644404 -66.282609205,41.1512349000001 -66.289018797,41.1588250290001 -66.295429869,41.1664147910001 -66.30184242,41.174004186 -66.308256451,41.1815932150001 -66.314671963,41.189181875 -66.321088957,41.196770169 -66.327507434,41.204358095 -66.333927392,41.2119456520001 -66.340348835,41.219532842 -66.3467717629999,41.227119664 -66.3531961749999,41.2347061180001 -66.359622074,41.242292202 -66.366049458,41.249877918 -66.3724783279999,41.2574632660001 -66.378908687,41.2650482430001 -66.385340535,41.2726328520001 -66.3917738709999,41.280217092 -66.398208698,41.2878009620001 -66.4046450129999,41.295384461 -66.411082821,41.3029675920001 -66.4175221199999,41.3105503520001 -66.423962912,41.3181327410001 -66.430405196,41.32571476 -66.436848975,41.3332964090001 -66.443294248,41.3408776860001 -66.449741016,41.348458593 -66.4561892789999,41.3560391280001 -66.462639038,41.3636192930001 -66.4690902959999,41.3711990850001 -66.475543051,41.3787785050001 -66.481997303,41.386357554 -66.488453056,41.3939362310001 -66.494910308,41.401514535 -66.5013690599999,41.4090924670001 -66.507829315,41.4166700260001 -66.51429107,41.4242472120001 -66.520754327,41.4318240260001 -66.527219089,41.4394004660001 -66.5336853539999,41.4469765330001 -66.540153124,41.454552226 -66.5466223989999,41.462127545 -66.553093179,41.4697024910001 -66.559565467,41.477277062 -66.566039261,41.484851259 -66.572514563,41.4924250820001 -66.5789913739999,41.49999853 -66.585469695,41.5075716040001 -66.591949525,41.5151443020001 -66.5984308669999,41.522716626 -66.604913719,41.5302885730001 -66.611398083,41.5378601460001 -66.61788396,41.545431341 -66.6243713499999,41.553002162 -66.630860254,41.560572607 -66.6373506739999,41.568142676 -66.6438426079999,41.5757123670001 -66.650336059,41.5832816830001 -66.656831027,41.5908506210001 -66.663327511,41.598419183 -66.669825515,41.6059873670001 -66.676325036,41.6135551740001 -66.682826077,41.6211226030001 -66.68932864,41.6286896550001 -66.695832722,41.636256329 -66.702338326,41.6438226240001 -66.708845453,41.6513885420001 -66.7153541019999,41.658954081 -66.721864275,41.6665192410001 -66.728375972,41.674084023 -66.7348891949999,41.681648426 -66.741403942,41.6892124490001 -66.7479202169999,41.6967760920001 -66.754438019,41.704339357 -66.760957348,41.7119022420001 -66.767478207,41.7194647470001 -66.774000594,41.7270268720001 -66.780524509,41.7345886160001 -66.787049957,41.7421499800001 -66.793576935,41.749710963 -66.800105445,41.757271567 -66.806635489,41.764831788 -66.813167065,41.772391627 -66.819700175,41.779951087 -66.82623482,41.787510164 -66.832771,41.795068859 -66.8393087169999,41.8026271730001 -66.845847969,41.810185104 -66.8523887599999,41.817742654 -66.858931089,41.8252998200001 -66.865474956,41.8328566050001 -66.872020364,41.8404130060001 -66.878567312,41.8479690230001 -66.8851157989999,41.855524658 -66.891665828,41.8630799100001 -66.898217401,41.8706347770001 -66.904770516,41.878189261 -66.911325174,41.885743362 -66.917881377,41.893297078 -66.924439126,41.900850409 -66.93099842,41.9084033560001 -66.9375592599999,41.9159559180001 -66.944121647,41.923508095 -66.9506855829999,41.931059888 -66.9572510679999,41.9386112940001 -66.9638181,41.946162316 -66.9703866839999,41.953712952 -66.976956817,41.9612632020001 -66.9835285029999,41.9688130660001 -66.9901017409999,41.976362544 -66.9966765309999,41.983911635 -67.003252875,41.9914603390001 -67.009830772,41.999008657 -67.016410225,42.0065565880001 -67.022991233,42.0141041320001 -67.0295737979999,42.021651289 -67.0361579189999,42.0291980580001 -67.0427435989999,42.0367444390001 -67.049330836,42.044290432 -67.055919633,42.051836038 -67.062509989,42.0593812550001 -67.069101906,42.0669260830001 -67.075695384,42.0744705230001 -67.082290424,42.082014574 -67.0888870269999,42.0895582360001 -67.0954851929999,42.097101508 -67.102084922,42.1046443920001 -67.108686216,42.1121868860001 -67.1152890769999,42.1197289900001 -67.121893504,42.1272707040001 -67.128499496,42.1348120270001 -67.135107057,42.14235296 -67.141716185,42.149893503 -67.148326884,42.1574336560001 -67.154939151,42.1649734160001 -67.161552989,42.1725127870001 -67.168168397,42.180051765 -67.174785379,42.187590352 -67.18140393,42.1951285480001 -67.1880240579999,42.2026663510001 -67.194645758,42.210203763 -67.201269032,42.2177407820001 -67.2078938829999,42.2252774090001 -67.214520309,42.232813644 -67.221148312,42.2403494850001 -67.2277778929999,42.247884932 -67.2344090509999,42.255419988 -67.241041788,42.26295465 -67.247676106,42.2704889180001 -67.2543120029999,42.278022793 -67.2609494819999,42.2855562720001 -67.267588541,42.2930893590001 -67.274229185,42.3006220510001 -67.28087141,42.3081543480001 -67.2875152199999,42.3156862500001 -67.294160614,42.3232177580001 -67.300807595,42.330748871 -67.30745616,42.338279587 -67.314106312,42.345809909 -67.320758052,42.353339835 -67.3274113799999,42.360869365 -67.3340662969999,42.368398498 -67.3407228029999,42.375927237 -67.3473809,42.3834555780001 -67.354040589,42.3909835220001 -67.360701869,42.3985110690001 -67.367364741,42.40603822 -67.3740292059999,42.4135649740001 -67.380695265,42.421091329 -67.3873629189999,42.4286172870001 -67.394032168,42.436142848 -67.400703014,42.4436680100001 -67.407375455,42.451192775 -67.414049495,42.45871714 -67.420725132,42.466241107 -67.42740237,42.473764675 -67.434081205,42.4812878440001 -67.440761643,42.488810614 -67.447443681,42.496332985 -67.4541273199999,42.5038549560001 -67.4608125629999,42.511376528 -67.467499409,42.5188977 -67.473316747,42.526741675 -67.4791355409999,42.534585345 -67.4849557909999,42.542428709 -67.4907774979999,42.550271766 -67.496600663,42.5581145150001 -67.5024252869999,42.5659569600001 -67.50825137,42.5737990960001 -67.5140789129999,42.581640925 -67.519907917,42.5894824480001 -67.525738382,42.5973236630001 -67.5315703099999,42.6051645700001 -67.5374037,42.6130051710001 -67.543238553,42.620845462 -67.549074871,42.6286854460001 -67.554912655,42.6365251220001 -67.560751903,42.6443644890001 -67.566592618,42.652203549 -67.572434801,42.6600422980001 -67.578278451,42.66788074 -67.58412357,42.6757188720001 -67.589970158,42.683556695 -67.5958182159999,42.6913942100001 -67.601667745,42.699231415 -67.6075187449999,42.7070683110001 -67.613371217,42.7149048960001 -67.619225163,42.722741172 -67.625080581,42.7305771370001 -67.6309374739999,42.7384127930001 -67.636795843,42.746248139 -67.642655686,42.754083173 -67.648517007,42.761917897 -67.654379804,42.7697523100001 -67.66024408,42.7775864130001 -67.666109833,42.7854202030001 -67.6719770669999,42.793253684 -67.677845781,42.801086852 -67.683715975,42.8089197080001 -67.68958765,42.8167522540001 -67.695460808,42.824584486 -67.70133545,42.832416408 -67.707211574,42.8402480170001 -67.713089183,42.848079313 -67.718968277,42.855910296 -67.724848857,42.863740969 -67.7307309239999,42.871571326 -67.736614478,42.8794013720001 -67.74249952,42.8872311040001 -67.73947378,42.8959011860001 -67.736447191,42.9045711730001 -67.7334197559999,42.913241068 -67.73039147,42.921910869 -67.727362337,42.9305805770001 -67.724332353,42.939250192 -67.721301519,42.947919713 -67.718269833,42.956589142 -67.715237297,42.965258476 -67.71220391,42.973927716 -67.7091696689999,42.9825968640001 -67.706134575,42.9912659170001 -67.703098629,42.999934878 -67.7000618289999,43.008603744 -67.697024174,43.017272516 -67.693985665,43.025941195 -67.6909463009999,43.034609779 -67.6879060809999,43.0432782710001 -67.684865004,43.051946668 -67.681823072,43.0606149700001 -67.6787802819999,43.0692831790001 -67.675736634,43.0779512930001 -67.6726921279999,43.0866193150001 -67.6696467639999,43.0952872410001 -67.666600541,43.1039550720001 -67.663553457,43.1126228100001 -67.660505514,43.1212904540001 -67.65745671,43.1299580040001 -67.654407045,43.138625458 -67.651356517,43.147292818 -67.6483051289999,43.1559600840001 -67.645252877,43.164627255 -67.642199763,43.1732943310001 -67.6391457839999,43.181961313 -67.636090942,43.1906282 -67.633035235,43.199294992 -67.629978664,43.2079616890001 -67.6269212249999,43.216628293 -67.6238629219999,43.2252948 -67.620803751,43.233961213 -67.617743714,43.242627531 -67.614682809,43.251293753 -67.611621036,43.259959881 -67.6085583939999,43.2686259120001 -67.6054948829999,43.27729185 -67.6024305029999,43.2859576920001 -67.599365253,43.294623438 -67.596299131,43.3032890900001 -67.593232139,43.3119546450001 -67.5901642749999,43.320620106 -67.58709554,43.329285472 -67.584025931,43.337950741 -67.58095545,43.346615915 -67.577884094,43.3552809930001 -67.574811864,43.363945975 -67.57173876,43.372610862 -67.5686647799999,43.381275653 -67.565589926,43.389940349 -67.562514194,43.3986049480001 -67.5594375869999,43.407269451 -67.556360102,43.4159338580001 -67.55328174,43.4245981710001 -67.550202498,43.4332623860001 -67.547122379,43.441926504 -67.5440413809999,43.4505905280001 -67.540959502,43.4592544540001 -67.537876744,43.467918286 -67.534793104,43.476582019 -67.531708583,43.4852456580001 -67.5286231819999,43.4939092000001 -67.525536898,43.5025726440001 -67.522449729,43.5112359930001 -67.519361679,43.519899245 -67.516272745,43.528562401 -67.513182926,43.5372254590001 -67.510092223,43.5458884220001 -67.507000633,43.554551287 -67.50390816,43.5632140540001 -67.500814798,43.5718767270001 -67.4977205499999,43.580539301 -67.494625415,43.5892017800001 -67.491529392,43.59786416 -67.488432481,43.6065264440001 -67.485334681,43.61518863 -67.4822359899999,43.6238507200001 -67.479136411,43.632512713 -67.47603594,43.641174607 -67.472934578,43.649836405 -67.469832326,43.658498105 -67.4667291819999,43.667159709 -67.4636251439999,43.6758212140001 -67.4605202129999,43.6844826230001 -67.4574143899999,43.693143934 -67.454307672,43.701805146 -67.451200058,43.7104662620001 -67.4480915519999,43.7191272800001 -67.444982147,43.7277882000001 -67.441871847,43.736449022 -67.438760652,43.745109746 -67.435648558,43.7537703730001 -67.4325355669999,43.7624309010001 -67.429421678,43.771091332 -67.426306889,43.7797516640001 -67.423191201,43.788411899 -67.420074614,43.797072036 -67.4169571269999,43.8057320730001 -67.413838738,43.814392013 -67.410719447,43.823051854 -67.407599256,43.831711598 -67.404478162,43.840371243 -67.4013561639999,43.849030789 -67.398233263,43.857690237 -67.395109459,43.8663495870001 -67.391984749,43.875008838 -67.388859135,43.8836679890001 -67.3857326149999,43.8923270440001 -67.382605188,43.9009859980001 -67.3794768559999,43.9096448540001 -67.376347617,43.9183036110001 -67.3732174689999,43.92696227 -67.370086413,43.9356208290001 -67.3669544479999,43.9442792890001 -67.363821574,43.9529376510001 -67.36068779,43.9615959130001 -67.3575530959999,43.9702540750001 -67.3544174909999,43.978912139 -67.351280975,43.987570104 -67.348143546,43.9962279700001 -67.3450052059999,44.0048857350001 -67.341865952,44.013543402 -67.338725785,44.022200969 -67.3355847029999,44.0308584370001 -67.332442708,44.0395158050001 -67.3292997949999,44.048173073 -67.3261559699999,44.056830242 -67.3230112259999,44.065487311 -67.319865566,44.074144281 -67.31671899,44.0828011500001 -67.313571494,44.09145792 -67.31042308,44.10011459 -67.3072737489999,44.1087711600001 -67.304123497,44.1174276300001 -67.300972326,44.126084 -67.297820234,44.1347402700001 -67.2946672209999,44.1433964390001 -67.291513287,44.1520525080001 -67.28835843,44.1607084770001 -67.28520265,44.1693643460001 -67.282045948,44.178020114 -67.2788883219999,44.1866757820001 -66.98257,44.69609 -66.91069,44.75004 -66.902554774,44.776569932</coordinates></LineString></MultiGeometry>
  </Placemark>
  <Placemark>
	<Style><LineStyle><color>ff0000ff</color></LineStyle><PolyStyle><fill>0</fill></PolyStyle></Style>
	<ExtendedData><SchemaData schemaUrl="#Canada_and_US_Border">
		<SimpleData name="FID">1</SimpleData>
		<SimpleData name="SectionNum">1</SimpleData>
		<SimpleData name="SectionEng">Passamaquoddy Bay</SimpleData>
		<SimpleData name="SectionFre">Baie de Passamaquoddy</SimpleData>
		<SimpleData name="MaxScale">1:24,000</SimpleData>
		<SimpleData name="Shape_Leng">0.455203052461</SimpleData>
		<SimpleData name="GlobalID">{5C2A4304-5264-4450-980F-6C91C5CD24CA}</SimpleData>
		<SimpleData name="SHAPE_Length">0.455203166141125</SimpleData>
	</SchemaData></ExtendedData>
      <MultiGeometry><LineString><coordinates>-66.902554774,44.776569932 -66.885415,44.794201195 -66.9325599269999,44.825515109 -66.965302529,44.828869529 -66.974862173,44.8416144810001 -66.974774743,44.850980753 -66.9800003249999,44.859354034 -66.980040056,44.8594176440001 -66.980708705,44.8604887440001 -66.982131876,44.867267295 -66.9800001959999,44.877454927 -66.972223054,44.8947843610001 -66.968710534,44.9103985840001 -66.9968454849999,44.9283795860001 -67.0099899799999,44.944770959 -67.021664814,44.95392345 -67.094550735,45.07452205 -67.1125583739999,45.1125930260001</coordinates></LineString></MultiGeometry>
  </Placemark>
  <Placemark>
	<Style><LineStyle><color>ff0000ff</color></LineStyle><PolyStyle><fill>0</fill></PolyStyle></Style>
	<ExtendedData><SchemaData schemaUrl="#Canada_and_US_Border">
		<SimpleData name="FID">2</SimpleData>
		<SimpleData name="SectionNum">2</SimpleData>
		<SimpleData name="SectionEng">St. Croix River</SimpleData>
		<SimpleData name="SectionFre">Rivière St. Croix</SimpleData>
		<SimpleData name="MaxScale">1:12,000</SimpleData>
		<SimpleData name="Shape_Leng">2.20570438686</SimpleData>
		<SimpleData name="GlobalID">{C54A2C6F-6D6C-488C-BAA8-1118F59D59E6}</SimpleData>
		<SimpleData name="SHAPE_Length">2.20570497214166</SimpleData>
	</SchemaData></ExtendedData>
      <MultiGeometry><LineString><coordinates>-67.1125583739999,45.1125930260001 -67.12875796,45.1322785190001 -67.1448886859999,45.1459123610001 -67.158778812,45.162002854 -67.167847685,45.1646706240001 -67.190757553,45.165605924 -67.192683454,45.166197583 -67.202788257,45.171366413 -67.205083889,45.1714178030001 -67.2086186889999,45.1693483940001 -67.2136449399999,45.167550643 -67.217961722,45.1665845520001 -67.223161874,45.1633723530001 -67.227283385,45.1634381920001 -67.229774576,45.164854292 -67.232901378,45.1685261920001 -67.235490919,45.1697128430001 -67.2410380699999,45.1709931030001 -67.2428089799999,45.172453633 -67.2439385719999,45.178266034 -67.2474265129999,45.180899314 -67.249599094,45.1812112550001 -67.255303506,45.182869495 -67.2622430279999,45.187951556 -67.2692158409999,45.190516706 -67.2720206819999,45.191215266 -67.2746221629999,45.1913396850001 -67.279009545,45.191125475 -67.283359726,45.1918687450001 -67.285107836,45.1913129050001 -67.2857889369999,45.1899540360001 -67.287027027,45.1891259860001 -67.289715448,45.188800675 -67.290992698,45.1875812440001 -67.2901612479999,45.186139344 -67.290981828,45.185832674 -67.290961818,45.1854018540001 -67.2912779279999,45.185039354 -67.291221798,45.1843179840001 -67.2915787489999,45.1839557640001 -67.2916190189999,45.183529934 -67.291277049,45.182576903 -67.290730058,45.1816674830001 -67.294044808,45.177175322 -67.293520039,45.175867302 -67.291105488,45.1745801320001 -67.2914326869999,45.1729187720001 -67.291427087,45.1710449220001 -67.293199648,45.1706874110001 -67.294801649,45.1705257310001 -67.296827819,45.1701001710001 -67.299340671,45.169189331 -67.3026851609999,45.1607216290001 -67.301624271,45.157004999 -67.2975735589999,45.1554889380001 -67.294225377,45.1536414880001 -67.294740378,45.1496887370001 -67.295974029,45.1478454080001 -67.3000819389999,45.146193727 -67.305371021,45.144907576 -67.3097758919999,45.143664496 -67.320010426,45.142411085 -67.3196998559999,45.1411708260001 -67.3179004949999,45.1383442950001 -67.317700885,45.138030315 -67.3205814949999,45.131859294 -67.3208226359999,45.1313439630001 -67.3305060389999,45.1318108240001 -67.336014311,45.1283719030001 -67.340845623,45.125051032 -67.3427976529999,45.125943772 -67.3459941839999,45.126461783 -67.349164625,45.1295047620001 -67.353443147,45.1291747020001 -67.357530558,45.1322129430001 -67.356560798,45.132999053 -67.36358225,45.137653904 -67.370679803,45.142011804 -67.372511834,45.1438661940001 -67.3780582159999,45.149822435 -67.380718628,45.1521534760001 -67.383077067,45.1519853950001 -67.392877512,45.1544024360001 -67.3946792629999,45.155884056 -67.401360124,45.158753086 -67.402490525,45.1595072970001 -67.402702695,45.159649437 -67.405028076,45.160073287 -67.4057806169999,45.1629574070001 -67.404768646,45.166785987 -67.4043266859999,45.1669459880001 -67.399197595,45.1689638080001 -67.398328174,45.173389839 -67.400519995,45.17767666 -67.406540267,45.1789132100001 -67.4114760799999,45.18255279 -67.4133636999999,45.1854199210001 -67.41522768,45.1868107010001 -67.418114772,45.190006442 -67.426872035,45.191525202 -67.429266306,45.1934745820001 -67.428721087,45.199678083 -67.427967746,45.201800824 -67.430733996,45.206155154 -67.4309201469999,45.2091989850001 -67.4353300989999,45.2161046360001 -67.4372910399999,45.219918437 -67.43698939,45.2227467160001 -67.43931365,45.2247794370001 -67.4393022799999,45.226136357 -67.440438721,45.2277354780001 -67.442280462,45.229080158 -67.447355954,45.2331350380001 -67.4491871549999,45.236594129 -67.453847347,45.2412434390001 -67.455640747,45.2419017490001 -67.4600800589999,45.242010599 -67.46191263,45.242711119 -67.464197441,45.2451243900001 -67.466805342,45.2495873510001 -67.468517632,45.2506617610001 -67.468950733,45.2532875310001 -67.471152764,45.2551802520001 -67.4731117439999,45.258645442 -67.4714903239999,45.260716802 -67.471811453,45.2616451120001 -67.4747835049999,45.263286173 -67.4752524359999,45.265878894 -67.4764302849999,45.269064374 -67.476154175,45.269905194 -67.4759913949999,45.2704960140001 -67.475773616,45.271310724 -67.477157577,45.2738809350001 -67.476420906,45.275405355 -67.4773301069999,45.2758958950001 -67.478801528,45.2752339560001 -67.479076817,45.2752214550001 -67.481708559,45.2753573150001 -67.482028858,45.275374485 -67.483503658,45.2794627260001 -67.489043841,45.2805834960001 -67.489663042,45.282142906 -67.4858713099999,45.2870244970001 -67.48639385,45.289899437 -67.4850791,45.2911616470001 -67.4812123089999,45.2911069580001 -67.477931907,45.2883234170001 -67.476108246,45.2886428670001 -67.474712396,45.291686708 -67.472102606,45.2922153280001 -67.470815075,45.293319479 -67.467418584,45.2934189480001 -67.466124653,45.2938683880001 -67.465957464,45.2968947190001 -67.468701715,45.297383859 -67.468066715,45.2990041100001 -67.465831935,45.2998105 -67.4628004429999,45.29933636 -67.460305932,45.3000280300001 -67.4597434519999,45.3031807410001 -67.4587387019999,45.304374061 -67.459224292,45.305691531 -67.4578626219999,45.3096009020001 -67.45346503,45.313700843 -67.451837251,45.317691333 -67.4521089409999,45.3192799030001 -67.452966751,45.3204273740001 -67.455449072,45.3223856540001 -67.456273832,45.323524514 -67.4569080329999,45.325264195 -67.455454952,45.3271505550001 -67.4520312509999,45.3282836050001 -67.45078761,45.3291677660001 -67.4464530499999,45.3299349960001 -67.443601308,45.3308777660001 -67.441849608,45.3324591360001 -67.442033518,45.333932996 -67.4414760079999,45.335163526 -67.440604048,45.3360462960001 -67.4364211769999,45.338831547 -67.434618915,45.340066817 -67.431224104,45.341081538 -67.428847965,45.344349278 -67.428930764,45.3457395290001 -67.430453325,45.347910589 -67.431455045,45.3497716690001 -67.4306589239999,45.3510685900001 -67.428649154,45.35171832 -67.428207485,45.3525941400001 -67.4285402749999,45.353484951 -67.428754735,45.3539249400001 -67.4285702939999,45.3547621500001 -67.427228594,45.35529854 -67.4254546729999,45.356595751 -67.425351624,45.357423511 -67.430196506,45.3595367820001 -67.430973195,45.3601223220001 -67.431710446,45.360528141 -67.433027696,45.3604139710001 -67.433552716,45.3608272910001 -67.433656367,45.3634678010001 -67.4345275169999,45.3649722220001 -67.432146356,45.367040532 -67.4323349869999,45.368072173 -67.430166915,45.3716265740001 -67.427741865,45.3729154540001 -67.426751285,45.3736890540001 -67.425372355,45.3729796330001 -67.422756733,45.3730068740001 -67.421132523,45.3735802030001 -67.4196489029999,45.3754785150001 -67.419234182,45.377113765 -67.422819864,45.3792964850001 -67.423072094,45.379978136 -67.422734883,45.3812275650001 -67.424089925,45.382051706 -67.425003854,45.3836580650001 -67.426328075,45.385518576 -67.426798415,45.389766557 -67.427639836,45.391025417 -67.429704627,45.3919462270001 -67.432402778,45.394791157 -67.4384602,45.3990485480001 -67.440078871,45.4011621080001 -67.442380332,45.402927339 -67.445184303,45.405114229 -67.446889363,45.406763079 -67.450651146,45.4091238390001 -67.452725926,45.4096863190001 -67.456263817,45.41344123 -67.456417167,45.4144189900001 -67.457876368,45.4146400910001 -67.459140568,45.41579089 -67.4593794789999,45.417434471 -67.461127849,45.419316091 -67.4602419889999,45.4204510710001 -67.4603903289999,45.4211955010001 -67.461240899,45.4222379720001 -67.46238926,45.4226062910001 -67.4639406809999,45.4224146110001 -67.46573739,45.4225990420001 -67.4668071409999,45.4224665420001 -67.468191061,45.4227856910001 -67.470226382,45.4226842910001 -67.4726750529999,45.4232298210001 -67.474110084,45.4250994920001 -67.4743628639999,45.426191691 -67.475427885,45.4288319030001 -67.4775193249999,45.430537133 -67.477114585,45.431394062 -67.477426265,45.4328154230001 -67.478502396,45.4343512130001 -67.4789374059999,45.435733123 -67.4781359959999,45.4368764440001 -67.479978257,45.4394366540001 -67.4803890969999,45.440944394 -67.479833527,45.441421894 -67.4775837559999,45.441631344 -67.4764670559999,45.443330765 -67.477898196,45.4464373550001 -67.4822844079999,45.4481006250001 -67.4831688689999,45.4492508750001 -67.483961388,45.449411146 -67.484234449,45.4512355460001 -67.4850266889999,45.452768006 -67.4852175199999,45.455293517 -67.484945849,45.4563532170001 -67.482496618,45.4571071070001 -67.482104389,45.4594051170001 -67.483653029,45.4620797680001 -67.4851900099999,45.463882218 -67.48629003,45.464741358 -67.4863333599999,45.4659807780001 -67.487226721,45.467737959 -67.4903187319999,45.4693776290001 -67.490501232,45.4701887190001 -67.490894302,45.4704364890001 -67.4926937819999,45.471080079 -67.4949449439999,45.472845299 -67.497017494,45.47591106 -67.4992783759999,45.4770138000001 -67.5009470259999,45.4789482 -67.5014873069999,45.4827114600001 -67.502653446,45.483834491 -67.502871507,45.4858216710001 -67.5037131879999,45.4867136020001 -67.503455677,45.489577981 -67.5029776169999,45.4899129820001 -67.501026177,45.490408803 -67.500063096,45.4909090620001 -67.4971813659999,45.490301593 -67.495097425,45.4886969120001 -67.4911412229999,45.489225542 -67.489532292,45.489163612 -67.488167092,45.4911860030001 -67.488113642,45.4912130230001 -67.489217003,45.4930657530001 -67.486268872,45.494733513 -67.485490241,45.4956093440001 -67.483829651,45.495414354 -67.4830510209999,45.4941010530001 -67.4816912699999,45.493814123 -67.48032707,45.4947580040001 -67.4795762099999,45.4962224240001 -67.477594499,45.497056865 -67.476326418,45.496893265 -67.474180248,45.496136634 -67.4733016169999,45.496071914 -67.471392967,45.497248014 -67.467542045,45.4951839140001 -67.463733614,45.497065295 -67.4645697449999,45.4983230350001 -67.467633426,45.4984013540001 -67.470468497,45.4995268650001 -67.471235717,45.5008604450001 -67.470290677,45.502124585 -67.4704942769999,45.5030931750001 -67.471130377,45.504182316 -67.469887547,45.505819236 -67.4684866859999,45.505400916 -67.466914146,45.505802036 -67.4665588459999,45.506737856 -67.4635701349999,45.5083667270001 -67.462254554,45.508042577 -67.461968175,45.506985376 -67.4607609339999,45.5062001270001 -67.4538414309999,45.500233075 -67.45158693,45.4990811650001 -67.4497143899999,45.4990967350001 -67.44891878,45.502135846 -67.449982371,45.505212446 -67.4531426899999,45.507129046 -67.4534579419999,45.5088573460001 -67.452956811,45.5092617870001 -67.45014201,45.5102759480001 -67.44799502,45.5098159770001 -67.4419235669999,45.5052486060001 -67.4370698449999,45.5051167060001 -67.434470365,45.5034217570001 -67.432396414,45.5038339860001 -67.430613603,45.5030878970001 -67.430790863,45.501372657 -67.430108633,45.501031556 -67.427336622,45.5009260260001 -67.426559642,45.502206276 -67.424472341,45.5036626570001 -67.4252242909999,45.504904567 -67.422815611,45.505505127 -67.418009169,45.5012110870001 -67.416209129,45.5013055370001 -67.416496308,45.504330198 -67.42092825,45.5118000080001 -67.425013871,45.5138877190001 -67.426406932,45.5151946290001 -67.425686893,45.5171312590001 -67.428537203,45.5190303700001 -67.432112565,45.519212279 -67.432697005,45.51979004 -67.432484755,45.5212911200001 -67.4318097239999,45.5225863810001 -67.431741925,45.5238066300001 -67.433020825,45.5248791010001 -67.4348622059999,45.5281459600001 -67.435130766,45.531596171 -67.4343598959999,45.532776982 -67.4347406959999,45.5358946920001 -67.433744546,45.5369424620001 -67.432470576,45.5404168430001 -67.4308363649999,45.540707953 -67.429204114,45.5403163140001 -67.428573554,45.5398213230001 -67.4273287939999,45.540322153 -67.425883214,45.539872453 -67.425075963,45.5402674530001 -67.425484844,45.5414729830001 -67.4243017439999,45.542995734 -67.4237239029999,45.5461853950001 -67.4238983339999,45.547029265 -67.420663782,45.549685905 -67.422676543,45.5537769160001 -67.4220523229999,45.556541586 -67.4232314939999,45.5580079360001 -67.424850114,45.559407897 -67.4265392949999,45.560612856 -67.426953726,45.562321147 -67.426602875,45.5630733570001 -67.427493985,45.564004997 -67.428173436,45.565124977 -67.428106166,45.5676090870001 -67.428871456,45.5683454580001 -67.428892006,45.5686898980001 -67.427678355,45.5693012780001 -67.4231943349999,45.5716020990001 -67.423985155,45.5738100990001 -67.425374306,45.5768808600001 -67.425527616,45.5784416600001 -67.430981817,45.584112341 -67.433619359,45.58579396 -67.443138403,45.593842072 -67.445256204,45.596387292 -67.447325964,45.596615602 -67.450019046,45.602474923 -67.456703627,45.604349013 -67.46499991,45.603445073 -67.468490271,45.6006895420001 -67.472486192,45.6005253530001 -67.477182945,45.6039185930001 -67.486015358,45.6014227420001 -67.490821849,45.6007874420001 -67.4913260289999,45.6013340920001 -67.4932894,45.601352972 -67.49410721,45.5989471720001 -67.4917110499999,45.5985141420001 -67.490373529,45.5970439020001 -67.4877465279999,45.596973361 -67.487958208,45.5958319910001 -67.488569328,45.5950608910001 -67.489448238,45.593713961 -67.491132449,45.593244241 -67.491506079,45.59090816 -67.4990229109999,45.586662909 -67.5192403789999,45.5876922690001 -67.535210504,45.5950520900001 -67.547995278,45.59785672 -67.557077181,45.5969817100001 -67.557769432,45.5948303590001 -67.561688423,45.594702569 -67.583222311,45.6022787300001 -67.589857504,45.60679279 -67.60837557,45.606158319 -67.631792629,45.621376782 -67.639100062,45.6251244520001 -67.643954933,45.6231567020001 -67.6397753909999,45.6160918910001 -67.645566413,45.6133483300001 -67.66327745,45.625368801 -67.666235321,45.624233271 -67.675230864,45.6307500230001 -67.6797837459999,45.638230353 -67.6924007499999,45.650080545 -67.691314311,45.6535440650001 -67.6979403129999,45.659563587 -67.701390405,45.6690672080001 -67.706169487,45.6735467980001 -67.710539119,45.6792119090001 -67.709571609,45.6813360300001 -67.71307311,45.68119768 -67.717813232,45.679418809 -67.721915063,45.68243038 -67.723138724,45.684127 -67.723761254,45.68446893 -67.725299644,45.68552112 -67.7254015939999,45.6861016600001 -67.725434094,45.686232771 -67.725846895,45.6866416400001 -67.7261091249999,45.687042741 -67.726254695,45.6873780110001 -67.726810545,45.6878730010001 -67.726977495,45.6880577100001 -67.7270483349999,45.6884757610001 -67.727427795,45.688764081 -67.728013656,45.6888538010001 -67.7282511659999,45.6892532310001 -67.728888126,45.6892076710001 -67.7293617559999,45.6892193410001 -67.7307309559999,45.6889632210001 -67.734549968,45.6889304210001 -67.7334971069999,45.6840441590001 -67.7299544159999,45.6766854790001 -67.726431224,45.6735119680001 -67.723705293,45.672200618 -67.7234933129999,45.6700006780001 -67.7179414509999,45.667671038 -67.71806534,45.6657255370001 -67.717604501,45.665146947 -67.7184392509999,45.6647111170001 -67.7187842609999,45.6644233470001 -67.7190120509999,45.6638166970001 -67.719425961,45.6633511570001 -67.719659301,45.6629792160001 -67.719810701,45.6624639560001 -67.720072101,45.662273686 -67.720583501,45.6621734060001 -67.7210793519999,45.662056186 -67.721531311,45.662118676 -67.7219035419999,45.662313397 -67.7220974319999,45.662531997 -67.7224960519999,45.662925037 -67.723323572,45.663496406 -67.7237727529999,45.6639647270001 -67.724944453,45.6641755470001 -67.725159183,45.6638986070001 -67.725197242,45.6636947260001 -67.725755873,45.6633866760001 -67.727228704,45.6626489160001 -67.727599275,45.662879466 -67.728270954,45.663001126 -67.7283517939999,45.6630158460001 -67.7291465339999,45.663159996 -67.7312768749999,45.663629697 -67.732474415,45.663389426 -67.7340964059999,45.664658827 -67.735688107,45.666928467 -67.7387307079999,45.6676870470001 -67.7444212199999,45.672925488 -67.74691904,45.6706088670001 -67.754275403,45.667574476 -67.768717749,45.6774972270001 -67.803628311,45.677660437 -67.8180956259999,45.6937455290001 -67.803108122,45.6960513600001 -67.8097210449999,45.729456596 -67.7819853669999,45.731088867 -67.793163662,45.75052556 -67.806269426,45.7552540400001 -67.8093116169999,45.767366042 -67.805511797,45.7695512920001 -67.803851887,45.7811116550001 -67.8064815779999,45.7944155870001 -67.802116537,45.8030443380001 -67.781465211,45.815489201 -67.780850191,45.815371982 -67.780341021,45.815820031 -67.7806276909999,45.817419402 -67.780690501,45.8177661120001 -67.77810182,45.8192183130001 -67.772172478,45.819443332 -67.767525927,45.818450033 -67.765640315,45.8185436520001 -67.764179455,45.819993353 -67.763406935,45.820236413 -67.762319124,45.820375583 -67.761352164,45.8212541830001 -67.755317282,45.8233591630001 -67.763772886,45.8288482040001 -67.764122367,45.830517904 -67.764001266,45.8310962240001 -67.764114327,45.8314817740001 -67.765496046,45.832102584 -67.7654804969999,45.833148405 -67.7651255059999,45.8340781050001 -67.765229677,45.8344317150001 -67.766803898,45.834830035 -67.766454457,45.835796406 -67.766620307,45.8363269550001 -67.768310647,45.837221926 -67.7692737479999,45.8382213560001 -67.768803748,45.8390135660001 -67.770534089,45.839826316 -67.7711863389999,45.8406185260001 -67.77145469,45.8411854560001 -67.771937209,45.8415568360001 -67.7739433899999,45.8418615460001 -67.7745922999999,45.8423948660001 -67.77628598,45.8433523460001 -67.777052671,45.8433076160001 -67.777540191,45.8434440070001 -67.7795230519999,45.844987857 -67.7813364529999,45.846024217 -67.782464273,45.846329487 -67.785469394,45.848591937 -67.787281965,45.849564408 -67.789916806,45.8519368570001 -67.791018247,45.853490988 -67.791313277,45.854572358 -67.793793658,45.8566448180001 -67.794212289,45.857167578 -67.794197028,45.8580092280001 -67.7946575989999,45.8585175580001 -67.795641249,45.859008379 -67.796270448,45.859698639 -67.7971140889999,45.860033909 -67.797300209,45.8605547290001 -67.796941599,45.8610627790001 -67.796090189,45.861433049 -67.795928799,45.8618116590001 -67.796291869,45.8622191490001 -67.7981397189999,45.863218289 -67.798504189,45.86405633 -67.7979938999999,45.8643685490001 -67.7968905289999,45.8643927190001 -67.7962349589999,45.8648135490001 -67.796148859,45.865251599 -67.796637489,45.8657607490001 -67.7980067,45.86620602 -67.799105361,45.8669007190001 -67.800119281,45.86711182 -67.800743471,45.86760709 -67.8020179499999,45.86742709 -67.802961051,45.8680293 -67.802976612,45.8685884510001 -67.803498852,45.86888845 -67.804310272,45.869137881 -67.804547782,45.8693887100001 -67.804299452,45.8697262100001 -67.8034197009999,45.8701131510001 -67.803224701,45.8703442600001 -67.804006952,45.8709495200001 -67.8040258519999,45.8714636810001 -67.803563622,45.8721711700001 -67.804722012,45.873136421 -67.8048042619999,45.875292491 -67.8045003719999,45.8756494310001 -67.8038203529999,45.8760716510001 -67.803747862,45.876324981 -67.804074822,45.8768683010001 -67.804315123,45.8779205020001 -67.804128173,45.8783943810001 -67.804319302,45.878967152 -67.8037142919999,45.879686312 -67.8040818229999,45.880722952 -67.804030712,45.8813943320001 -67.8036301619999,45.8821393220001 -67.803972673,45.882484312 -67.8039090729999,45.882906532 -67.803124333,45.8835001320001 -67.8029596119999,45.8838515130001 -67.8026704329999,45.883909293 -67.802082352,45.8836854130001 -67.801748732,45.8832543130001 -67.8015578919999,45.883197082 -67.800320351,45.883465142 -67.800113411,45.8836301430001 -67.7999864719999,45.884114573 -67.798861991,45.8843323520001 -67.798785601,45.884577903 -67.7992489609999,45.885009843 -67.797974201,45.8854156730001 -67.798001991,45.885810113 -67.7974994799999,45.8864773240001 -67.79749893,45.886865363 -67.79715559,45.8872434140001 -67.79689059,45.887856743 -67.7964067,45.888196733 -67.7963377999999,45.8883350630001 -67.79617752,45.8883436830001 -67.79541749,45.8878259140001 -67.79521554,45.8878228630001 -67.794756919,45.8882717440001 -67.79442331,45.8886631240001 -67.79433054,45.889145344 -67.79367524,45.8893850630001 -67.793340789,45.8896572740001 -67.7934024689999,45.8901786540001 -67.793288299,45.8904372640001 -67.7924305,45.890800875 -67.792262719,45.8908939240001 -67.792142719,45.890825874 -67.7919543789999,45.8908053150001 -67.791854929,45.890917814 -67.791907709,45.8911094740001 -67.791650209,45.891205864 -67.791104908,45.8912558640001 -67.7907818479999,45.891219484 -67.790458228,45.891315315 -67.789857378,45.8918455850001 -67.789728768,45.892055585 -67.789731839,45.892672514 -67.789985739,45.8932302850001 -67.7881276479999,45.8942161040001 -67.7877670789999,45.894466655 -67.7875134669999,45.8946899850001 -67.7867539979999,45.894577215 -67.786460377,45.8947038740001 -67.785842037,45.895379975 -67.7843792159999,45.8957255350001 -67.7824144159999,45.8944813950001 -67.779252105,45.8945927950001 -67.778956555,45.895796665 -67.7789290649999,45.896882196 -67.7780779449999,45.8975380260001 -67.7771034639999,45.8976410750001 -67.776468704,45.8959172250001 -67.7738828029999,45.8966997150001 -67.773803363,45.8971136060001 -67.7732905629999,45.8970105450001 -67.772687503,45.8977449860001 -67.771789692,45.8976941550001 -67.7708810519999,45.897285276 -67.770167972,45.8972638860001 -67.769429072,45.8977947160001 -67.769071561,45.897879156 -67.7689760009999,45.8978286060001 -67.7680526409999,45.8981211060001 -67.7678637509999,45.898331376 -67.767905701,45.8985416560001 -67.768076821,45.8987602560001 -67.768308221,45.898882196 -67.768826852,45.898901917 -67.768756582,45.8995938560001 -67.768464071,45.8998588470001 -67.768638532,45.900354947 -67.7693549419999,45.9003518970001 -67.769525232,45.900818267 -67.769328011,45.9012332660001 -67.768791881,45.9014338170001 -67.7686643819999,45.9015340970001 -67.768583001,45.9022090870001 -67.7683474419999,45.9024021370001 -67.7683410619999,45.9027646270001 -67.7686696819999,45.903192957 -67.768236632,45.904565157 -67.7675419019999,45.905440137 -67.7667491019999,45.9052568070001 -67.7664413209999,45.905399867 -67.766284372,45.905587918 -67.7664057709999,45.9058817970001 -67.766020482,45.906221798 -67.766057721,45.9070987270001 -67.76520604,45.9078328780001 -67.76481269,45.9079867680001 -67.764784381,45.9091128580001 -67.7653241209999,45.909761738 -67.765019391,45.9098039580001 -67.7641938099999,45.9095478580001 -67.76403547,45.909762018 -67.76411326,45.9104550590001 -67.763911321,45.910646168 -67.7627837799999,45.910500068 -67.7626626599999,45.9103836780001 -67.762628219,45.9102508980001 -67.76245349,45.910082849 -67.76231376,45.910040908 -67.76213014,45.910147018 -67.76205126,45.910375349 -67.7619054199999,45.9104895080001 -67.76173736,45.9104786780001 -67.761442629,45.910232018 -67.7612976199999,45.909780079 -67.76039453,45.9096331380001 -67.760090909,45.909865918 -67.76003675,45.909965078 -67.7599284089999,45.909996468 -67.759783689,45.910156188 -67.759664239,45.9102172990001 -67.759620629,45.9102853580001 -67.7593903389999,45.9104022990001 -67.758778669,45.910871179 -67.7587733889999,45.911093398 -67.758634499,45.911189789 -67.758567559,45.911381169 -67.758346998,45.9114997790001 -67.7582761589999,45.9117358890001 -67.7580989379999,45.911876169 -67.758019498,45.912146718 -67.757931989,45.912258939 -67.757694489,45.9122444880001 -67.757248638,45.912000059 -67.756865018,45.9120506090001 -67.756114708,45.911856168 -67.755777198,45.911698679 -67.755369408,45.911669239 -67.755397748,45.9119075580001 -67.755587197,45.9120917290001 -67.755485257,45.9122850590001 -67.754919408,45.9122817190001 -67.7547049569999,45.912466169 -67.754649678,45.912607549 -67.7547027379999,45.9128203290001 -67.754584677,45.9129903190001 -67.754263838,45.9131972690001 -67.754116617,45.913515869 -67.754369137,45.913880309 -67.7542527369999,45.9139891990001 -67.753755228,45.91385726 -67.7536038379999,45.913965309 -67.753735507,45.9142814190001 -67.752922438,45.9146205800001 -67.752247686,45.9146416900001 -67.7521207469999,45.91473641 -67.7521137969999,45.914883069 -67.752375757,45.91510307 -67.7523038159999,45.915260849 -67.7518276869999,45.9154744590001 -67.7518435269999,45.9157052800001 -67.752471607,45.9162624890001 -67.752460497,45.91643443 -67.752134107,45.9164313790001 -67.7517204759999,45.9162675000001 -67.7515132469999,45.91628166 -67.7513871369999,45.9164936000001 -67.751411866,45.91678554 -67.751693266,45.9170772000001 -67.751663827,45.91729165 -67.751415487,45.917393309 -67.750939076,45.91727359 -67.750796017,45.9173947 -67.750650186,45.9174813700001 -67.750628246,45.9176458100001 -67.7507824159999,45.91775886 -67.751167427,45.9178233000001 -67.751339657,45.9180419100001 -67.751443546,45.91820691 -67.751596886,45.91828718 -67.751661617,45.9184119000001 -67.751563287,45.9184982900001 -67.751783287,45.91867496 -67.7523185869999,45.91885412 -67.752533317,45.9188705010001 -67.7526599879999,45.91899578 -67.752524707,45.9192688300001 -67.752538327,45.91942049 -67.752277207,45.9194541100001 -67.7523630379999,45.9195888310001 -67.7528249969999,45.91974243 -67.7528138879999,45.9198049300001 -67.752959736,45.9202154800001 -67.7533728069999,45.92044409 -67.753394757,45.9205079700001 -67.753673378,45.920603811 -67.753723657,45.9207674100001 -67.753520867,45.9208568600001 -67.7535439279999,45.92101519 -67.753687548,45.9211110210001 -67.7538489469999,45.921334351 -67.7539589479999,45.9213496310001 -67.754075058,45.9213196310001 -67.7544384079999,45.9214440710001 -67.754951478,45.92144045 -67.755036488,45.9215657300001 -67.755132879,45.92169906 -67.755364548,45.9217068400001 -67.7555106679999,45.9218971110001 -67.755792898,45.9219473910001 -67.756020409,45.92189739 -67.7562404079999,45.9220773810001 -67.756093748,45.9222643310001 -67.756267639,45.92235127 -67.756409038,45.9223882110001 -67.7565062589999,45.9225646 -67.7572129489999,45.922591821 -67.7574904589999,45.9226076510001 -67.757721579,45.9226301510001 -67.757749079,45.92280987 -67.7578482489999,45.9228673700001 -67.7578804789999,45.922950701 -67.7581193679999,45.9231148600001 -67.758116039,45.9232579110001 -67.7583757689999,45.9233395800001 -67.758400219,45.9235801310001 -67.7585554999999,45.9237934610001 -67.75874523,45.9238748500001 -67.7589249599999,45.9240898410001 -67.758875799,45.9243998410001 -67.7586191299999,45.9244837210001 -67.7585810689999,45.924702331 -67.758487179,45.9247990010001 -67.758647749,45.9249242720001 -67.75848691,45.9251178810001 -67.7585366389999,45.925404271 -67.7585119199999,45.925489821 -67.758406909,45.925550651 -67.758524139,45.925661211 -67.758331359,45.925818151 -67.7583002499999,45.9260545320001 -67.75849498,45.926209251 -67.75855609,45.9263884210001 -67.758803329,45.9264811910001 -67.7589716589999,45.9265211920001 -67.759190839,45.926601191 -67.75938279,45.9265598010001 -67.7594389,45.926508132 -67.75960946,45.9264895210001 -67.7596916809999,45.9264170210001 -67.759855301,45.9264306320001 -67.76019781,45.9266514610001 -67.76037365,45.9266756320001 -67.7603630999999,45.9269056210001 -67.76044533,45.927268671 -67.76076062,45.927484502 -67.7610911899999,45.927618941 -67.76131953,45.9276150520001 -67.761420921,45.927658111 -67.761553141,45.927595051 -67.761659251,45.927493111 -67.762013441,45.9276564410001 -67.7622528909999,45.9276828320001 -67.762454561,45.927753941 -67.762520401,45.9278606010001 -67.7629512409999,45.9279075410001 -67.763207081,45.927942821 -67.7633312519999,45.9278947710001 -67.763598212,45.9278947710001 -67.763740711,45.9278631020001 -67.7638273809999,45.9280383720001 -67.763979891,45.9280969810001 -67.764134892,45.9280736520001 -67.764528242,45.9281061520001 -67.764724072,45.928113092 -67.764828242,45.9281303120001 -67.764999642,45.928108652 -67.7651335319999,45.9280203110001 -67.765397982,45.927945591 -67.765837443,45.927931701 -67.765954662,45.9279755910001 -67.766061612,45.9279714210001 -67.7662391229999,45.9280411410001 -67.766192452,45.928232811 -67.766402462,45.928461412 -67.7661766219999,45.928603631 -67.766181902,45.928798912 -67.766336353,45.928848632 -67.7663141319999,45.9289308510001 -67.7662441319999,45.9290030720001 -67.766189692,45.929141121 -67.765909962,45.929222232 -67.7656794019999,45.929435572 -67.765790792,45.9295264020001 -67.765686342,45.929593342 -67.7657280129999,45.9297186220001 -67.765659963,45.9298086210001 -67.765832742,45.9299072210001 -67.765810802,45.930038611 -67.765898022,45.930127772 -67.7658791329999,45.9302486120001 -67.765808583,45.930299991 -67.765836642,45.9304372220001 -67.7659360919999,45.9305455520001 -67.766097202,45.9305744320001 -67.766107763,45.9306241620001 -67.766238323,45.930708322 -67.7664136019999,45.930785541 -67.7664880519999,45.930722211 -67.766668333,45.9308091520001 -67.7667041719999,45.9308755420001 -67.766878343,45.9308555420001 -67.766936953,45.930962202 -67.7670822329999,45.931070531 -67.7673411339999,45.931068872 -67.767391693,45.931160252 -67.767374752,45.9312991420001 -67.7675580929999,45.931461642 -67.7675644829999,45.931603582 -67.767662263,45.931664692 -67.767583093,45.931722472 -67.767651153,45.9319171920001 -67.7679003329999,45.932062462 -67.768027553,45.932091632 -67.768081173,45.932172462 -67.768283394,45.932172182 -67.7683534029999,45.9322007920001 -67.768768133,45.9322046820001 -67.768855913,45.9321944020001 -67.7690311929999,45.9322094020001 -67.7690917529999,45.9321894020001 -67.769180644,45.932222182 -67.769276484,45.9321374520001 -67.7694317639999,45.9321288420001 -67.769455654,45.9320571820001 -67.769532044,45.9320274620001 -67.769526763,45.931916072 -67.769630934,45.9318827320001 -67.769813444,45.9319513520001 -67.769955384,45.931813291 -67.770099553,45.9318085720001 -67.770313174,45.931886342 -67.7704879039999,45.931837461 -67.7705212339999,45.9317769020001 -67.770730134,45.931816342 -67.7708279139999,45.9317799620001 -67.770945414,45.931672742 -67.771170694,45.9316674620001 -67.771357924,45.931796342 -67.771479594,45.931787183 -67.771733774,45.9319532820001 -67.771907664,45.931955782 -67.7719515539999,45.932123002 -67.772108514,45.9322996720001 -67.772029345,45.932473832 -67.771968784,45.9326346620001 -67.771910174,45.9326835520001 -67.7720143449999,45.9327852120001 -67.7720821249999,45.9328091020001 -67.772151295,45.932898542 -67.772272684,45.932947992 -67.772254915,45.933022432 -67.772301585,45.9331627120001 -67.772239084,45.9332574320001 -67.772104634,45.933303262 -67.772378255,45.9333782620001 -67.772423535,45.933487142 -67.772607705,45.9336257520001 -67.7725465949999,45.9337432520001 -67.7725438149999,45.9338713120001 -67.772743545,45.9339221430001 -67.772892164,45.934015473 -67.772871605,45.934090472 -67.7728346649999,45.934137972 -67.7729363349999,45.9342485220001 -67.773048285,45.9343315720001 -67.7730763449999,45.9344221330001 -67.773266625,45.934490462 -67.773296075,45.934574352 -67.7735199649999,45.934700182 -67.7734702449999,45.9348315620001 -67.773622745,45.934884342 -67.773828865,45.9348787820001 -67.773921925,45.9348040620001 -67.7740760949999,45.9348810120001 -67.774428885,45.9349346220001 -67.774506666,45.935032112 -67.774659446,45.9349365630001 -67.7748197349999,45.934947392 -67.7750216749999,45.934903782 -67.775104455,45.9347948920001 -67.775058895,45.9347385120001 -67.775088626,45.9345907320001 -67.7751344559999,45.9344651820001 -67.7752200149999,45.9343929620001 -67.775227796,45.9343185130001 -67.775358625,45.9343087930001 -67.775365016,45.9342126820001 -67.775392515,45.9341679620001 -67.775554466,45.934112133 -67.7757575259999,45.934182682 -67.775876416,45.934305732 -67.7761586459999,45.9343099020001 -67.776319206,45.934245182 -67.7763361569999,45.934170463 -67.7765436559999,45.9340960120001 -67.7768636659999,45.9341354520001 -67.776961726,45.934103512 -67.776984786,45.934020461 -67.7771092259999,45.9339562920001 -67.7771564559999,45.9340590730001 -67.7772175659999,45.9340704520001 -67.777502577,45.9340162920001 -67.7778367559999,45.9342168420001 -67.7778498069999,45.9343315620001 -67.777922867,45.9343423920001 -67.7778364769999,45.934521283 -67.777903707,45.9345590620001 -67.7780059259999,45.9345676730001 -67.7780506569999,45.934650162 -67.7779573179999,45.9349571120001 -67.777979267,45.9350218220001 -67.7779495469999,45.935070712 -67.777970657,45.935192102 -67.778086776,45.935263493 -67.778072606,45.9354384820001 -67.778297617,45.935688203 -67.778322347,45.9358762630001 -67.778302347,45.9361593130001 -67.7785037469999,45.9364248620001 -67.778722917,45.9366426330001 -67.778869587,45.9367331830001 -67.778935147,45.936944012 -67.779026818,45.937047072 -67.7789968169999,45.9372256730001 -67.779107658,45.9373373430001 -67.779210166,45.9375245630001 -67.779414617,45.937514003 -67.779507958,45.9377478920001 -67.779625177,45.937800393 -67.779532398,45.9380031630001 -67.7796976879999,45.9382301030001 -67.779944917,45.9382212130001 -67.780079648,45.938312882 -67.780162698,45.9383295420001 -67.7803438179999,45.9385348230001 -67.780509658,45.9387359230001 -67.7805268879999,45.9389712030001 -67.780476608,45.939124533 -67.780615497,45.939295922 -67.7804779969999,45.939578693 -67.7804871669999,45.939633133 -67.780393558,45.9398006330001 -67.780453838,45.939896183 -67.780429117,45.940030903 -67.780291618,45.940280343 -67.780346338,45.940399234 -67.780296618,45.940538953 -67.780320788,45.940676453 -67.780263008,45.9408220030001 -67.7803096769999,45.940927833 -67.780296897,45.9409856130001 -67.780332738,45.941105334 -67.780311908,45.9412258830001 -67.780460518,45.9413019930001 -67.780785248,45.941359774 -67.780823308,45.9414419930001 -67.780961368,45.941558383 -67.7809988779999,45.9416464330001 -67.781008038,45.9417117130001 -67.780796648,45.9417275430001 -67.780722478,45.941925043 -67.7806894289999,45.9421847630001 -67.780765268,45.942322533 -67.780857208,45.9423733740001 -67.7808502679999,45.9424855940001 -67.7809247179999,45.942636974 -67.781062498,45.942835303 -67.7810438879999,45.9429505840001 -67.781064998,45.943021973 -67.7810211079999,45.9430900240001 -67.7811158379999,45.9432677930001 -67.781246698,45.943459424</coordinates></LineString></MultiGeometry>
  </Placemark>
  <Placemark>
	<Style><LineStyle><color>ff0000ff</color></LineStyle><PolyStyle><fill>0</fill></PolyStyle></Style>
	<ExtendedData><SchemaData schemaUrl="#Canada_and_US_Border">
		<SimpleData name="FID">3</SimpleData>
		<SimpleData name="SectionNum">3</SimpleData>
		<SimpleData name="SectionEng">North Line</SimpleData>
		<SimpleData name="SectionFre">Ligne nord</SimpleData>
		<SimpleData name="MaxScale">1:24,000</SimpleData>
		<SimpleData name="Shape_Leng">1.12384606986</SimpleData>
		<SimpleData name="GlobalID">{92CB1995-884A-4558-82DE-9C744EC052AA}</SimpleData>
		<SimpleData name="SHAPE_Length">1.12384626155415</SimpleData>
	</SchemaData></ExtendedData>
      <MultiGeometry><LineString><coordinates>-67.781246698,45.943459424 -67.781235699,45.948970425 -67.781216699,45.956120426 -67.7812076989999,45.9595454270001 -67.7811967,45.963587427 -67.7811717,45.973990428 -67.78116045,45.98133747 -67.781138701,45.9869564310001 -67.7811247019999,45.9921094320001 -67.781110701,45.9961174330001 -67.7810807019999,46.004273434 -67.7810557019999,46.011084435 -67.7810327029999,46.017503436 -67.780999703,46.027015438 -67.780974703,46.0338234390001 -67.780957703,46.03784044 -67.780991704,46.045056441 -67.7810217049999,46.0500874420001 -67.7810217049999,46.0512344420001 -67.781032704,46.0539814430001 -67.781046706,46.056912443 -67.781052705,46.0579314440001 -67.781057705,46.0594654430001 -67.7810667059999,46.0606764440001 -67.781127705,46.0691034450001 -67.7811747059999,46.0755734460001 -67.781188706,46.077481447 -67.781199707,46.084834448 -67.781202707,46.085753448 -67.781207706,46.090026449 -67.7812167069999,46.0950624500001 -67.781230707,46.1022314510001 -67.7812357079999,46.106640451 -67.781250708,46.108999452 -67.781241708,46.1106674530001 -67.7812557089999,46.111739453 -67.781243709,46.112601453 -67.781243709,46.1133904530001 -67.781243709,46.1211374540001 -67.78124371,46.1298674560001 -67.78124371,46.132417457 -67.78124371,46.133131457 -67.78124371,46.1333904570001 -67.78124371,46.1342674570001 -67.78124371,46.1375984570001 -67.7812437109999,46.1435844580001 -67.7812437109999,46.146706459 -67.7812717099999,46.1520984590001 -67.781307711,46.1595674610001 -67.781352711,46.169448463 -67.781363711,46.1714374630001 -67.781368711,46.1725904640001 -67.781371712,46.1731234630001 -67.7813827109999,46.175728464 -67.781430713,46.185259466 -67.781455713,46.190240466 -67.7815077129999,46.197434468 -67.781557713,46.2047654690001 -67.7816187139999,46.2132654700001 -67.781646715,46.216812471 -67.781649715,46.2172514700001 -67.781652714,46.217592471 -67.781655714,46.217862471 -67.781668714,46.2195154710001 -67.781730715,46.225876472 -67.781738715,46.2268534730001 -67.7817707149999,46.229449473 -67.781785715,46.2318904740001 -67.781802715,46.2339204740001 -67.781821715,46.235837474 -67.781877715,46.2417924750001 -67.781918716,46.2462034760001 -67.781935716,46.248262476 -67.7819417169999,46.2506094770001 -67.7819637169999,46.260570478 -67.7819667169999,46.2627764790001 -67.7819857169999,46.2644734790001 -67.782057718,46.2705874800001 -67.7820937179999,46.27379548 -67.7821577189999,46.279106481 -67.782213719,46.2839124820001 -67.782243719,46.286417483 -67.7823357199999,46.2944594840001 -67.78237472,46.297756484 -67.782396719,46.299470484 -67.78247772,46.3057514860001 -67.78252472,46.309126486 -67.78261072,46.315548488 -67.782632721,46.3173234880001 -67.782638721,46.317648488 -67.7826437209999,46.318184488 -67.782716721,46.3235234890001 -67.782818721,46.331253491 -67.782896722,46.3371174920001 -67.782993722,46.3444064930001 -67.783055723,46.349092494 -67.783116723,46.353573494 -67.783166723,46.356653495 -67.783230724,46.360592495 -67.783324724,46.366270496 -67.7833497249999,46.367731496 -67.783493724,46.3765404980001 -67.783541725,46.379406498 -67.783560724,46.3805014980001 -67.783613725,46.3836874990001 -67.783771725,46.3934285010001 -67.783888726,46.4004515020001 -67.784010727,46.407803503 -67.784088727,46.4125535040001 -67.784121727,46.4144625050001 -67.784180727,46.4179765050001 -67.784210727,46.4196485050001 -67.7842827269999,46.423517507 -67.7843747269999,46.428540507 -67.784496729,46.434953508 -67.784546728,46.4376655080001 -67.784632729,46.442359509 -67.784671729,46.4442095100001 -67.784696729,46.4457875100001 -67.784713729,46.44648951 -67.784718728,46.446959511 -67.784763729,46.4494735110001 -67.7847747279999,46.4500565110001 -67.784780729,46.450292511 -67.7848327299999,46.4530925110001 -67.7848607289999,46.4545655110001 -67.7848997299999,46.4567705110001 -67.785027731,46.4635535130001 -67.78507473,46.466112513 -67.7851247309999,46.4684815140001 -67.785243731,46.474303514 -67.785277731,46.4757095150001 -67.7853057309999,46.477317516 -67.7853527309999,46.479517516 -67.785396732,46.481726516 -67.7855247319999,46.487984517 -67.785599732,46.491515518 -67.785713732,46.497090518 -67.7858327329999,46.5028235190001 -67.785885733,46.5054065200001 -67.785999733,46.5099675210001 -67.786155734,46.516123522 -67.786316733,46.5225235230001 -67.7864387339999,46.5274035240001 -67.7865107339999,46.530301525 -67.786624735,46.534873524 -67.7867277349999,46.5389285260001 -67.7868387349999,46.543390527 -67.7870742759999,46.5526303680001 -67.7870827359999,46.5531655280001 -67.787205737,46.5580205300001 -67.7873107359999,46.56220353 -67.7874827379999,46.5690925310001 -67.787646738,46.5756655320001 -67.787763738,46.5802625330001 -67.7877997379999,46.5817265330001 -67.787880738,46.5849175330001 -67.787999739,46.5896595340001 -67.7880827389999,46.5930315350001 -67.788252739,46.599928537 -67.7882667389999,46.6003905360001 -67.7882887389999,46.6013155360001 -67.788293739,46.604365537 -67.7883077399999,46.610031538 -67.788316741,46.613526538 -67.78831874,46.6156485390001 -67.78838574,46.6248285400001 -67.788432741,46.631473542 -67.788441741,46.632865542 -67.7884527419999,46.6349015420001 -67.788455741,46.6354065420001 -67.7884747419999,46.637962542 -67.788505742,46.642656544 -67.788527742,46.6457675440001 -67.788571743,46.6522265450001 -67.788578742,46.6529495450001 -67.7885819329999,46.6533488650001 -67.788591743,46.654806546 -67.788613743,46.6584905460001 -67.788646743,46.6632265470001 -67.788685743,46.6692375480001 -67.788710744,46.672892548 -67.788724744,46.6749765480001 -67.788727744,46.6756565480001 -67.788768745,46.6819515500001 -67.788802744,46.687001551 -67.788816745,46.6892425510001 -67.788855745,46.695417552 -67.788896745,46.702117554 -67.788921746,46.705948554 -67.7889357449999,46.7077625540001 -67.788960746,46.712784556 -67.7889747469999,46.714387555 -67.7890437469999,46.722870556 -67.789057747,46.7246705570001 -67.7890897469999,46.727858558 -67.789105747,46.730473558 -67.789149747,46.735984559 -67.789182748,46.739765559 -67.789232748,46.7458235600001 -67.789246748,46.7474265610001 -67.7892827479999,46.7519905620001 -67.789307749,46.7549655620001 -67.789318748,46.756029562 -67.78933275,46.758028563 -67.7893637499999,46.761806564 -67.789380749,46.763909563 -67.7893917499999,46.7653925640001 -67.7893967489999,46.7661205650001 -67.78943875,46.7710705650001 -67.7894777499999,46.7758315660001 -67.789510751,46.7800815670001 -67.78954375,46.7840015670001 -67.7895917509999,46.7897625680001 -67.789610752,46.7920655680001 -67.7896134009999,46.792469919 -67.789621751,46.7936125690001 -67.789635802,46.7948268690001 -67.789641751,46.795942569 -67.7896527509999,46.797248569 -67.789663752,46.7987675700001 -67.789691751,46.802098571 -67.789724753,46.805953571 -67.789707753,46.808712572 -67.789657753,46.817881572 -67.789630753,46.823503573 -67.7896217529999,46.8250595740001 -67.789613753,46.8266205740001 -67.789591753,46.830448575 -67.789538754,46.840012577 -67.7895027549999,46.846876578 -67.789480754,46.8504705780001 -67.789473755,46.852408579 -67.789466755,46.8530985790001 -67.789441755,46.85774058 -67.789441755,46.8585425790001 -67.789443755,46.86058158 -67.789446756,46.8652925810001 -67.789446756,46.8710925820001 -67.7894497569999,46.8767655830001 -67.7894497569999,46.877617582 -67.7894497569999,46.882765583 -67.7894497569999,46.8871095850001 -67.7894497579999,46.8939265860001 -67.789452758,46.9001405860001 -67.789452758,46.9032675870001 -67.789455758,46.907895588 -67.789455758,46.912256589 -67.789491759,46.916426589 -67.7895107589999,46.9194015900001 -67.7895557589999,46.9246905910001 -67.789568759,46.9266625910001 -67.78958276,46.9314345920001 -67.78959976,46.9371125930001 -67.78961376,46.943031594 -67.789621761,46.945042594 -67.78963076,46.949084595 -67.7896387609999,46.951403595 -67.789641761,46.9534345960001 -67.7896557609999,46.9580535970001 -67.789666762,46.962678597 -67.789688763,46.9702035990001 -67.789699763,46.9740905990001 -67.789716762,46.9804206000001 -67.7897187629999,46.9815426000001 -67.789730763,46.985351601 -67.789732763,46.9866456020001 -67.789752763,46.9941406020001 -67.789771763,47.0010316030001 -67.789791764,47.0080486040001 -67.789805766,47.0134036060001 -67.7898607659999,47.0208906070001 -67.789899766,47.0260236080001 -67.7899107649999,47.027428608 -67.7899527659999,47.0332346100001 -67.789985766,47.0377206100001 -67.7900187669999,47.0421456110001 -67.790027766,47.043220611 -67.7900387669999,47.044837611 -67.790049767,47.046259611 -67.790093767,47.0521656120001 -67.790143767,47.0588096130001 -67.790155768,47.060456614 -67.790157768,47.0608236140001 -67.790160767,47.0611456130001 -67.7901717679999,47.0626456140001 -67.7901858879999,47.0646835640001 -67.790196768,47.065920615 -67.7901950679999,47.0672302450001</coordinates></LineString></MultiGeometry>
  </Placemark>
  <Placemark>
	<Style><LineStyle><color>ff0000ff</color></LineStyle><PolyStyle><fill>0</fill></PolyStyle></Style>
	<ExtendedData><SchemaData schemaUrl="#Canada_and_US_Border">
		<SimpleData name="FID">4</SimpleData>
		<SimpleData name="SectionNum">4</SimpleData>
		<SimpleData name="SectionEng">St. John River</SimpleData>
		<SimpleData name="SectionFre">Rivière Saint-Jean</SimpleData>
		<SimpleData name="MaxScale">1:12,000</SimpleData>
		<SimpleData name="Shape_Leng">1.35832187859</SimpleData>
		<SimpleData name="GlobalID">{24DE5D28-DCDD-4EEC-8173-FFFAD62729AE}</SimpleData>
		<SimpleData name="SHAPE_Length">1.35832229166069</SimpleData>
	</SchemaData></ExtendedData>
      <MultiGeometry><LineString><coordinates>-67.7901950679999,47.0672302450001 -67.7945963299999,47.0695149750001 -67.803836933,47.072658045 -67.811217745,47.076055846 -67.816929908,47.081402806 -67.82111033,47.083425597 -67.8260127309999,47.084683377 -67.8305398329999,47.084978936 -67.8382806559999,47.0876728170001 -67.8486685299999,47.093314207 -67.859240024,47.096860307 -67.868364538,47.1005527980001 -67.8748189299999,47.1011811180001 -67.8797274519999,47.1026858280001 -67.882916752,47.104413048 -67.888167545,47.109823319 -67.889560146,47.1141377600001 -67.889190186,47.119554991 -67.890382207,47.122362491 -67.8899108159999,47.124327221 -67.890734207,47.126494161 -67.893505177,47.129168602 -67.894209938,47.130477483 -67.896083919,47.1317238720001 -67.89889127,47.1331235820001 -67.903490103,47.136494403 -67.907564524,47.144125504 -67.909833555,47.147228554 -67.912397846,47.1487929840001 -67.921302969,47.1516835050001 -67.927273821,47.154974865 -67.928664452,47.156228196 -67.931931334,47.161497346 -67.9349159339999,47.1636239970001 -67.936903555,47.166072597 -67.9388098169999,47.1709428770001 -67.943263138,47.176066188 -67.9450962989999,47.1778092380001 -67.9484142699999,47.1816553290001 -67.951462202,47.1834739290001 -67.950873942,47.1901153310001 -67.951942113,47.194544491 -67.953421094,47.196701982 -67.957218515,47.1996303020001 -67.973203741,47.2067985530001 -67.982816954,47.2086682230001 -67.987341046,47.2092623630001 -67.9897014269999,47.210032633 -67.99816328,47.217127304 -68.006857413,47.2271708750001 -68.016646577,47.234941926 -68.019669818,47.2385066370001 -68.02527036,47.2399591070001 -68.033351604,47.2433379570001 -68.039091636,47.2465087580001 -68.052113671,47.251968967 -68.059174274,47.2551930880001 -68.064843705,47.2572625080001 -68.073990228,47.2591666180001 -68.0766334099999,47.262538539 -68.077356241,47.2659085290001 -68.081945353,47.27100238 -68.092301917,47.2765614510001 -68.097279068,47.2782058610001 -68.10236957,47.2799955310001 -68.105014131,47.281444401 -68.120935357,47.2874398120001 -68.123102678,47.289892842 -68.1274939799999,47.294008622 -68.135891553,47.295658002 -68.141253446,47.299566273 -68.1468997979999,47.3056692640001 -68.1522119699999,47.309681154 -68.1537667599999,47.3133775150001 -68.15327008,47.315106126 -68.15233311,47.322062767 -68.154678211,47.3251955170001 -68.159987313,47.3271840780001 -68.169909917,47.328500917 -68.176046519,47.3288800070001 -68.17973304,47.330211897 -68.202352178,47.3394257480001 -68.207316251,47.3396190170001 -68.211359172,47.3388523080001 -68.2145337329999,47.3396158780001 -68.219336114,47.341619688 -68.2237198669999,47.3447140590001 -68.224715718,47.350258459 -68.225412128,47.3510648390001 -68.228121658,47.3533672900001 -68.2344710409999,47.35531081 -68.238024772,47.3547921590001 -68.2479729149999,47.3521281590001 -68.264907201,47.3522271890001 -68.271094444,47.3545239680001 -68.2805725269999,47.359632859 -68.284798109,47.3602971990001 -68.290343411,47.359919559 -68.293485372,47.3589786480001 -68.299546514,47.3559771280001 -68.3032609749999,47.355248418 -68.305189876,47.3552675380001 -68.311092958,47.3562518270001 -68.3223630219999,47.359435428 -68.327667774,47.3600780680001 -68.332194456,47.3599821170001 -68.3355952759999,47.3597420070001 -68.343401059,47.358184787 -68.3477474109999,47.357947697 -68.3518498829999,47.357376446 -68.363132036,47.354666616 -68.368983928,47.3515453150001 -68.3718805789999,47.3493660550001 -68.377721911,47.343561433 -68.3801510609999,47.339655533 -68.381512131,47.331764132 -68.383190982,47.328732121 -68.3847139919999,47.32409096 -68.3845267409999,47.32133652 -68.383447011,47.3194857190001 -68.38096193,47.310284698 -68.380844129,47.3082352580001 -68.38478686,47.3036706770001 -68.38389045,47.3011634760001 -68.380643208,47.2988822070001 -68.3763217869999,47.2951931860001 -68.374724526,47.291024905 -68.375623396,47.2889754240001 -68.3778564369999,47.287384235 -68.3815975369999,47.2862749440001 -68.3899667009999,47.285989654 -68.394579763,47.2867872740001 -68.403146705,47.2869936440001 -68.409847268,47.288018134 -68.4150967099999,47.287465733 -68.4257951129999,47.282045162 -68.429806255,47.2812683920001 -68.4343649259999,47.2820277120001 -68.441306389,47.2836803010001 -68.446260321,47.282196281 -68.448767571,47.282018441 -68.452678722,47.282541941 -68.458487125,47.2843762310001 -68.4645655469999,47.293640483 -68.4656194469999,47.2946179520001 -68.470432559,47.2967144830001 -68.475023431,47.297149903 -68.4840099039999,47.2949163330001 -68.490158016,47.293865892 -68.494444448,47.293765492 -68.496650028,47.294015432 -68.503445642,47.2960413420001 -68.508262063,47.2964853720001 -68.516766015,47.296096242 -68.523951069,47.294509932 -68.53023805,47.29203726 -68.538791154,47.2852951090001 -68.540816164,47.2843189480001 -68.549797617,47.282150368 -68.553745979,47.2823619280001 -68.557917679,47.283180138 -68.571920285,47.2871616580001 -68.577613657,47.2876289880001 -68.5800475579999,47.2871244780001 -68.58944629,47.2805501870001 -68.590530191,47.278819076 -68.59235604,47.274143236 -68.597675002,47.270164294 -68.598202782,47.268526524 -68.5974974919999,47.2668782050001 -68.59331824,47.2610955230001 -68.59354352,47.2587796930001 -68.596055771,47.2561732830001 -68.599706662,47.2544954620001 -68.604599223,47.2493056910001 -68.607518994,47.246993171 -68.617511647,47.2433822300001 -68.6254648299999,47.2421796190001 -68.6287107109999,47.24211595 -68.635111083,47.2423455790001 -68.640263386,47.2407299590001 -68.646276257,47.2394932080001 -68.653095529,47.239279208 -68.6554133399999,47.2388666780001 -68.657834212,47.2369994380001 -68.6598453519999,47.236133577 -68.663197634,47.236288517 -68.667521305,47.238162607 -68.674954208,47.2423366180001 -68.679472058,47.2430704380001 -68.68435076,47.242896747 -68.687150531,47.2444191980001 -68.691706993,47.243846907 -68.6952309449999,47.242562687 -68.702263277,47.2383114960001 -68.7058869479999,47.237740337 -68.7087575589999,47.2385727860001 -68.709476459,47.2393894360001 -68.71232373,47.2402874360001 -68.715322672,47.240840716 -68.7170163119999,47.240590136 -68.7249669939999,47.2380808660001 -68.7279020459999,47.2363486150001 -68.730199576,47.2356546950001 -68.734289648,47.2356601860001 -68.737996369,47.233356804 -68.74326117,47.231095634 -68.752010953,47.226310233 -68.7571778339999,47.2243318120001 -68.764443297,47.222060012 -68.768944359,47.2212002110001 -68.781323114,47.2210677310001 -68.804267301,47.2154362100001 -68.8114566629999,47.2151830190001 -68.815164405,47.2135004580001 -68.8172591049999,47.2112123890001 -68.826402628,47.2072328080001 -68.831450639,47.2039291360001 -68.837658361,47.201502657 -68.842884983,47.1997250750001 -68.849961585,47.1962610950001 -68.850951026,47.1946652550001 -68.8574390169999,47.1903501740001 -68.861569539,47.189088713 -68.86613227,47.188919743 -68.871032221,47.1890796430001 -68.876067174,47.187267612 -68.882108506,47.182901692 -68.884422367,47.1831649820001 -68.889088707,47.1820251710001</coordinates></LineString></MultiGeometry>
  </Placemark>
  <Placemark>
	<Style><LineStyle><color>ff0000ff</color></LineStyle><PolyStyle><fill>0</fill></PolyStyle></Style>
	<ExtendedData><SchemaData schemaUrl="#Canada_and_US_Border">
		<SimpleData name="FID">5</SimpleData>
		<SimpleData name="SectionNum">5</SimpleData>
		<SimpleData name="SectionEng">St. Francis River</SimpleData>
		<SimpleData name="SectionFre">Rivière Saint-François</SimpleData>
		<SimpleData name="MaxScale">1:12,000</SimpleData>
		<SimpleData name="Shape_Leng">0.752825579205</SimpleData>
		<SimpleData name="GlobalID">{FCB9D975-53E2-44A3-935D-4F1C91B10221}</SimpleData>
		<SimpleData name="SHAPE_Length">0.752825777636846</SimpleData>
	</SchemaData></ExtendedData>
      <MultiGeometry><LineString><coordinates>-68.889088707,47.1820251710001 -68.89371977,47.1828009010001 -68.89552087,47.182443371 -68.897606961,47.18123667 -68.898793331,47.1802611000001 -68.900033041,47.1777508100001 -68.901335252,47.17816078 -68.9028816219999,47.17912991 -68.9032299519999,47.1797604500001 -68.9048721619999,47.18048236 -68.905413543,47.1816462310001 -68.906196313,47.1821987100001 -68.907366855,47.1842097910001 -68.907396585,47.1854270010001 -68.908444625,47.186351701 -68.910302386,47.1859863810001 -68.9119537559999,47.1864716310001 -68.913348747,47.1876624220001 -68.915045397,47.188585442 -68.917769268,47.189616512 -68.9189806489999,47.189472892 -68.919777868,47.1899392620001 -68.9199631389999,47.191518982 -68.91986453,47.1937678520001 -68.91995037,47.1948414620001 -68.92055064,47.1954170020001 -68.923740341,47.1973864030001 -68.9255689409999,47.1978938830001 -68.9265811619999,47.196814712 -68.9279575419999,47.1965297020001 -68.928443933,47.1966088630001 -68.929950033,47.197603563 -68.928055042,47.198730793 -68.929076422,47.1994827230001 -68.932884184,47.1997182430001 -68.9341161149999,47.2001546130001 -68.934582505,47.2012537630001 -68.935462776,47.2022068040001 -68.936479436,47.2029070630001 -68.9380322059999,47.2036064930001 -68.939374417,47.2045223040001 -68.9410571779999,47.2060864430001 -68.9426027279999,47.206101704 -68.94753603,47.203479443 -68.949673801,47.202158873 -68.950781851,47.2020133130001 -68.951954621,47.2026924530001 -68.952306831,47.2040238330001 -68.951976561,47.2050454930001 -68.9521060009999,47.205842153 -68.9528546019999,47.206903804 -68.953797932,47.2067940740001 -68.955336533,47.2064165530001 -68.9571831929999,47.2057132140001 -68.9600034539999,47.2052654030001 -68.9611870539999,47.205695393 -68.9618167739999,47.206416763 -68.963485916,47.209727554 -68.964793686,47.2101897540001 -68.965303406,47.2111966840001 -68.965273677,47.2125336140001 -68.967217278,47.213419414 -68.9719325199999,47.2146646350001 -68.974901099,47.216743744 -68.978591632,47.217709524 -68.980399662,47.2201233650001 -68.988286535,47.2235932350001 -69.007371903,47.2309518760001 -69.021935598,47.2367459170001 -69.0270743299999,47.2393500370001 -69.030126631,47.239969457 -69.033773122,47.240411937 -69.0345706429999,47.2410238670001 -69.034842033,47.241914137 -69.035717883,47.242283016 -69.037407093,47.242725787 -69.040900515,47.2450204670001 -69.042126095,47.246322117 -69.0452361869999,47.250435957 -69.046118467,47.2513756880001 -69.0507454789999,47.2564890580001 -69.0506000889999,47.260192429 -69.0502337189999,47.2610824490001 -69.049912079,47.2617057890001 -69.049061259,47.2624930200001 -69.048123479,47.26326664 -69.048870788,47.2647674900001 -69.047141128,47.2672697400001 -69.047941209,47.268693091 -69.048413199,47.2694306010001 -69.047602108,47.270363941 -69.046842139,47.271594791 -69.048140029,47.2732475820001 -69.0481875689999,47.274252872 -69.048081219,47.2751203820001 -69.04845153,47.2757684420001 -69.04927406,47.275788162 -69.0507780999999,47.278484302 -69.050997071,47.280106812 -69.05087209,47.280649043 -69.050812121,47.2814346120001 -69.0498376799999,47.2821582330001 -69.04919188,47.2833332430001 -69.049790561,47.284647143 -69.049803212,47.2880716240001 -69.04969715,47.2892941440001 -69.051172322,47.2923933340001 -69.052831542,47.292503615 -69.053110453,47.2928219450001 -69.053119652,47.293530284 -69.052701902,47.2945064150001 -69.0528058319999,47.295504475 -69.053068662,47.2964505950001 -69.053466483,47.297189216 -69.0534056719999,47.297703115 -69.0530776429999,47.298531176 -69.051518441,47.2987511850001 -69.050634841,47.2995464750001 -69.0512701819999,47.3006556460001 -69.050697752,47.302569287 -69.050697812,47.3039659660001 -69.049871712,47.304757087 -69.049237852,47.3058590460001 -69.054867304,47.315340528 -69.053916944,47.32690732 -69.0535305659999,47.3406494230001 -69.0538246469999,47.365686087 -69.054422889,47.3765514880001 -69.054881839,47.377725668 -69.0532601689999,47.3786448490001 -69.052177077,47.3785434590001 -69.051202038,47.378234019 -69.050023956,47.378558738 -69.0495211969999,47.3793001390001 -69.049560226,47.3796386290001 -69.0496006769999,47.379989589 -69.0508893579999,47.380982659 -69.048496286,47.38204239 -69.047482427,47.3834326900001 -69.045848506,47.3838963000001 -69.0446362559999,47.3839235300001 -69.044136465,47.3827437890001 -69.042143075,47.382654899 -69.0407033339999,47.38310991 -69.0396419639999,47.3842182610001 -69.040138714,47.3860216100001 -69.043616376,47.3875669000001 -69.044886726,47.388666911 -69.045686266,47.390294431 -69.0455718869999,47.392020841 -69.0454116459999,47.3929966810001 -69.0448874969999,47.3939144720001 -69.0435091959999,47.3954894920001 -69.0436795059999,47.3962014420001 -69.044039536,47.3968725620001 -69.0437690059999,47.397442572 -69.043206216,47.397674513 -69.042041226,47.3972456320001 -69.0407525049999,47.3967711720001 -69.040221045,47.395509492 -69.039207125,47.3954097720001 -69.037564085,47.396853123 -69.0379680039999,47.397386742 -69.039025264,47.3975450720001 -69.040324455,47.3973111820001 -69.041085225,47.397776633 -69.0418512049999,47.3982448030001 -69.0427290759999,47.3999395430001 -69.042733046,47.401980393 -69.041336896,47.4018551230001 -69.041237415,47.401192053 -69.040788215,47.4005612230001 -69.040028735,47.4002670530001 -69.0388431439999,47.4002723230001 -69.035537803,47.400980673 -69.035177813,47.4013090030001 -69.035238944,47.4018101230001 -69.035673124,47.402014013 -69.037123704,47.401521513 -69.038361245,47.401658733 -69.039870755,47.4022540130001 -69.040431355,47.4030862440001 -69.041341695,47.403979314 -69.042202286,47.404254033 -69.042493706,47.404755983 -69.042286777,47.405225714 -69.041697055,47.405755443 -69.0412148249999,47.405829053 -69.0407934259999,47.405789333 -69.0403272949999,47.405698494 -69.0396014249999,47.4052040440001 -69.0399427849999,47.4042837640001 -69.039452195,47.4037304230001 -69.037393244,47.4037132030001 -69.0358984539999,47.4030998640001 -69.0342531329999,47.403082634 -69.033198343,47.4022201340001 -69.0323758219999,47.4022309630001 -69.031435541,47.402703194 -69.031599732,47.403143474 -69.032498222,47.4035226330001 -69.032518932,47.403531533 -69.0334103819999,47.4044515430001 -69.032742653,47.406020724 -69.032024882,47.406723234 -69.031000982,47.406988234 -69.030597932,47.407429354 -69.0305515919999,47.408658254 -69.0308710629999,47.409038814 -69.031288853,47.409067705 -69.031962192,47.4087840940001 -69.0330594129999,47.4080071340001 -69.034743884,47.4074954640001 -69.035718344,47.407272683 -69.0365939439999,47.4076871350001 -69.0370551039999,47.4085540840001 -69.036628204,47.4101224340001 -69.035362914,47.4105324440001 -69.0351484939999,47.411242444 -69.0354465739999,47.4118127340001 -69.035806624,47.4126321850001 -69.035693865,47.4132966350001 -69.0344966439999,47.4141647050001 -69.0345177739999,47.414575266 -69.034857234,47.4148063750001 -69.0354800439999,47.414994155 -69.0369445159999,47.414668045 -69.038196216,47.4146197050001 -69.0403757459999,47.4152249950001 -69.0415649459999,47.4152897160001 -69.042248587,47.4157222150001 -69.0422419459999,47.416324166 -69.041833627,47.4169352850001 -69.039561146,47.418755316 -69.0391970059999,47.419664766 -69.039477076,47.420992836 -69.039458516,47.4222950760001 -69.0400518869999,47.422707856 -69.041119147,47.422821196 -69.0417575069999,47.4231139770001 -69.0422558769999,47.4235959260001 -69.0424312279999,47.425145947 -69.0428582279999,47.426206237 -69.043216318,47.426793187 -69.044077478,47.427538197 -69.0460980989999,47.4276951370001 -69.0474342489999,47.4277509770001 -69.04796397,47.4272384670001 -69.0479639389999,47.426674297 -69.0472694589999,47.426307347 -69.0465622099999,47.426091506 -69.0462107989999,47.4257251160001 -69.0460160389999,47.425039826 -69.046547688,47.4242820470001 -69.04857686,47.423063966 -69.04900574,47.4227225760001 -69.05105522,47.422116176 -69.05214914,47.422151736 -69.0527163909999,47.4223722950001 -69.052830581,47.422827296 -69.052316691,47.423284526 -69.0511539,47.423668696 -69.05023554,47.4236550860001 -69.04961413,47.423592306 -69.04910857,47.4237064760001 -69.0485502399999,47.424204817 -69.0487452899999,47.425125386 -69.04931894,47.4258070560001 -69.04962023,47.426018637 -69.0499602309999,47.4262586360001 -69.0503395599999,47.4265259570001 -69.0507092299999,47.4265716360001 -69.051083471,47.4266192870001 -69.05137023,47.426595637 -69.051739041,47.4265670670001 -69.052243271,47.4278137470001 -69.052992751,47.428170977 -69.053241112,47.4285393070001 -69.053234232,47.4286796370001 -69.053227792,47.4288448670001 -69.052724741,47.4292798770001 -69.052035292,47.4296212670001 -69.052120031,47.4300182170001 -69.0531745219999,47.4304159970001 -69.053811202,47.4303940570001 -69.0542401019999,47.4302082180001 -69.0537228319999,47.4294184870001 -69.053905871,47.429032367 -69.054218232,47.4290686370001 -69.054484222,47.429100707 -69.0548642319999,47.429433637 -69.0550192319999,47.429569637 -69.055271222,47.4297898770001 -69.056086802,47.429827937 -69.056830712,47.4299862680001 -69.056811583,47.4308684970001 -69.056517233,47.4310656370001 -69.056224363,47.431263507 -69.0557832329999,47.4314086370001 -69.055404353,47.4315337880001 -69.0555172329999,47.4318496380001 -69.055639393,47.4321879670001 -69.0563012329999,47.4320796380001 -69.0565922329999,47.4320326370001 -69.056931633,47.4319779580001 -69.057689443,47.432069627 -69.057872233,47.4322756380001 -69.058065853,47.4324951880001 -69.0582772339999,47.432585638 -69.0584875439999,47.432676858 -69.059488103,47.4322340680001 -69.060115074,47.4322340680001 -69.0603862149999,47.4329107470001 -69.0607895639999,47.433016298 -69.061522345,47.4325174080001 -69.062152085,47.4326512970001 -69.0622274149999,47.433759638 -69.0628513359999,47.434101308 -69.063548296,47.434067978 -69.064101046,47.433111577 -69.063740986,47.4319079470001 -69.0632801249999,47.4313926670001 -69.062745655,47.431209057 -69.0619533949999,47.430992937 -69.061905885,47.430594887 -69.062178235,47.430493637 -69.062467275,47.430387937 -69.0632839849999,47.4307448870001 -69.063889235,47.4309106370001 -69.0645090249999,47.4310821070001 -69.065120236,47.4309736370001 -69.0656682159999,47.4308771070001 -69.066521236,47.430472637 -69.067342117,47.4300845970001 -69.067797237,47.429795637 -69.068288787,47.4294862460001 -69.068306236,47.4291286370001 -69.068367237,47.4279196370001 -69.0683925869999,47.427416226 -69.069220237,47.4272436360001 -69.0705302379999,47.4269706360001 -69.071174308,47.4268367760001 -69.073511348,47.4274723360001 -69.074855268,47.4272976060001 -69.07583915,47.4265239860001 -69.0763633299999,47.4264581560001 -69.07845308,47.4257967560001 -69.0798005509999,47.424355905 -69.08136224,47.423747286 -69.0843229019999,47.4242370150001 -69.087160543,47.4253742650001 -69.0881397429999,47.4255459350001 -69.0889275339999,47.425204826 -69.090137254,47.424145105 -69.090934224,47.424298165 -69.0907054039999,47.4260679050001 -69.091266015,47.4268398560001 -69.092275495,47.427145416 -69.095704486,47.4269293250001 -69.097073407,47.426583216 -69.0978523369999,47.4268996050001 -69.097224587,47.428014895 -69.097582957,47.4287301860001 -69.097156877,47.4297493560001 -69.098206937,47.430467987 -69.098882838,47.4314571560001 -69.1000520279999,47.4313204960001 -69.099810248,47.4308686360001 -69.099554197,47.430387426 -69.100558948,47.4302068760001 -69.1007442489999,47.4306066360001 -69.1009295489999,47.431004666 -69.101164249,47.430969636 -69.101845248,47.4308676360001 -69.102388248,47.4307866360001 -69.102945709,47.4307043960001 -69.103250249,47.430745636 -69.1041932489999,47.430874396 -69.10426825,47.430723635 -69.10439725,47.4304626360001 -69.10449546,47.4302685660001 -69.1043232489999,47.4298976360001 -69.104108249,47.4294296360001 -69.103939839,47.4290657660001 -69.105061769,47.4279115950001 -69.10699403,47.4273629850001 -69.10774323,47.4276932750001 -69.10749659,47.428417165 -69.107484141,47.4296819050001 -69.1065644299999,47.4306844060001 -69.10671558,47.4313874750001 -69.1069102499999,47.4315476360001 -69.10734325,47.4319046360001 -69.107605361,47.4321208160001 -69.107683251,47.4323076360001 -69.107858251,47.432725636 -69.107971241,47.4329963860001 -69.1073323909999,47.4343713860001 -69.107794941,47.435385017 -69.1090533519999,47.436274747 -69.109995892,47.4363772570001 -69.111914532,47.435791706 -69.112600662,47.4358105970001 -69.112934583,47.4361622660001 -69.1124812529999,47.436889636 -69.112086833,47.437526167 -69.1132855129999,47.438343677 -69.114057213,47.4384183970001 -69.115180573,47.438270066 -69.117999585,47.439203697 -69.1189090949999,47.4399656570001 -69.119228855,47.440673437 -69.120303905,47.4412603970001 -69.1210939659999,47.4421048470001 -69.122017077,47.442706247 -69.122802666,47.4428448670001 -69.123379616,47.442616247 -69.123157597,47.4410173470001 -69.123610376,47.4406965160001 -69.1242309679999,47.4409317970001 -69.124623797,47.4421143070001 -69.126810599,47.443575158 -69.128161489,47.4439532270001 -69.12946181,47.4440362870001 -69.1306460289999,47.444390737 -69.13130633,47.444471578 -69.13345,47.444204357 -69.134596711,47.4446376980001 -69.1350648109999,47.4451718670001 -69.135811791,47.4455765970001 -69.137769922,47.4458882770001 -69.1384330129999,47.4463691170001 -69.139301943,47.4466460680001 -69.139953893,47.446354958 -69.140191913,47.4452777270001 -69.139532983,47.444653547 -69.139985742,47.4440152170001 -69.141056894,47.4440127170001 -69.141812493,47.444562997 -69.1423445139999,47.446004687 -69.143795164,47.447266637 -69.144391304,47.447617198 -69.1456111049999,47.448597487 -69.146562816,47.4490463880001 -69.147202566,47.4491336080001 -69.1478589659999,47.448858338 -69.148688987,47.4487041680001 -69.150373206,47.448736947 -69.1512418469999,47.4489880670001 -69.1528269469999,47.4502325280001 -69.154839528,47.4506494880001 -69.155896539,47.4513992070001 -69.15650045,47.451648387 -69.157084079,47.451645328 -69.157432419,47.4513692180001 -69.15752767,47.4507981080001 -69.15814624,47.449145867 -69.15902262,47.448429477 -69.1608134809999,47.447530317 -69.1614998809999,47.447383647 -69.16225768,47.447440316 -69.164621422,47.4486436670001 -69.165055061,47.449247837 -69.164763411,47.449686727 -69.1635122609999,47.4497864470001 -69.1631278209999,47.450284507 -69.164928762,47.4515245170001 -69.167380243,47.452050087 -69.168321683,47.4525836970001 -69.169145074,47.4533059280001 -69.1725176849999,47.453550378 -69.1721449249999,47.4543975970001 -69.173119124,47.4544767680001 -69.1727347149999,47.4556581680001 -69.173199175,47.4557759480001 -69.175071445,47.455414278 -69.175496466,47.455547057 -69.1751000959999,47.4563920580001 -69.1759476359999,47.4567637280001 -69.177004597,47.4564390080001 -69.1779912869999,47.456340948 -69.1782913169999,47.4567073470001 -69.178182717,47.457073178 -69.178896357,47.457388177 -69.179948017,47.4563723370001 -69.180719418,47.456107617 -69.183095039,47.455920678 -69.183793968,47.4564223470001 -69.1845428789999,47.456420398 -69.185262859,47.455397057 -69.18689735,47.4554540070001 -69.188270711,47.4550828970001 -69.1890687709999,47.4545117770001 -69.189068471,47.453913997 -69.189910431,47.4535720470001 -69.190443221,47.4535612170001 -69.1909849309999,47.454295947 -69.1916858119999,47.4548917870001 -69.192800301,47.4553262270001 -69.1943373029999,47.4555537370001 -69.195792903,47.455502347 -69.197800993,47.4550267870001 -69.200417144,47.4540284460001 -69.201319634,47.4529526060001 -69.202338525,47.452235656 -69.202759086,47.4521178860001 -69.2032960449999,47.4520881560001 -69.203551896,47.452437886 -69.2039702449999,47.4523676060001 -69.204224956,47.4520520460001 -69.205196096,47.4519620460001 -69.2055686159999,47.4521842770001 -69.205617537,47.4529542760001 -69.204763086,47.453421786 -69.2061312069999,47.4541106770001 -69.208918807,47.4544670660001 -69.209502458,47.4549331860001 -69.210306378,47.4552859670001 -69.211443909,47.455086517 -69.212112269,47.455280137 -69.212963969,47.4554576370001 -69.2137301389999,47.456280416 -69.2143268299999,47.4565306970001 -69.2167352399999,47.4565784770001 -69.217888051,47.456622366 -69.2189131109999,47.457254877 -69.220255102,47.457547096 -69.2223040919999,47.458498777 -69.223104712,47.459458227 -69.2244703229999,47.459849337 -69.224743653,47.459583787</coordinates></LineString></MultiGeometry>
  </Placemark>
  <Placemark>
	<Style><LineStyle><color>ff0000ff</color></LineStyle><PolyStyle><fill>0</fill></PolyStyle></Style>
	<ExtendedData><SchemaData schemaUrl="#Canada_and_US_Border">
		<SimpleData name="FID">6</SimpleData>
		<SimpleData name="SectionNum">6</SimpleData>
		<SimpleData name="SectionEng">Southwest &amp; South Lines</SimpleData>
		<SimpleData name="SectionFre">Lignes sud-ouest et sud</SimpleData>
		<SimpleData name="MaxScale">1:24,000</SimpleData>
		<SimpleData name="Shape_Leng">1.37168665463</SimpleData>
		<SimpleData name="GlobalID">{E7BCC72F-C821-465B-B14D-3DDC05817FC9}</SimpleData>
		<SimpleData name="SHAPE_Length">1.37168696361415</SimpleData>
	</SchemaData></ExtendedData>
      <MultiGeometry><LineString><coordinates>-69.224743653,47.459583787 -69.2254369839999,47.4589096070001 -69.2261344739999,47.458231826 -69.227210024,47.4571865460001 -69.230752205,47.4537437450001 -69.235951327,47.448689265 -69.239195297,47.4455346340001 -69.242974319,47.4418600430001 -69.245430299,47.439469633 -69.2512232999999,47.4338336320001 -69.2551834129999,47.4299821710001 -69.2607973029999,47.42451663 -69.267391436,47.4180990180001 -69.273971697,47.4116911770001 -69.274091138,47.4115747870001 -69.279604739,47.4062038970001 -69.291779172,47.394339884 -69.2927063129999,47.3934356230001 -69.294083313,47.3920926230001 -69.295183063,47.3910218030001 -69.303964456,47.3824594920001 -69.305920317,47.3805506210001 -69.3087194669999,47.377821671 -69.3122533179999,47.37437262 -69.316130319,47.370591319 -69.3215353209999,47.3653146180001 -69.328311202,47.3587020470001 -69.3335565149999,47.3535800560001 -69.335374324,47.3518036150001 -69.336957325,47.350257615 -69.338030325,47.3492096150001 -69.3404671059999,47.3468305540001 -69.349015498,47.3384782530001 -69.352611359,47.334963782 -69.3549073299999,47.3327186120001 -69.35685033,47.330819611 -69.3590493309999,47.3286686110001 -69.361916332,47.3258656100001 -69.364758093,47.32308806 -69.370080064,47.3178824190001 -69.376931766,47.3111792670001 -69.382651338,47.305580606 -69.386355339,47.301954606 -69.388902399,47.2994624250001 -69.3915490809999,47.2968709950001 -69.395818342,47.292688603 -69.401219423,47.287399743 -69.4044723439999,47.284211602 -69.409113345,47.279663601 -69.413347296,47.2755156800001 -69.4215026379999,47.267520839 -69.4221273489999,47.266906598 -69.423031349,47.2660205990001 -69.42380335,47.265263599 -69.42476335,47.264322598 -69.4251163499999,47.263975599 -69.425419889,47.2636793990001 -69.430977351,47.2582265980001 -69.437554454,47.251775636 -69.4450505459999,47.2444192040001 -69.449694907,47.2398597430001 -69.4617979499999,47.227973321 -69.4650083609999,47.224817591 -69.469482362,47.2204215890001 -69.473903223,47.216077999 -69.477047365,47.212985588 -69.4819433649999,47.208172587 -69.4860204669999,47.2041643370001 -69.4903115179999,47.1999437650001 -69.49416837,47.1961475850001 -69.49812135,47.192259834 -69.501008371,47.1894175840001 -69.5059423719999,47.1845605820001 -69.5102140829999,47.180356741 -69.5123013749999,47.178300581 -69.514366375,47.1762655810001 -69.517218376,47.17345758 -69.519898376,47.1708175800001 -69.522253447,47.1684992090001 -69.523005977,47.167757819 -69.529334279,47.1615222180001 -69.536533161,47.1544265960001 -69.5410863819999,47.149935575 -69.5463952329999,47.144702325 -69.548341384,47.142780574 -69.550572384,47.1405805740001 -69.5532143849999,47.1379735730001 -69.555540387,47.1356795720001 -69.558491037,47.1327696820001 -69.564101389,47.127230571 -69.570587441,47.1208298000001 -69.5729073909999,47.1185375690001 -69.5755037919999,47.1159749990001 -69.582653034,47.108914887 -69.587306395,47.1043155670001 -69.594725437,47.0969875660001 -69.5964113969999,47.0953205650001 -69.598481678,47.093275034 -69.612154402,47.0797535620001 -69.618852784,47.0731299710001 -69.631081367,47.0610280180001 -69.633722408,47.058411558 -69.6389784089999,47.0532075560001 -69.642978301,47.0492474260001 -69.645308411,47.0469375550001 -69.648071202,47.0442026750001 -69.6543866339999,47.0379451430001 -69.662225416,47.0301735520001 -69.6671108579999,47.0253314510001 -69.668947848,47.0235103210001 -69.67375242,47.018741549 -69.679344191,47.013195228 -69.682242022,47.010319098 -69.686502393,47.006089897 -69.691240814,47.0013854260001 -69.6970674259999,46.9955965450001 -69.703299697,46.9894081530001 -69.7047134269999,46.9880025430001 -69.706188428,46.9865375430001 -69.707836479,46.9849003530001 -69.708363159,46.984377013 -69.709844429,46.982903542 -69.711655429,46.981104542 -69.7133954299999,46.979374541 -69.715324171,46.9774586410001 -69.718390432,46.9744095410001 -69.723880433,46.96894954 -69.7273522849999,46.965498559 -69.7300574349999,46.9628065380001 -69.7355614369999,46.9573305370001 -69.739371257,46.953540956 -69.75019939,46.942762525 -69.750867441,46.942096534 -69.751394991,46.9415717040001 -69.758441933,46.9345542620001 -69.7597254419999,46.933274532 -69.7621004439999,46.930909533 -69.763411854,46.9296034820001 -69.770959096,46.92208327 -69.773179447,46.91986853 -69.775415938,46.917641379 -69.7874115609999,46.905681847 -69.790157471,46.902943006 -69.791081452,46.9020205260001 -69.792313451,46.900792526 -69.793128113,46.8999802860001 -69.795743182,46.897371445 -69.796128193,46.8969875550001 -69.799391064,46.8937315040001 -69.800682454,46.892441524 -69.8022644549999,46.8908635240001 -69.803489794,46.8896413030001 -69.804093146,46.8890390930001 -69.8043775949999,46.8887552130001 -69.811382517,46.8817625720001 -69.814124458,46.8790235210001 -69.82015346,46.873002521 -69.823378141,46.8697825290001 -69.829282463,46.8638815190001 -69.835357374,46.8578125070001 -69.838850465,46.8543195170001 -69.8429898159999,46.850182406 -69.8473377179999,46.845834725 -69.8503654689999,46.8428045140001 -69.8534726189999,46.8396984830001 -69.8563054699999,46.8368645130001 -69.8592538999999,46.833916952 -69.861585471,46.8315845120001 -69.8639559819999,46.829214021 -69.866029472,46.827138511 -69.869283474,46.8238825110001 -69.8716973049999,46.8214684000001 -69.874171475,46.81899051 -69.8767954749999,46.816364509 -69.879684476,46.8134735080001 -69.881912297,46.811243968 -69.885793497,46.807357967 -69.886100179,46.8070507570001 -69.8952098299999,46.7979265960001 -69.897381481,46.7957505050001 -69.899594372,46.7935336740001 -69.9071639639999,46.7859428130001 -69.9102534849999,46.7828425020001 -69.915829486,46.777248501 -69.9191125469999,46.7739554300001 -69.9310401,46.761982468 -69.9367484909999,46.7562474970001 -69.942977674,46.7499931150001 -69.944491494,46.748470496 -69.946816495,46.746135495 -69.9481524139999,46.744794025 -69.951445495,46.7414844940001 -69.954896966,46.738016343 -69.966863491,46.7259861810001 -69.9727725019999,46.720041489 -69.978747783,46.714031779 -69.984590505,46.7081494870001 -69.990671807,46.702030936 -69.994417578,46.6982581350001 -69.995770718,46.696895075 -69.9971013479999,46.695554514 -69.9971235689999,46.6955322850001 -69.9984850879999,46.6891783040001 -69.998660109,46.6883613430001 -69.998835399,46.6875429930001 -69.9991846089999,46.685912693 -70.000353509,46.6804534820001 -70.001734529,46.6740058520001 -70.002011779,46.67268377 -70.004807149,46.659651179 -70.006297509,46.652676478 -70.0078763289999,46.6452964760001 -70.008230778,46.6436367850001 -70.0109427479999,46.630947313 -70.012731929,46.622573022 -70.012831369,46.6221069220001 -70.014010829,46.6165845310001 -70.0143045089999,46.6152064710001 -70.0146036089999,46.613808191 -70.015647508,46.6089144700001 -70.01707447,46.6022314480001 -70.017468509,46.600380468 -70.0181825079999,46.5970374670001 -70.018606158,46.5950529680001 -70.0192567189999,46.592002737 -70.019411169,46.591282477 -70.0197525089999,46.5896804660001 -70.020138399,46.587873636 -70.0231986599999,46.5735209430001 -70.024886679,46.5655984420001 -70.026258599,46.5591590010001 -70.02851329,46.5485728990001 -70.029316049,46.544801238 -70.0323712799999,46.5304418060001 -70.033785509,46.523786455 -70.0355001199999,46.515728773 -70.03639151,46.511533452 -70.03751009,46.506272401 -70.038476459,46.5017293510001 -70.04152634,46.487385449 -70.042860509,46.4811034480001 -70.044575379,46.473039026 -70.04798751,46.4569684430001 -70.0484302099999,46.454887882 -70.05066873,46.444336751 -70.053711649,46.4299875680001 -70.0547018889999,46.4253183880001 -70.05493021,46.4242422770001 -70.0551171499999,46.423360057 -70.05579906,46.420144216 -70.0564082,46.4172714360001 -70.0565562799999,46.4165573450001</coordinates></LineString></MultiGeometry>
  </Placemark>
  <Placemark>
	<Style><LineStyle><color>ff0000ff</color></LineStyle><PolyStyle><fill>0</fill></PolyStyle></Style>
	<ExtendedData><SchemaData schemaUrl="#Canada_and_US_Border">
		<SimpleData name="FID">12</SimpleData>
		<SimpleData name="SectionNum">7</SimpleData>
		<SimpleData name="SectionEng">Southwest Branch of the St. John River</SimpleData>
		<SimpleData name="SectionFre">Branche sud-ouest de la rivière Saint-Jean</SimpleData>
		<SimpleData name="MaxScale">1:6,000</SimpleData>
		<SimpleData name="Shape_Leng">0.670738072772</SimpleData>
		<SimpleData name="GlobalID">{0B9C3CE8-00C9-41A0-84FC-261A5E632792}</SimpleData>
		<SimpleData name="SHAPE_Length">0.670738257502499</SimpleData>
	</SchemaData></ExtendedData>
      <MultiGeometry><LineString><coordinates>-70.0565562799999,46.4165573450001 -70.0563342789999,46.4161239360001 -70.05650371,46.415590605 -70.05723704,46.4148850660001 -70.059525991,46.4145489850001 -70.061853812,46.4137851250001 -70.064206672,46.4141407050001 -70.065009472,46.413868495 -70.065898343,46.412626845 -70.066926133,46.412060195 -70.068170604,46.4116685440001 -70.072026264,46.4111797040001 -70.073962396,46.4102964040001 -70.076448566,46.409549214 -70.077376366,46.4096020040001 -70.078031948,46.409765894 -70.0784903169999,46.410343674 -70.078945897,46.410535344 -70.079445917,46.4106242440001 -70.081243198,46.4106770340001 -70.0836988089999,46.410415954 -70.085496039,46.409793763 -70.0864599299999,46.4092104440001 -70.087023829,46.4092576740001 -70.0875182899999,46.4095104630001 -70.0878461,46.4102021240001 -70.0881183399999,46.4105132340001 -70.08864891,46.410816024 -70.0891155909999,46.410938253 -70.089821162,46.4107993740001 -70.090326711,46.4106299330001 -70.091190602,46.410149394 -70.092021152,46.409463294 -70.092937832,46.4094605340001 -70.093360062,46.409516093 -70.0943350919999,46.4097105430001 -70.095137893,46.409907784 -70.095612892,46.409835564 -70.096099013,46.409671684 -70.096487903,46.409674463 -70.0969462429999,46.4094911330001 -70.096999013,46.409260583 -70.0963823229999,46.4087800230001 -70.0953739619999,46.4085383440001 -70.0947072719999,46.408491113 -70.094521152,46.408307784 -70.094565592,46.4079966730001 -70.094854472,46.4077605630001 -70.096601713,46.4072578130001 -70.096840604,46.4070105930001 -70.096765593,46.406793932 -70.0963711319999,46.4067022630001 -70.095535023,46.4069855830001 -70.095201673,46.406855023 -70.095104442,46.406693913 -70.095176662,46.406430023 -70.095621092,46.406005033 -70.096934983,46.405324492 -70.100593395,46.405424543 -70.1009350539999,46.4052689920001 -70.100996165,46.4049967720001 -70.1008017039999,46.404730102 -70.1000238939999,46.4043412120001 -70.0995377739999,46.404321753 -70.0987322129999,46.404532852 -70.098232203,46.404613403 -70.0979377529999,46.404499512 -70.097773853,46.4042550720001 -70.097879403,46.404010622 -70.098184953,46.4037023020001 -70.098768283,46.4034078620001 -70.0999377639999,46.4035717620001 -70.1001405339999,46.4035023220001 -70.100343314,46.403391222 -70.100418314,46.4031634420001 -70.100168294,46.4029467720001 -70.099584953,46.403046762 -70.099279393,46.402971762 -70.099248823,46.4027217620001 -70.0998155039999,46.402549552 -70.100123824,46.402255112 -70.099246013,46.401671772 -70.098779313,46.401082881 -70.098968203,46.4008245520001 -70.1006515839999,46.401394012 -70.100937694,46.401274572 -70.100654273,46.399002361 -70.1007514839999,46.398544031 -70.101657014,46.3970912710001 -70.102959765,46.3956385210001 -70.1041403139999,46.3948635400001 -70.104387515,46.39400799 -70.104618065,46.39373577 -70.105040285,46.3934718900001 -70.105959745,46.39346635 -70.106556966,46.3932635800001 -70.107212526,46.3929302510001 -70.107529186,46.3926580400001 -70.106862486,46.39198026 -70.106693016,46.3913802590001 -70.106617996,46.39081915 -70.106851325,46.390546929 -70.107276336,46.39060249 -70.107973586,46.3911941600001 -70.108698616,46.3913913900001 -70.1090708359999,46.3913275100001 -70.109476386,46.39099974 -70.109876376,46.3902858590001 -70.108462436,46.38972196 -70.1082179859999,46.38950529 -70.107759626,46.38901084 -70.107762395,46.388810839 -70.107681825,46.388491399 -70.107459585,46.3880775100001 -70.107759575,46.387733069 -70.108120696,46.387663629 -70.108620716,46.387960859 -70.108715166,46.38814697 -70.108120726,46.388571959 -70.1081429559999,46.3887552890001 -70.1088929749999,46.388821969 -70.1098985469999,46.388955309 -70.110181886,46.3889247590001 -70.110223547,46.3886664290001 -70.109679066,46.3880469790001 -70.109759617,46.3876747580001 -70.1102123969999,46.3874330990001 -70.110529066,46.387477549 -70.1111179769999,46.3878136690001 -70.111473557,46.3883969990001 -70.112315237,46.388108129 -70.112570787,46.387944239 -70.112665228,46.387680349 -70.111895757,46.3874164590001 -70.110817927,46.386427559 -70.110762356,46.3861220090001 -70.111101246,46.385966458 -70.112692947,46.3859025880001 -70.113473507,46.385641488 -70.1138457169999,46.385274828 -70.114209618,46.385213718 -70.1146179579999,46.3853637290001 -70.1148013069999,46.3855387290001 -70.114559648,46.386105388 -70.114881898,46.3866081680001 -70.114970838,46.388030379 -70.115151398,46.3881803790001 -70.1162125389999,46.3883026190001 -70.116645879,46.3882303990001 -70.1170653189999,46.387883189 -70.117009748,46.3874137490001 -70.1160069379999,46.387038729 -70.115873589,46.3866303990001 -70.1162013479999,46.385930409 -70.1172652289999,46.3851998690001 -70.12254024,46.3825888370001 -70.12414581,46.3819916480001 -70.1258069309999,46.3815555580001 -70.1262208209999,46.381277788 -70.1270235819999,46.380413907 -70.128104112,46.378952827 -70.127731791,46.376347277 -70.127270532,46.3720222960001 -70.126828831,46.3714445160001 -70.126714931,46.371152846 -70.126989921,46.3708250760001 -70.128423281,46.370780645 -70.128803842,46.3706750950001 -70.1291538419999,46.3703834350001 -70.129151032,46.3696056650001 -70.1294704809999,46.369430665 -70.1317483129999,46.3697390250001 -70.1337288829999,46.3689001750001 -70.134503894,46.368936295 -70.135337264,46.369383526 -70.1354678339999,46.369844625 -70.1357761739999,46.370011296 -70.136434524,46.3698890850001 -70.137551184,46.369236325 -70.138176174,46.3684835650001 -70.138206714,46.3680807850001 -70.1381039249999,46.3676807850001 -70.138117794,46.367258565 -70.138589995,46.3663113550001 -70.139420545,46.3655891450001 -70.140912225,46.365147505 -70.141373335,46.364822514 -70.1414122159999,46.364511404 -70.1403510549999,46.363705833 -70.140603815,46.3630113940001 -70.141089915,46.3625419640001 -70.141881586,46.362191974 -70.143398286,46.362211433 -70.144539976,46.3622892240001 -70.144898316,46.362125344 -70.145945517,46.3608559240001 -70.1470177269999,46.3600809340001 -70.147301047,46.3594531640001 -70.148087158,46.359014293 -70.1488510569999,46.3589115230001 -70.1515233489999,46.359328223 -70.152851169,46.359872683 -70.1542512089999,46.360125473 -70.1557485009999,46.3613143740001 -70.1564290699999,46.361467163 -70.15714574,46.3609310630001 -70.1577429709999,46.360761623 -70.1580651909999,46.3605755230001 -70.1577984909999,46.359886633 -70.157931821,46.359506073 -70.158601271,46.359256083 -70.159581841,46.359403323 -70.160054082,46.359581102 -70.1603291019999,46.3598811030001 -70.1597624409999,46.360506093 -70.1598346809999,46.3607977630001 -70.160148582,46.3609866530001 -70.160954152,46.3611422230001 -70.161670832,46.3610811130001 -70.1624541629999,46.3606339130001 -70.162509692,46.359731132 -70.163062462,46.3591839220001 -70.164215263,46.359108932 -70.165243043,46.3584784020001 -70.1651541429999,46.358172842 -70.166012463,46.357464522 -70.1665596939999,46.357381192 -70.168284784,46.3586478720001 -70.1708265349999,46.359428452 -70.171745996,46.3594006820001 -70.1728821359999,46.359203472 -70.174132146,46.358686822 -70.1753349369999,46.3581146130001 -70.176146017,46.356611851 -70.177251567,46.3555868710001 -70.180496058,46.354636901 -70.1811016189999,46.354178581 -70.1814515689999,46.352534151 -70.1816876789999,46.3521980410001 -70.182484909,46.351839711 -70.1833265889999,46.3516563900001 -70.1843155189999,46.351984181 -70.1855710789999,46.3511314200001 -70.18794888,46.3500342200001 -70.18858223,46.3499592300001 -70.189646161,46.3504981300001 -70.1911850819999,46.35023425 -70.1921684019999,46.3492592700001 -70.192201731,46.349053719 -70.1916933919999,46.348981489 -70.191254462,46.34812593 -70.191254451,46.3479231600001 -70.191473891,46.3475870500001 -70.192576692,46.347328729 -70.1931211419999,46.3469092890001 -70.193421122,46.345967629 -70.195071113,46.3442870980001 -70.195771103,46.3433037780001 -70.195173833,46.3421759990001 -70.195637703,46.3412898990001 -70.195693252,46.3408510090001 -70.195959912,46.340598238 -70.197096043,46.3401426980001 -70.1982738139999,46.3389177180001 -70.199679384,46.338028847 -70.199915494,46.3376788480001 -70.200901604,46.3369899780001 -70.201979364,46.3352705470001 -70.204201615,46.3341844670001 -70.2051210659999,46.333351147 -70.205268275,46.3326455960001 -70.206479405,46.3318289470001 -70.207446096,46.3315150660001 -70.2087544359999,46.329915086 -70.2089405469999,46.329512316 -70.207615486,46.3280734160001 -70.206640415,46.325448425 -70.2063987349999,46.3250650860001 -70.206045945,46.324759525 -70.205948705,46.323912315 -70.2071737049999,46.322192885 -70.207048695,46.321651225 -70.206693125,46.321320665 -70.2068125549999,46.3203456740001 -70.207223665,46.319873455 -70.207290335,46.3195706750001 -70.206673635,46.3186373450001 -70.205612474,46.317495674 -70.204304094,46.316803995 -70.2044818639999,46.3162095540001 -70.203967943,46.315398444 -70.2031706929999,46.3148512130001 -70.2029790129999,46.314378994 -70.203017893,46.3138762230001 -70.203384554,46.3130151130001 -70.203670663,46.3125429030001 -70.2043067829999,46.3117956930001 -70.204984554,46.3106707040001 -70.2060984629999,46.3098734930001 -70.2061456439999,46.3074679520001 -70.206542863,46.306306852 -70.206398394,46.3054985220001 -70.205990044,46.3049124120001 -70.205728903,46.303773521 -70.205337213,46.3032290720001 -70.205317763,46.3028429620001 -70.205592763,46.302365191 -70.206637223,46.301551321 -70.2067372239999,46.3012152110001 -70.206514983,46.3008929910001 -70.2058788529999,46.3006568710001 -70.205637184,46.300448541 -70.205601063,46.3002013110001 -70.2058760629999,46.2997457610001 -70.206784414,46.2992152210001 -70.2090872429999,46.298829131 -70.210353934,46.2982124810001 -70.2112011739999,46.2981902700001 -70.211867865,46.2986208300001 -70.2123678849999,46.2985597210001 -70.212712326,46.2980541700001 -70.2133956759999,46.2977736300001 -70.2140873449999,46.29720697 -70.214256786,46.2967986400001 -70.213684545,46.2966430800001 -70.213517875,46.29641252 -70.214504006,46.29595698 -70.214387326,46.2954069800001 -70.214804005,46.2954403200001 -70.215201237,46.2953903210001 -70.2151123369999,46.2950292100001 -70.215248446,46.29478477 -70.215784576,46.29487089 -70.2162234859999,46.2954431100001 -70.216895727,46.295459781 -70.217354066,46.295251459 -70.216756817,46.2947014490001 -70.2166095869999,46.29445701 -70.216956817,46.29424312 -70.2178485059999,46.2942181290001 -70.219412427,46.293762589 -70.220718007,46.2932042790001 -70.222787508,46.2931959590001 -70.223376409,46.292823749 -70.224234759,46.292659869 -70.225662579,46.2927848790001 -70.2269598299999,46.292512678 -70.22743206,46.2921876790001 -70.2277404,46.2920932390001 -70.2280654099999,46.292165459 -70.22842931,46.292415469 -70.228684871,46.2923626890001 -70.22890432,46.2921849190001 -70.2288154199999,46.291790469 -70.22893765,46.2915960290001 -70.2299654509999,46.2913849290001 -70.230871022,46.2913266080001 -70.2316293709999,46.2910460590001 -70.2316710119999,46.289193288 -70.231832122,46.288812738 -70.2316571009999,46.288151628 -70.2318459809999,46.2875905180001 -70.231898751,46.2868099680001 -70.2325293009999,46.285643318 -70.2325265119999,46.284723877 -70.233020961,46.2842572170001 -70.234334862,46.2834766780001 -70.2347682019999,46.2826822370001 -70.235262642,46.282087807 -70.235468192,46.2814878070001 -70.236818222,46.280821157 -70.237704352,46.280801727 -70.238646033,46.2802045170001 -70.239873823,46.2791656460001 -70.2398210229999,46.2777684260001 -70.2401849139999,46.2773239860001 -70.2401626829999,46.276996206 -70.2394932129999,46.2764573160001 -70.239434863,46.275773986 -70.2397070919999,46.2754489960001 -70.2406904429999,46.2749212250001 -70.240907093,46.2741740060001 -70.240537633,46.273446236 -70.240665404,46.2729712350001 -70.241154304,46.272701796 -70.241629313,46.272774026 -70.242157114,46.2734073550001 -70.242498794,46.2734684760001 -70.243351584,46.273087925 -70.2434793639999,46.2726795950001 -70.243034893,46.2721129240001 -70.243043224,46.271832375 -70.245018245,46.270418514 -70.245809924,46.2698463040001 -70.246609925,46.268774095 -70.247996055,46.267790774 -70.248659956,46.2670991140001 -70.248607165,46.266443564 -70.248315475,46.2659657840001 -70.2484849159999,46.265193573 -70.2495182659999,46.2645435840001 -70.249665485,46.264343583 -70.249204356,46.2640935840001 -70.249259916,46.2638963630001 -70.249712696,46.2638602540001 -70.250076596,46.2636630330001 -70.250401596,46.2630963730001 -70.250496035,46.2627769330001 -70.250326576,46.262532493 -70.2497515649999,46.2626074840001 -70.2496182259999,46.262421374 -70.250257126,46.2620741530001 -70.250404346,46.261940823 -70.2501126659999,46.261693603 -70.2500904459999,46.2614463830001 -70.2506154549999,46.261160272 -70.250595996,46.2607713840001 -70.2508265559999,46.2606213930001 -70.251321016,46.2607047230001 -70.2525015959999,46.2599769620001 -70.252707146,46.2593575230001 -70.2530682569999,46.258843643 -70.2528515659999,46.2581630830001 -70.253523786,46.256824212 -70.253387657,46.256146432 -70.2530237459999,46.255590872 -70.253037636,46.2551825420001 -70.2533181869999,46.254785332 -70.2543515469999,46.2545464520001 -70.254673767,46.254232562 -70.254562646,46.2538186720001 -70.253487606,46.252915892 -70.252034775,46.2525075510001 -70.2515041949999,46.2518881010001 -70.251731965,46.251032551 -70.251673625,46.2506603310001 -70.2509263649999,46.249602001 -70.2508902449999,46.2491242310001 -70.251301365,46.248699231 -70.252456936,46.2481409210001 -70.253551406,46.2474687110001 -70.254487527,46.24663817 -70.255134766,46.2463715110001 -70.255390316,46.246143741 -70.255404206,46.24593263 -70.254751417,46.246024291 -70.254251395,46.2459465100001 -70.254051386,46.2457187300001 -70.2542291669999,46.24545763 -70.2549958559999,46.2452465200001 -70.2555653059999,46.2449882000001 -70.2560653159999,46.24432154 -70.256040296,46.24329377 -70.256765306,46.24252712 -70.257170856,46.241832689 -70.256870836,46.241168799 -70.2568847269999,46.2407049190001 -70.2571236169999,46.2402882590001 -70.258170857,46.2397354990001 -70.259195867,46.238935509 -70.259379197,46.2385493990001 -70.2583763869999,46.2381855080001 -70.257973597,46.2379466190001 -70.2583235659999,46.2355605380001 -70.259323576,46.2344883390001 -70.259693027,46.2336216780001 -70.259748557,46.232410578 -70.259912447,46.231952248 -70.260601347,46.2314744870001 -70.260918018,46.231113377 -70.260379117,46.2310633770001 -70.2600735469999,46.230966148 -70.2603652179999,46.230246718 -70.260956887,46.2297578370001 -70.262168018,46.229163407 -70.263545838,46.229043978 -70.263856948,46.228788427 -70.2641430589999,46.2281800970001 -70.263840268,46.2278384370001 -70.263829158,46.2276495470001 -70.264301379,46.227316226 -70.265520849,46.226274576 -70.2656486179999,46.225727356 -70.267159759,46.2252384860001 -70.26733754,46.225035716 -70.265818038,46.223849606 -70.265765259,46.2236301560001 -70.2661985889999,46.222771837 -70.2672541479999,46.221630195 -70.267790269,46.221171865 -70.267948599,46.2208329860001 -70.267640249,46.220010765 -70.267481899,46.2194274350001 -70.267720789,46.2191802150001 -70.268515259,46.219466335 -70.268840279,46.2197579950001 -70.269043059,46.219680225 -70.269018049,46.2193468950001 -70.269373609,46.218619125 -70.2692986,46.218477455 -70.269070819,46.2187191250001 -70.2685791389999,46.218794115 -70.2683652489999,46.2186080050001 -70.268712469,46.2179969050001 -70.269176369,46.2177746850001 -70.269465269,46.218035795 -70.2697624899999,46.217733025 -70.2697652589999,46.2172663640001 -70.270698619,46.216941375 -70.271115299,46.217199705 -70.2713930789999,46.217049715 -70.2713153,46.2167191550001 -70.2714986299999,46.2164969450001 -70.272023651,46.216633055 -70.2722597699999,46.2170691640001 -70.2725597799999,46.2171136150001 -70.27292367,46.216846945 -70.27364869,46.2168441750001 -70.273659801,46.2165969550001 -70.2731736699999,46.216469175 -70.273015331,46.216285844 -70.27317922,46.215924735 -70.274048681,46.2154580850001 -70.274420901,46.2148275340001 -70.274362571,46.2145386450001 -70.273984771,46.214474754 -70.2733458609999,46.2140053140001 -70.27249306,46.2139219740001 -70.27201805,46.2137191940001 -70.271556909,46.2131414240001 -70.27192637,46.212969204 -70.2719763599999,46.2125886540001 -70.2716402299999,46.212035874 -70.271220769,46.211835874 -70.270909649,46.2115442040001 -70.2710707589999,46.2111192140001 -70.271076309,46.2108442140001 -70.27140409,46.2107969940001 -70.271554099,46.2110997730001 -70.27177633,46.211116444 -70.27222634,46.2109275540001 -70.2722679999999,46.210677564 -70.2717041,46.210322003 -70.2716151989999,46.210144224 -70.271801319,46.2099608930001 -70.27240411,46.2099359040001 -70.2728124499999,46.209794243 -70.27336801,46.2093998030001 -70.2735846799999,46.2089970330001 -70.2754013799999,46.208019273 -70.2758541709999,46.2077248430001 -70.2763986209999,46.207527623 -70.276381951,46.207383183 -70.2769180609999,46.2065887430001 -70.276843051,46.2061165320001 -70.277084711,46.205155432 -70.2775680509999,46.2043915520001 -70.2776291609999,46.2041887720001 -70.2773763709999,46.2039415520001 -70.277534701,46.2037165520001 -70.2778152609999,46.2035860020001 -70.278465281,46.2035749030001 -70.2791569519999,46.2028193520001 -70.279129172,46.202527692 -70.279581951,46.201783262 -70.2799152919999,46.2015193720001 -70.281154202,46.201252722 -70.281431992,46.2011305010001 -70.2813653119999,46.2007055010001 -70.281168082,46.200449952 -70.281062522,46.2001277320001 -70.2816458619999,46.1996694010001 -70.2826208819999,46.1992888610001 -70.283601463,46.1991222020001 -70.2839014639999,46.1989472120001 -70.284618133,46.197700001 -70.285415374,46.1975916710001 -70.286059813,46.196594471 -70.286018143,46.1961528 -70.2861792529999,46.1959250310001 -70.2859736839999,46.19552781 -70.286004244,46.1954055910001 -70.286401473,46.1953361500001 -70.286623704,46.1951694910001 -70.286954264,46.195125041 -70.2880320739999,46.195355611 -70.2881709649999,46.195302831 -70.288320965,46.1950611710001 -70.288198724,46.1943667300001 -70.287915384,46.1939334 -70.288523724,46.193616741 -70.2888487339999,46.19376952 -70.289165414,46.19364174 -70.289337635,46.1932111900001 -70.288945944,46.19298064 -70.2889765049999,46.19279175 -70.289587634,46.19285009 -70.291501555,46.1920056600001 -70.292023785,46.1916417800001 -70.2926932459999,46.19148346 -70.292459906,46.191175119 -70.292443226,46.1908362400001 -70.2922987759999,46.1906112400001 -70.292376555,46.19025013 -70.2918598749999,46.190122349 -70.291354304,46.1903140090001 -70.2911681849999,46.190225119 -70.291379295,46.1897251300001 -70.290648715,46.1890640190001 -70.2900959139999,46.188900129 -70.290220914,46.1885279100001 -70.290062564,46.187922359 -70.2906764639999,46.187719589 -70.290587564,46.187019589 -70.290832005,46.186077939 -70.290556984,46.1856668290001 -70.2906097539999,46.185155718 -70.289431954,46.185272379 -70.2882819229999,46.185197369 -70.2872318829999,46.1847168090001 -70.2864374229999,46.1847973590001 -70.285940183,46.1846473590001 -70.285712393,46.184464029 -70.285962393,46.183919588 -70.2858401519999,46.182619598 -70.2849928919999,46.1822307080001 -70.284817883,46.181839048 -70.284376212,46.1817445980001 -70.283812301,46.1814612580001 -70.2838122919999,46.1810723780001 -70.284248412,46.1809418290001 -70.283792832,46.180344608 -70.2833789319999,46.1802834980001 -70.282951141,46.1802695980001 -70.2828455809999,46.1800446080001 -70.282567792,46.179822378 -70.282462231,46.1795001580001 -70.282431661,46.1787168380001 -70.28182608,46.178214058 -70.281356621,46.1781362780001 -70.281251061,46.177680728 -70.28102883,46.1775307280001 -70.280467711,46.177622388 -70.28030381,46.1775446070001 -70.28012324,46.1770751670001 -70.28007324,46.176661288 -70.2796287799999,46.176447388 -70.279470429,46.1760862880001 -70.279167639,46.1758751780001 -70.278942639,46.175811287 -70.27759536,46.1745946180001 -70.2769342289999,46.1745140570001 -70.2765064389999,46.1746584970001 -70.275856419,46.1743834970001 -70.275389748,46.174377937 -70.2750925089999,46.1742057170001 -70.274970277,46.173886268 -70.2755230669999,46.1735196170001 -70.2755452879999,46.173358507 -70.274992488,46.1730362770001 -70.274103568,46.172672387 -70.2737341169999,46.1723223870001 -70.273131317,46.172230717 -70.272631298,46.1720501680001 -70.271750727,46.1722251570001 -70.271136817,46.172050147 -70.2706756859999,46.171425157 -70.270161776,46.1711112670001 -70.270164557,46.170950157 -70.270550677,46.170897386 -70.270689566,46.1707390460001 -70.269347856,46.170261268 -70.268886736,46.170394597 -70.2680311559999,46.1701307070001 -70.267153335,46.1692640370001 -70.2667949949999,46.169364037 -70.266569986,46.169350147 -70.266225525,46.168594597 -70.2657810649999,46.168161266 -70.264881034,46.1677723660001 -70.264708804,46.1675501460001 -70.2648726849999,46.1669945960001 -70.2646837839999,46.1667223860001 -70.264461554,46.166264046 -70.264431004,46.165872386 -70.2645754439999,46.1654307260001 -70.264464334,46.1646723960001 -70.264180993,46.1645418460001 -70.263744864,46.164511286 -70.263155963,46.1642973960001 -70.262061493,46.164452935 -70.261719813,46.1643307160001 -70.2616503629999,46.1639473860001 -70.261205912,46.1636057160001 -70.2604420019999,46.1635946060001 -70.260066992,46.163372376 -70.2596419819999,46.163230716 -70.259386412,46.1629779360001 -70.258994742,46.1622918260001 -70.2583586109999,46.1617696060001 -70.258425272,46.1616557150001 -70.258969732,46.161622385 -70.259061402,46.1613112860001 -70.2584419419999,46.1607168360001 -70.2577641409999,46.160477945 -70.257325242,46.1597446150001 -70.257030791,46.159644615 -70.256828012,46.159586285 -70.256630781,46.159375176 -70.25649466,46.1593085050001 -70.256100211,46.1594862750001 -70.255877981,46.159511276 -70.25566686,46.159419606 -70.255844651,46.1591140560001 -70.255830761,46.1588723950001 -70.255439081,46.1585057250001 -70.2549446199999,46.1583585050001 -70.25440016,46.1583946050001 -70.25421405,46.1585529450001 -70.2537806999999,46.158533495 -70.2526139989999,46.158175155 -70.2524139989999,46.1580029350001 -70.252158429,46.1574723860001 -70.25215288,46.157072385 -70.2511306279999,46.156858496 -70.250291719,46.1562473750001 -70.2504639379999,46.1561168260001 -70.250227819,46.1558223850001 -70.249733369,46.155750154 -70.249533358,46.1555279350001 -70.250447268,46.154625175 -70.2503555979999,46.1543140650001 -70.249358348,46.154058504 -70.2491333469999,46.1539196150001 -70.248016647,46.153555725 -70.247602747,46.1531446050001 -70.247830527,46.152872395 -70.247972198,46.1525251750001 -70.2483555379999,46.1525001740001 -70.2483944269999,46.151964074 -70.248233317,46.1518251840001 -70.2477527469999,46.1517224040001 -70.247355507,46.1518862840001 -70.2471332869999,46.1519085050001 -70.246824948,46.151841835 -70.246427707,46.1515751750001 -70.246302707,46.151094614 -70.246099917,46.1509585040001 -70.245788797,46.150905724 -70.2451693359999,46.150986274 -70.244627657,46.151269604 -70.244452657,46.151544594 -70.2440887559999,46.151575144 -70.243822075,46.151480705 -70.243638746,46.151266815 -70.243844306,46.150714044 -70.243324846,46.150489045 -70.2431859449999,46.1501140440001 -70.243044276,46.1499640440001 -70.242513705,46.1497695940001 -70.241919245,46.149775144 -70.2415525649999,46.1500418040001 -70.2414247849999,46.150508474 -70.241513685,46.1507918040001 -70.241216454,46.1509862450001 -70.240594215,46.1509890150001 -70.240263645,46.150719564 -70.240344205,46.150541794 -70.240227535,46.1500195740001 -70.240027524,46.149825134 -70.240108085,46.1496390240001 -70.240408095,46.149491804 -70.240499755,46.149169584 -70.240419204,46.1490112540001 -70.240252525,46.148936254 -70.239933074,46.148983474 -70.239633064,46.1489501350001 -70.239252504,46.148777914 -70.2382024739999,46.147633473 -70.237635783,46.1467140340001 -70.237344104,46.1465362540001 -70.236919093,46.1465112440001 -70.236566303,46.1464168040001 -70.2365357529999,46.146044584 -70.236835753,46.1455668130001 -70.236282963,46.145250144 -70.2363162939999,46.145061254 -70.237280213,46.1448307140001 -70.2377857829999,46.144461273 -70.238208014,46.1442279440001 -70.238838584,46.1436862940001 -70.238916364,46.1436862940001 -70.239110814,46.1435251840001 -70.2395802739999,46.143214083 -70.239191363,46.142161313 -70.239308034,46.142161313 -70.239830274,46.141819653 -70.239333034,46.141080763 -70.239427485,46.140916883 -70.240044164,46.1406668830001 -70.240085834,46.140455783 -70.239483034,46.1403446620001 -70.239330254,46.1402002230001 -70.239296924,46.1399418830001 -70.239591374,46.1395030030001 -70.239880264,46.1395891130001 -70.2401552749999,46.1395752330001 -70.2402552739999,46.139225233 -70.2403386129999,46.1390613520001 -70.240094164,46.1389252330001 -70.239866374,46.1387113420001 -70.239602484,46.1383141320001 -70.239794154,46.138105802 -70.2396719229999,46.1378835730001 -70.239808044,46.1377696930001 -70.239983044,46.1378891320001 -70.240319164,46.1379558020001 -70.240355274,46.1377002520001 -70.240427504,46.1375641430001 -70.240488614,46.1372363720001 -70.240213604,46.137053032 -70.240191383,46.1368835920001 -70.240285824,46.136769702 -70.240627504,46.1368335930001 -70.240544163,46.136594712 -70.240844174,46.1365808210001 -70.240996955,46.1365169320001 -70.2409664049999,46.136289161 -70.241238634,46.136239162 -70.2413358539999,46.136119722 -70.241402524,46.1359141620001 -70.2416080839999,46.1355363920001 -70.241713644,46.1354419510001 -70.2418942049999,46.1354502820001 -70.242033094,46.135305842 -70.241896974,46.135094731 -70.241852534,46.1349030710001 -70.241577524,46.1349114020001 -70.2414914139999,46.134775292 -70.241744194,46.1343447420001 -70.242488655,46.133566972 -70.242613654,46.133158651 -70.2427497739999,46.133039201 -70.2428331039999,46.1326419910001 -70.242999775,46.1323808810001 -70.242705325,46.1322864320001 -70.242491434,46.132153101 -70.2423692039999,46.1317336610001 -70.242849775,46.131144781 -70.243244225,46.1310920110001 -70.243574795,46.1310114500001 -70.243899805,46.131030901 -70.243910915,46.130828131 -70.2435803449999,46.130617011 -70.243530344,46.1303864610001 -70.243947025,46.1298531310001 -70.243919244,46.129694801 -70.243755345,46.12962536 -70.243610905,46.1294975810001 -70.243733124,46.12923369 -70.2435581139999,46.129078141 -70.243560895,46.1287753600001 -70.243680345,46.1286614800001 -70.2439136849999,46.12864203 -70.244110915,46.128772591 -70.244266475,46.12868926 -70.2445803649999,46.128653151 -70.244694265,46.1285892600001 -70.244810935,46.1284503810001 -70.244816484,46.12810871 -70.244969265,46.1279614900001 -70.2449609339999,46.1278559400001 -70.244741485,46.12784205 -70.244749815,46.12756705 -70.2445914749999,46.1274392810001 -70.244660924,46.1272920500001 -70.2449859339999,46.1273115000001 -70.2451026049999,46.1272670600001 -70.244941485,46.1271392800001 -70.244952595,46.1270365 -70.245235935,46.12697817 -70.2452831639999,46.12688095 -70.2451387139999,46.1267309500001 -70.2451637149999,46.1266531800001 -70.245449835,46.126361521 -70.245549835,46.1261309610001 -70.245960955,46.1261281910001 -70.246080405,46.125964299 -70.246105405,46.12577264 -70.246177625,46.1256920800001 -70.246366525,46.12575875 -70.2466248649999,46.1256476400001 -70.246691535,46.1255531990001 -70.246883205,46.12539487 -70.247130436,46.12541987 -70.247274886,46.12559765 -70.2474359949999,46.12560876 -70.247508215,46.1252837700001 -70.2473471059999,46.1250143190001 -70.247233206,46.1246893200001 -70.2470054249999,46.1244337700001 -70.247058205,46.1243115500001 -70.2473748749999,46.12421433 -70.2474082159999,46.1240421100001 -70.247547106,46.1239837800001 -70.247841556,46.12412822 -70.2480026759999,46.124064339 -70.247949895,46.123861559 -70.2479665659999,46.123669899 -70.2479054459999,46.1234393390001 -70.2477665549999,46.123233789 -70.247974895,46.122997679 -70.2478387749999,46.1226948990001 -70.2480498959999,46.1224421300001 -70.2481360049999,46.1222726890001 -70.248508236,46.1222587990001 -70.248702685,46.1217810300001 -70.249069366,46.121428259 -70.249355485,46.1209449290001 -70.2497638259999,46.1205671600001 -70.2497304949999,46.120386609 -70.249897166,46.1203949390001 -70.2504527359999,46.1203616190001 -70.250602737,46.120200509 -70.250455506,46.119958839 -70.2505582859999,46.119739399 -70.2507138459999,46.1196810690001 -70.250880517,46.119747728 -70.251086086,46.119586628 -70.251291646,46.1196255190001 -70.251483316,46.119528298 -70.251458317,46.119408848 -70.2512610859999,46.1192616290001 -70.2511888559999,46.1191199690001 -70.251019406,46.1188894090001 -70.250966627,46.118497749 -70.251122186,46.118208859 -70.251041637,46.1179921990001 -70.251205526,46.1178283090001 -70.2513666359999,46.1178171990001 -70.251561087,46.1179366480001 -70.251791657,46.1178310880001 -70.251869426,46.1175005380001 -70.251594427,46.117028319 -70.251588866,46.116750548 -70.251894427,46.1164838780001 -70.2524111069999,46.1162699980001 -70.252394437,46.1159755580001 -70.2524833269999,46.115875558 -70.2521749859999,46.1150894580001 -70.252274987,46.114986678 -70.252786117,46.1151922380001 -70.2530222359999,46.1152089070001 -70.253144457,46.115070018 -70.252808337,46.1148394580001 -70.252666667,46.114681128 -70.252744446,46.114500578 -70.253111127,46.1145227980001 -70.253311126,46.114611687 -70.253477797,46.1145950280001 -70.253369456,46.114383918 -70.2533000179999,46.114258917 -70.253355577,46.114208918 -70.2534944669999,46.1143089180001 -70.253608357,46.1142811380001 -70.253633357,46.113995028 -70.2539361459999,46.114020028 -70.254108367,46.1140866970001 -70.254169487,46.1139339280001 -70.254447268,46.113839478 -70.2545278269999,46.1137228170001 -70.254419487,46.1133311580001 -70.2543278169999,46.113322818 -70.2542444869999,46.1134339280001 -70.254141708,46.1134422580001 -70.2541583669999,46.1133172680001 -70.254044477,46.1132672580001 -70.253902807,46.113111707 -70.253916697,46.1129950370001 -70.2537416869999,46.112981147 -70.253580577,46.1129255980001 -70.253461127,46.1128533780001 -70.2534139059999,46.112681148 -70.253525017,46.1123922670001 -70.253477797,46.112281157 -70.253641686,46.1122144880001 -70.2538139069999,46.112195048 -70.253916697,46.112281157 -70.254133367,46.111942277 -70.253975027,46.111922828 -70.253927807,46.1118394970001 -70.254141698,46.1117283880001 -70.254127807,46.111617278 -70.253947247,46.1116228270001 -70.2538833569999,46.111572827 -70.254002806,46.111431167 -70.2542305869999,46.1114478370001 -70.254280587,46.1113561670001 -70.254141697,46.1112339480001 -70.254141697,46.111111727 -70.254319477,46.111020067 -70.254594487,46.111031177 -70.254902827,46.111089507 -70.254986167,46.1110339570001 -70.2549528279999,46.110945067 -70.255022277,46.1107895170001 -70.2551472769999,46.1108422880001 -70.255261167,46.1107978470001 -70.255258387,46.110414516 -70.255077827,46.110417297 -70.2548722669999,46.1104450770001 -70.254719487,46.110370076 -70.254600037,46.110167296 -70.254766708,46.110106187 -70.254911158,46.109931187 -70.2549556069999,46.109811747 -70.254880596,46.1095089670001 -70.2550500469999,46.109383977 -70.2551694969999,46.1091673070001 -70.2553222769999,46.109042306 -70.255213937,46.108831197 -70.254972267,46.1087173170001 -70.255030607,46.108545087 -70.254991707,46.108475646 -70.254813927,46.108464537 -70.254661147,46.108264537 -70.254450027,46.108131207 -70.254375027,46.108033977 -70.254330587,46.107875646 -70.2541916869999,46.1077589860001 -70.2536222269999,46.107470096 -70.253105547,46.1076867560001 -70.252797206,46.107608977 -70.252697207,46.1074728670001 -70.252841657,46.1072256470001 -70.252702756,46.1069506470001 -70.252724976,46.106875646 -70.2526221959999,46.1067617570001 -70.2523388559999,46.106542317 -70.2524221959999,46.106170096 -70.2522082959999,46.1053062170001 -70.2528499759999,46.1041423460001 -70.252591626,46.1015979160001 -70.253113865,46.100136825 -70.254944466,46.0995701750001 -70.257194107,46.099627485</coordinates></LineString></MultiGeometry>
  </Placemark>
  <Placemark>
	<Style><LineStyle><color>ff0000ff</color></LineStyle><PolyStyle><fill>0</fill></PolyStyle></Style>
	<ExtendedData><SchemaData schemaUrl="#Canada_and_US_Border">
		<SimpleData name="FID">7</SimpleData>
		<SimpleData name="SectionNum">8</SimpleData>
		<SimpleData name="SectionEng">The Highlands (Northeast Section)</SimpleData>
		<SimpleData name="SectionFre">Les hautes terres (section nord-est)</SimpleData>
		<SimpleData name="MaxScale">1:24,000</SimpleData>
		<SimpleData name="Shape_Leng">1.39071130085</SimpleData>
		<SimpleData name="GlobalID">{CF487421-022A-4ED1-8ECF-C33C3676ED17}</SimpleData>
		<SimpleData name="SHAPE_Length">1.3907116858305</SimpleData>
	</SchemaData></ExtendedData>
      <MultiGeometry><LineString><coordinates>-70.257194107,46.099627485 -70.257610837,46.100297815 -70.259534088,46.1005490250001 -70.260741008,46.100988596 -70.262015939,46.1007472750001 -70.262596199,46.100413216 -70.263305309,46.1005285150001 -70.2637300489999,46.100676955 -70.2644996499999,46.1005291450001 -70.26535774,46.100781215 -70.266028771,46.100688775 -70.268493271,46.101337185 -70.269513881,46.101212155 -70.270354711,46.1010790350001 -70.271423592,46.101519625 -70.272133622,46.1017233740001 -70.272533653,46.102094075 -70.273553433,46.1020805950001 -70.274704893,46.101456135 -70.274793443,46.101448895 -70.2755106339999,46.101292255 -70.277402114,46.1004983940001 -70.279367335,46.0998690850001 -70.279950734,46.099871385 -70.280231315,46.0999255840001 -70.283005047,46.1004301950001 -70.283908337,46.100282264 -70.2847489769999,46.099853984 -70.285937147,46.0998348640001 -70.2859401969999,46.099825475 -70.285212206,46.0993217540001 -70.284184706,46.0978995240001 -70.284940907,46.097100524 -70.285638077,46.0968733540001 -70.2881577969999,46.0952233630001 -70.2888096569999,46.0949869130001 -70.289706128,46.094583813 -70.290458198,46.0929798220001 -70.290533538,46.0928193920001 -70.291017059,46.0917887420001 -70.291098388,46.0902105330001 -70.290959598,46.0894633020001 -70.2913377679999,46.088579962 -70.291341738,46.088462172 -70.291587578,46.0872929020001 -70.292022258,46.0868020620001 -70.292539048,46.0864818320001 -70.293024729,46.085824872 -70.293614339,46.0855030120001 -70.29770274,46.084523672 -70.29854481,46.084200411 -70.29915654,46.083841901 -70.30033724,46.083593971 -70.3012044609999,46.0831057610001 -70.3019097609999,46.0823692910001 -70.302422361,46.0811152000001 -70.302279211,46.0804386300001 -70.301103171,46.07988111 -70.30042163,46.0794640600001 -70.2998617599999,46.079079791 -70.29998266,46.0784239910001 -70.3005511699999,46.0777919700001 -70.3012935409999,46.07753569 -70.302105161,46.07741279 -70.302859041,46.0766002390001 -70.302814391,46.07451188 -70.30221019,46.0739685890001 -70.30207717,46.07327682 -70.304560081,46.072218429 -70.3050253009999,46.071812349 -70.304967721,46.0715188290001 -70.304342402,46.0711127590001 -70.303691451,46.070999918 -70.3027576699999,46.0711962290001 -70.3025330199999,46.0709562690001 -70.30254235,46.0707935090001 -70.30253105,46.0703677490001 -70.3035086199999,46.0697651990001 -70.3041133999999,46.069556748 -70.3048109219999,46.069366018 -70.3063306719999,46.068429838 -70.306934282,46.0674469780001 -70.3079945119999,46.0669048080001 -70.3088687219999,46.0655915080001 -70.310110713,46.0650012770001 -70.310850063,46.064622157 -70.310956943,46.0641911880001 -70.310445073,46.0637150270001 -70.309865062,46.0633188370001 -70.309434772,46.0625152870001 -70.308100011,46.061557237 -70.3068772509999,46.061127927 -70.3063538709999,46.0612133770001 -70.3057352819999,46.061432817 -70.305307251,46.061422437 -70.3045886909999,46.061738597 -70.30335531,46.0622687270001 -70.30307256,46.0622054070001 -70.30308128,46.0617283770001 -70.30169885,46.060814597 -70.301084899,46.0609599270001 -70.300384219,46.0605942170001 -70.2994396989999,46.0608970070001 -70.2988036089999,46.0608882280001 -70.298364368,46.060754907 -70.297616918,46.060519997 -70.296479888,46.0604035170001 -70.295749948,46.0606897870001 -70.294654177,46.060673308 -70.293838217,46.060473868 -70.293271427,46.0605739170001 -70.2921941069999,46.060450717 -70.291240885,46.0611615880001 -70.290738436,46.0612676170001 -70.289131895,46.0621927980001 -70.287546036,46.0623207680001 -70.286939225,46.0626643780001 -70.2858778249999,46.0627568780001 -70.285195014,46.062578328 -70.284246684,46.0627273580001 -70.283682824,46.0621492880001 -70.283173903,46.0620038770001 -70.282999833,46.0616874180001 -70.283014023,46.0611837970001 -70.282184623,46.060276608 -70.281579903,46.0604677370001 -70.280497602,46.060430448 -70.279965723,46.0607282280001 -70.2794503119999,46.060717008 -70.2789429119999,46.0608468980001 -70.278622652,46.060456937 -70.278845292,46.060244928 -70.2784998019999,46.0596708670001 -70.278254041,46.059191427 -70.279390722,46.0586637870001 -70.2794033019999,46.058471238 -70.278524881,46.0570892170001 -70.278321771,46.056295317 -70.278655151,46.0559001570001 -70.279267621,46.0558016470001 -70.279477272,46.0556629870001 -70.279596022,46.0546554470001 -70.280097681,46.0544120160001 -70.280571542,46.054442507 -70.2807763719999,46.054283196 -70.280497982,46.053798456 -70.2806468219999,46.053510836 -70.280813532,46.0532340760001 -70.279614682,46.052334946 -70.279837712,46.0520061460001 -70.280214562,46.0518610060001 -70.280989042,46.051023156 -70.281049703,46.0506554660001 -70.281867672,46.0504538060001 -70.282263842,46.0500398360001 -70.282979322,46.0495607650001 -70.283393803,46.049491405 -70.284406922,46.0487162160001 -70.284640903,46.048416725 -70.284724054,46.0483288460001 -70.285900494,46.0480500050001 -70.2864947529999,46.047650005 -70.287163784,46.0474186750001 -70.2876247739999,46.046907505 -70.288746104,46.046675695 -70.289137054,46.0465110050001 -70.2897010249999,46.045909845 -70.289829325,46.045335154 -70.290254234,46.045097544 -70.290127565,46.0444315240001 -70.2907805039999,46.0438788540001 -70.291478016,46.043719794 -70.291887425,46.0434062150001 -70.292402395,46.0431118550001 -70.292638535,46.0425428250001 -70.293755515,46.041533804 -70.294242396,46.0410279440001 -70.295115976,46.0408751950001 -70.2951572659999,46.040944483 -70.295837446,46.040804064 -70.2966626259999,46.040918924 -70.297365737,46.0407195830001 -70.297422136,46.039843874 -70.298156497,46.0392631030001 -70.298425757,46.039126713 -70.298551077,46.0387998830001 -70.2992562169999,46.0382517030001 -70.299607597,46.037478003 -70.2996868669999,46.037133323 -70.299885628,46.0369039030001 -70.299624117,46.036567533 -70.299683687,46.035907923 -70.2998571969999,46.0357065920001 -70.300312177,46.035693173 -70.300644157,46.0351720830001 -70.301094077,46.034759233 -70.300703138,46.0340445620001 -70.3012464769999,46.0335274920001 -70.301853568,46.0333471930001 -70.3018014579999,46.0330100620001 -70.301934678,46.0318117420001 -70.301151547,46.0315565430001 -70.300129157,46.0315208320001 -70.299042417,46.031016612 -70.298460206,46.0308883020001 -70.2987930359999,46.0305212320001 -70.2987792069999,46.030155892 -70.300113466,46.0290229920001 -70.300644577,46.028795201 -70.3012947079999,46.0287299620001 -70.301729898,46.028433942 -70.301374477,46.027629651 -70.301986837,46.0272580610001 -70.302402237,46.0271927810001 -70.3033575979999,46.0268073010001 -70.304380979,46.026148161 -70.3050952579999,46.0257374710001 -70.3056122679999,46.0253057410001 -70.306287348,46.0249503700001 -70.307392619,46.0247372200001 -70.3084970799999,46.024308911 -70.3096934499999,46.024078581 -70.311438181,46.02322624 -70.3120812399999,46.0227817000001 -70.312607871,46.0226285000001 -70.313085671,46.0223813800001 -70.313625051,46.0222725400001 -70.3139542709999,46.0216710600001 -70.314340261,46.02155702 -70.3147868309999,46.0213106200001 -70.3151639019999,46.02034329 -70.315635702,46.0201253490001 -70.316263052,46.019628289 -70.316794052,46.0194770200001 -70.317367062,46.0195127690001 -70.317996153,46.0190844900001 -70.3179228119999,46.0189375890001 -70.317591523,46.0186792490001 -70.316449451,46.0185433890001 -70.316138772,46.01845876 -70.315652931,46.0184733090001 -70.3152503709999,46.0182065390001 -70.314942131,46.0173384190001 -70.3150743319999,46.016825328 -70.314047871,46.016139589 -70.312978701,46.01655587 -70.312230351,46.0166629890001 -70.3119233099999,46.016245559 -70.312017,46.015459219 -70.31180919,46.015439169 -70.31107961,46.0156744590001 -70.31077751,46.0155109290001 -70.31049689,46.014934549 -70.310660089,46.0144419490001 -70.31050993,46.0141770590001 -70.310421339,46.0139340480001 -70.310922579,46.0134926480001 -70.31067187,46.0126951780001 -70.3112958089999,46.012315288 -70.31130333,46.012063159 -70.31107886,46.011964569 -70.309652489,46.011405429 -70.309524309,46.010971919 -70.308884739,46.0103729580001 -70.308316299,46.0102583980001 -70.3074681479999,46.0106825080001 -70.3069257779999,46.010613489 -70.306121068,46.0097758580001 -70.305642717,46.0085161580001 -70.305144707,46.0068332070001 -70.3053408279999,46.005977117 -70.305938408,46.005593768 -70.305728877,46.005165967 -70.3054075969999,46.0039608170001 -70.305549017,46.003599867 -70.305122927,46.0033277970001 -70.3048776269999,46.0033407170001 -70.3043382669999,46.0030000770001 -70.3030202959999,46.0029759170001 -70.302713696,46.001865056 -70.3032634159999,46.001568827 -70.3038428959999,46.001455197 -70.3040257069999,46.0012011060001 -70.3034505259999,46.0005624670001 -70.303576467,46.0003113770001 -70.303262296,46.0000031270001 -70.302777506,45.9990009270001 -70.302369186,45.9986895970001 -70.301875395,45.998801417 -70.3010883549999,45.9987142260001 -70.300489375,45.998876206 -70.2999436539999,45.9986169570001 -70.2994341849999,45.998317146 -70.2988766949999,45.998521446 -70.2984208939999,45.998254086 -70.298230444,45.9979723860001 -70.2976416239999,45.997742886 -70.297183193,45.9978573770001 -70.296585834,45.997713667 -70.296034703,45.997510166 -70.295492883,45.9971992960001 -70.2953914729999,45.9970098160001 -70.2948142929999,45.9969998170001 -70.293983033,45.996903176 -70.292904173,45.997312617 -70.291922442,45.9973704870001 -70.291445072,45.997115116 -70.291870822,45.9968867270001 -70.291854402,45.996560006 -70.2913651919999,45.9960715070001 -70.290752321,45.995900007 -70.2903528909999,45.9959114860001 -70.290524782,45.995424036 -70.291064652,45.9952680160001 -70.291094292,45.9949687860001 -70.290793412,45.9947429160001 -70.290413751,45.994834896 -70.28870921,45.9952983470001 -70.2883951109999,45.9947202060001 -70.288929621,45.9943791060001 -70.288627931,45.9940168460001 -70.2877152899999,45.9941438060001 -70.28713211,45.9943670160001 -70.28652256,45.9944184170001 -70.2862992399999,45.994574126 -70.2849277999999,45.9951744160001 -70.28465192,45.995322156 -70.2839425499999,45.9954968760001 -70.283973599,45.9953954160001 -70.284582469,45.9949023460001 -70.28554581,45.9943804270001 -70.2858039399999,45.9940722870001 -70.28703878,45.9934812860001 -70.2871681,45.9929836360001 -70.286275249,45.992513925 -70.2865362699999,45.9923048460001 -70.2873557199999,45.9917852360001 -70.2885656409999,45.991285755 -70.28866965,45.991080955 -70.28985094,45.990500565 -70.290316741,45.990049695 -70.291039542,45.9897212450001 -70.291669312,45.9886472650001 -70.292063361,45.9884974440001 -70.292292171,45.9881833050001 -70.292949011,45.9879104340001 -70.293636942,45.9871828450001 -70.294144672,45.9868454150001 -70.294672012,45.986172584 -70.295525192,45.985889204 -70.2963547419999,45.986068414 -70.297253553,45.985903975 -70.298879163,45.9857708540001 -70.2997277539999,45.985884545 -70.300172974,45.9854128540001 -70.3006055939999,45.9853268640001 -70.301384075,45.9847755440001 -70.3015992649999,45.9843591040001 -70.302761985,45.983873314 -70.303353285,45.983990954 -70.3043393359999,45.983529484 -70.3050465549999,45.983545464 -70.3058301259999,45.983090804 -70.306990436,45.9827015540001 -70.3076664659999,45.981808513 -70.307663296,45.981197754 -70.308028716,45.9809668230001 -70.308129907,45.9806680130001 -70.308763926,45.980719413 -70.308911656,45.9804069730001 -70.3084655659999,45.9800476730001 -70.3085022669999,45.979738943 -70.308489906,45.979641583 -70.3081502859999,45.979365133 -70.307698106,45.9792282330001 -70.307032936,45.9783567430001 -70.308121195,45.9778474030001 -70.3094911859999,45.9773118430001 -70.3099432769999,45.9772017230001 -70.3100344869999,45.977053862 -70.309812527,45.9766932320001 -70.3101424069999,45.975834322 -70.310499948,45.9754515120001 -70.311488598,45.975123502 -70.311934697,45.9745270120001 -70.311940927,45.973962812 -70.3116324069999,45.973837362 -70.3110326669999,45.9738391920001 -70.310586606,45.973598662 -70.310598797,45.9731295110001 -70.3102439469999,45.972548531 -70.3112403969999,45.9720551410001 -70.311227437,45.971145661 -70.312017176,45.9702182410001 -70.312464517,45.969117571 -70.312067148,45.968223461 -70.312055707,45.967640821 -70.3115702169999,45.9663685300001 -70.3122725059999,45.9655409310001 -70.313223057,45.9652776300001 -70.3140919269999,45.9646315900001 -70.315319608,45.9644900600001 -70.3155076479999,45.96415312 -70.315940288,45.96399976 -70.315944008,45.9636577300001 -70.3158595479999,45.9629998890001 -70.315175628,45.962955859 -70.313297427,45.9630119400001 -70.3125513369999,45.96214436 -70.310864957,45.9625184600001 -70.3101675459999,45.96278822 -70.309353115,45.96278942 -70.3090160259999,45.96317442 -70.308365216,45.96361166 -70.308181595,45.9637808700001 -70.3071947459999,45.9640010700001 -70.3067204239999,45.9643781500001 -70.306352934,45.9644255100001 -70.304846745,45.964982461 -70.304494844,45.9649577910001 -70.3038023249999,45.9649000310001 -70.3036776129999,45.9646019800001 -70.303792484,45.9642846 -70.3032971339999,45.964095001 -70.302966294,45.964190441 -70.302271143,45.9639953500001 -70.3015054529999,45.9642248800001 -70.3006811229999,45.9642986210001 -70.300354892,45.96406159 -70.2997319529999,45.963593281 -70.298940262,45.9635600400001 -70.2983749219999,45.96290315 -70.2976576619999,45.9631996300001 -70.296809821,45.9634884110001 -70.295406911,45.9630184110001 -70.295168471,45.9629459600001 -70.2942665909999,45.9629528300001 -70.29279955,45.9634161800001 -70.2915240789999,45.9633420100001 -70.290676509,45.9635817610001 -70.289098398,45.963204981 -70.2887036879999,45.963270691 -70.288597459,45.9636779310001 -70.288206408,45.9640255410001 -70.2866214379999,45.9645618810001 -70.284983767,45.964445111 -70.2842203869999,45.964501711 -70.283386806,45.9637859010001 -70.282614826,45.9639009110001 -70.282144586,45.9642883010001 -70.281272596,45.9640427510001 -70.2801596959999,45.964990051 -70.2801076059999,45.965502621 -70.2794154759999,45.9658173110001 -70.2789341659999,45.9658244710001 -70.278475365,45.966079092 -70.277384285,45.966508941 -70.2770050239999,45.9672599520001 -70.276179434,45.9669231510001 -70.2756526749999,45.966922901 -70.2754287239999,45.9665281310001 -70.274752834,45.966176381 -70.2747824749999,45.965721382 -70.274505744,45.9655610710001 -70.2736237939999,45.964193111 -70.272686262,45.9643818010001 -70.273034563,45.9640793310001 -70.274942175,45.9634673510001 -70.274983854,45.962653221 -70.274795234,45.9620209610001 -70.274476573,45.9613918910001 -70.273915733,45.961394571 -70.273540133,45.961097362 -70.273028142,45.9611638210001 -70.2725699929999,45.961275561 -70.2718476329999,45.9612401410001 -70.2712757319999,45.961447031 -70.2701047419999,45.9621877210001 -70.268968252,45.962251671 -70.268963632,45.9622735720001 -70.267947872,45.9627483410001 -70.267492771,45.9628132610001 -70.265714541,45.9642154220001 -70.26545727,45.964030592 -70.2652672309999,45.963334021 -70.26535662,45.9628211310001 -70.26435405,45.9627544520001 -70.26436337,45.9622595910001 -70.2638903709999,45.9620186810001 -70.2633212389999,45.962013642 -70.262978899,45.9617423610001 -70.26254054,45.9608779710001 -70.261444589,45.959997721 -70.260691309,45.959895391 -70.260186639,45.959670411 -70.258996618,45.9593985610001 -70.258742448,45.959472401 -70.2580244879999,45.958987871 -70.2600661279999,45.95760038 -70.260144009,45.9573646200001 -70.259777228,45.956590471 -70.259743508,45.9562795900001 -70.259332698,45.9556271700001 -70.2586132279999,45.9552753900001 -70.258658758,45.9545971000001 -70.260425998,45.9535971500001 -70.260466008,45.95329407 -70.260874348,45.9529152600001 -70.260671498,45.95243773 -70.2605270179999,45.9522991100001 -70.260032538,45.9523061200001 -70.259425587,45.9522822100001 -70.2589491969999,45.9520345 -70.257776107,45.9525821 -70.2563510969999,45.95206741 -70.2558229859999,45.9524596090001 -70.2552518259999,45.9527437290001 -70.254892766,45.95315019 -70.255243987,45.9537031400001 -70.255042916,45.95434678 -70.253899696,45.954835701 -70.2532803559999,45.9552654410001 -70.252794136,45.9554103500001 -70.251641765,45.9548857410001 -70.2514043849999,45.9545864300001 -70.2518043549999,45.95421358 -70.2514306149999,45.9541458900001 -70.250800345,45.9531115010001 -70.249670195,45.9525839500001 -70.2494324049999,45.9526791600001 -70.2491505639999,45.9526339610001 -70.2489652739999,45.95244181 -70.2491947039999,45.9520914 -70.2489926339999,45.95174961 -70.248352484,45.9514888100001 -70.248105014,45.95095308 -70.2485539039999,45.950256779 -70.248031994,45.949645069 -70.247373473,45.9493618600001 -70.246803213,45.949377849 -70.245965403,45.94913476 -70.245642123,45.94875202 -70.2450363029999,45.948264679 -70.244692282,45.9476311500001 -70.242911071,45.9470302290001 -70.242325372,45.9466487890001 -70.2427963609999,45.9462543590001 -70.2426221709999,45.9458462700001 -70.2436043009999,45.9452981590001 -70.244218382,45.9448835790001 -70.2442756619999,45.9446874290001 -70.2433522819999,45.9445150490001 -70.242314791,45.9442466290001 -70.241882402,45.9444680390001 -70.241336841,45.944574969 -70.240988511,45.944454729 -70.240451461,45.943896269 -70.2396567709999,45.9440692690001 -70.2391423,45.9439529790001 -70.23911344,45.9435846490001 -70.240354211,45.942924169 -70.240396651,45.942039788 -70.23967097,45.9415442390001 -70.24001628,45.941186869 -70.240250751,45.940835748 -70.2401036109999,45.940497179 -70.23999176,45.940332948 -70.23950719,45.939856788 -70.2396260899999,45.9396475680001 -70.2405552399999,45.938969028 -70.242589531,45.9378785380001 -70.2429720109999,45.9373501380001 -70.2430585509999,45.9370536770001 -70.243530791,45.9369219880001 -70.243994652,45.9371421880001 -70.2445968009999,45.936878538 -70.2453254009999,45.9365958170001 -70.246802932,45.936199867 -70.2475154919999,45.935720487 -70.247927063,45.935357857 -70.2483992529999,45.9349734670001 -70.250293874,45.934016247 -70.251549365,45.933698077 -70.252598324,45.932994326 -70.253095204,45.932612567 -70.253307274,45.932557606 -70.253523244,45.931918017 -70.253928624,45.9311712370001 -70.2539760339999,45.930796377 -70.253997505,45.930725006 -70.254523455,45.9303997260001 -70.255006055,45.9299515160001 -70.2557396249999,45.9295372060001 -70.255937095,45.929083516 -70.2561583359999,45.928897325 -70.2581141159999,45.928590286 -70.2586634259999,45.9285104860001 -70.258612276,45.927666645 -70.2587869659999,45.926797896 -70.2600724869999,45.9260498460001 -70.261508587,45.9255286960001 -70.261993907,45.9251313350001 -70.262508708,45.9245638450001 -70.263090368,45.923995985 -70.262999757,45.9235288250001 -70.262408207,45.922926295 -70.262147716,45.922601684 -70.262353347,45.921886204 -70.2625884669999,45.9213316140001 -70.262399037,45.920493294 -70.262549037,45.9202646840001 -70.262255647,45.9199482240001 -70.261756507,45.9199951140001 -70.2610691959999,45.9204301940001 -70.260559986,45.920475954 -70.260341506,45.9203099050001 -70.259658046,45.919606194 -70.259407056,45.9189717040001 -70.258946646,45.918751754 -70.257833525,45.9184127440001 -70.257373475,45.918222374 -70.257183555,45.917648624 -70.257805595,45.9173202440001 -70.2576176749999,45.916906774 -70.2573307549999,45.916310654 -70.257357914,45.916141414 -70.257503274,45.9159467040001 -70.2575648449999,45.915663683 -70.2585382839999,45.9155196240001 -70.258924005,45.914991383 -70.258534944,45.9142103730001 -70.258646895,45.9138129740001 -70.258457705,45.9133659830001 -70.258443025,45.912983723 -70.258331885,45.912283433 -70.258572094,45.911711493 -70.258935836,45.911284052 -70.259139325,45.9110014030001 -70.259547675,45.9107217930001 -70.2596434659999,45.910436003 -70.259532495,45.909773713 -70.259289334,45.9094350930001 -70.258456235,45.9093518330001 -70.2581215439999,45.909268813 -70.2577204849999,45.9089683920001 -70.257144994,45.9089523920001 -70.2565777039999,45.9090366820001 -70.255889334,45.908959333 -70.255229383,45.909003802 -70.254973794,45.908707812 -70.254921644,45.908294933 -70.254458954,45.9079878420001 -70.254265494,45.907610972 -70.2533859929999,45.9073790630001 -70.253526703,45.906733473 -70.253876783,45.905886251 -70.253873223,45.9055880020001 -70.253563592,45.9050908310001 -70.253630242,45.904776112 -70.253911703,45.903961012 -70.253325382,45.903477222 -70.253546053,45.903146871 -70.253801653,45.902724311 -70.2538670929999,45.902489631 -70.254112613,45.9022888920001 -70.2542789029999,45.9022771210001 -70.2545291129999,45.9021278610001 -70.255225212,45.9017106410001 -70.255820493,45.9010959610001 -70.256577463,45.9008595010001 -70.2571303139999,45.900687051 -70.257283974,45.900619211 -70.258054234,45.8997974310001 -70.258734084,45.899503301 -70.259654164,45.899258391 -70.2601683139999,45.8989083500001 -70.260597165,45.8984197500001 -70.260813564,45.8977063410001 -70.261571305,45.8968688410001 -70.263147625,45.89642243 -70.2640199959999,45.8951118900001 -70.264581356,45.894308939 -70.265718296,45.8937588800001 -70.265666617,45.8933908290001 -70.264219715,45.89270823 -70.262340964,45.8921307590001 -70.261821665,45.892423179 -70.2609243539999,45.8919224300001 -70.258822384,45.89117809 -70.2593320829999,45.890881929 -70.259906454,45.890417739 -70.2597300529999,45.8899877090001 -70.2602515039999,45.889634119 -70.261079653,45.8891781190001 -70.261200744,45.8888132490001 -70.2619451039999,45.888128829 -70.2629471239999,45.8878281990001 -70.2637456749999,45.8875871980001 -70.264368495,45.887051269 -70.264785446,45.886912748 -70.265647375,45.8863101680001 -70.266345776,45.8860449690001 -70.267559116,45.8858840780001 -70.267669247,45.8857748880001 -70.268071826,45.8853581480001 -70.268983437,45.8848861770001 -70.269847577,45.8845938270001 -70.270214317,45.884503228 -70.270848588,45.8839756880001 -70.271547418,45.8835211470001 -70.272209457,45.8830937280001 -70.2729884669999,45.8824402270001 -70.273221437,45.8819330470001 -70.273789958,45.881014797 -70.2737998979999,45.880820027 -70.273684728,45.880138447 -70.273926678,45.879651347 -70.274919898,45.8792206470001 -70.275572008,45.878862027 -70.277005259,45.878395916 -70.277576009,45.877627626 -70.278305739,45.8770691060001 -70.278554739,45.877024256 -70.27891866,45.8767619560001 -70.27944235,45.8766338470001 -70.28013924,45.8760825160001 -70.28063794,45.875686726 -70.2806477999999,45.875361706 -70.2806897,45.8748208960001 -70.2809089199999,45.8742911250001 -70.2815505199999,45.8737965760001 -70.282532771,45.873561325 -70.2826960309999,45.873416655 -70.283833511,45.872452466 -70.284458291,45.871707675 -70.285329982,45.871717935 -70.285982981,45.871426484 -70.286429461,45.8711486650001 -70.287214761,45.8710135850001 -70.287575502,45.8708624550001 -70.2892233219999,45.869454724 -70.289613453,45.8690355840001 -70.290252783,45.869008034 -70.290733083,45.868714955 -70.291416593,45.8680917340001 -70.291847973,45.8678097540001 -70.293010454,45.8673263540001 -70.2941128639999,45.8663879640001 -70.294272214,45.8662621340001 -70.2960682139999,45.865230233 -70.2969438649999,45.864776024 -70.298521125,45.864209094 -70.3005257259999,45.863699873 -70.303516996,45.8627465330001 -70.303658447,45.8623025030001 -70.304206487,45.861614312 -70.3053279869999,45.8606906520001 -70.3057314179999,45.860148372 -70.3063508979999,45.8597170730001 -70.306977698,45.859502492 -70.307806238,45.8588565920001 -70.3100299989999,45.858462382 -70.31160635,45.8585523520001 -70.3127222589999,45.858290292 -70.314365051,45.857889631 -70.3170714409999,45.8564675820001 -70.318106402,45.856195551 -70.3189196119999,45.856042921 -70.319824382,45.8556657610001 -70.321701382,45.8562202210001 -70.322048073,45.8560477820001 -70.323357943,45.8552973610001 -70.324437264,45.855230631 -70.3256492739999,45.855025181 -70.326952695,45.8548862810001 -70.3277601039999,45.8551420910001 -70.3283091449999,45.85504273 -70.329003455,45.854896361 -70.329064175,45.8544951810001 -70.329088855,45.854086001 -70.329892945,45.853986321 -70.330826486,45.854168341 -70.332268046,45.8534795300001 -70.3327226759999,45.85318291 -70.332936127,45.8530867900001 -70.333698007,45.85305451 -70.334537687,45.8532037000001 -70.334816087,45.853340711 -70.3359146569999,45.8532785410001 -70.336817477,45.8531658200001 -70.3378167079999,45.85267344 -70.339196278,45.8526696110001 -70.3407745,45.8523244100001 -70.34175327,45.8522847690001 -70.34194579,45.8523538310001 -70.342201459,45.8520787800001 -70.342321929,45.8518328800001 -70.34261479,45.85162145 -70.343107109,45.851042459 -70.3431926599999,45.8507719900001 -70.343516559,45.8499877690001 -70.34479942,45.8495275490001 -70.34633552,45.8490221100001 -70.3468031199999,45.848590889 -70.3477979799999,45.847874389 -70.348631191,45.8474219980001 -70.349301472,45.8470769690001 -70.349499362,45.8462823090001 -70.3495793819999,45.8458251590001 -70.3493510009999,45.8456574480001 -70.3496451619999,45.8453576380001 -70.350310792,45.8445779580001 -70.3507229109999,45.8443597690001 -70.351078042,45.8441402880001 -70.351660372,45.843988718 -70.352158022,45.843468758 -70.352739963,45.8426663480001 -70.352992953,45.8423691080001 -70.352339622,45.8419695870001 -70.352176372,45.8417391680001 -70.352262192,45.841398057 -70.3522562219999,45.841117717 -70.352186192,45.840912028 -70.353497493,45.8402712380001 -70.3542191129999,45.8402339470001 -70.354730983,45.8399960180001 -70.3556958029999,45.8396104870001 -70.3565630639999,45.8388447570001 -70.356106483,45.8378837670001 -70.356778193,45.837341467 -70.357168163,45.837001387 -70.3578464239999,45.8367271770001 -70.3582260439999,45.8365317860001 -70.358672443,45.8360213560001 -70.3591036939999,45.8359181770001 -70.359426624,45.8354590960001 -70.359728914,45.835429076 -70.3605529439999,45.8356748260001 -70.361311405,45.8357010660001 -70.361781535,45.8357941960001 -70.361937735,45.8357297270001 -70.363106665,45.8352854460001 -70.363521486,45.835045947 -70.364476415,45.8346905970001 -70.365224656,45.8348550060001 -70.365673186,45.8349599960001 -70.367122996,45.8348492260001 -70.367284427,45.835172157 -70.367558807,45.8357797960001 -70.368442078,45.8360581160001 -70.368734667,45.835987706 -70.3700605779999,45.8354764960001 -70.370824268,45.835207456 -70.371165187,45.834896116 -70.371320488,45.834613376 -70.371583739,45.8344144160001 -70.371931498,45.833968735 -70.371455548,45.8337855450001 -70.369825737,45.832438826 -70.370364708,45.8317058050001 -70.369338107,45.831179766 -70.370499407,45.8303925050001 -70.371220378,45.8299612550001 -70.3720764079999,45.8289238950001 -70.372241548,45.8280133040001 -70.3726588879999,45.8277625750001 -70.372850538,45.8277139250001 -70.3740460989999,45.8276534340001 -70.375098828,45.8275328940001 -70.376104179,45.8271393640001 -70.37679923,45.826774474 -70.3772351499999,45.8263042140001 -70.3786213,45.825587124 -70.38001416,45.824794904 -70.3808451199999,45.824064794 -70.381424231,45.823418384 -70.3817470499999,45.8228423140001 -70.382422161,45.822570693 -70.383245301,45.822024723 -70.383656002,45.8218679230001 -70.384004562,45.8217528530001 -70.384591012,45.821229223 -70.3850431019999,45.8208503230001 -70.386227243,45.820257133 -70.3864980019999,45.819810992 -70.388027812,45.818812312 -70.388044123,45.8179947420001 -70.3882845529999,45.8168637420001 -70.3882743519999,45.8161992020001 -70.387939143,45.8158977520001 -70.3878386929999,45.815440612 -70.387794003,45.8143622010001 -70.387900502,45.8142759020001 -70.388209912,45.8139262020001 -70.388502643,45.813776922 -70.3889050719999,45.8137139020001 -70.390155443,45.8132854020001 -70.390355644,45.8125546410001 -70.390400133,45.812193001 -70.3911789429999,45.8117396810001 -70.395472804,45.8091146200001 -70.395852455,45.808800041 -70.396015065,45.808665261 -70.396693355,45.808105681 -70.397159975,45.80731375 -70.396932535,45.8068368 -70.396647765,45.80623209 -70.396706074,45.8059225900001 -70.396727595,45.8058155100001 -70.3967728549999,45.80556812 -70.396780005,45.80553015 -70.397147134,45.80491872 -70.397838516,45.804130989 -70.397851525,45.80377918 -70.3969857549999,45.8033511200001 -70.395716734,45.8025365490001 -70.3957524639999,45.80239227 -70.395894074,45.802041769 -70.396369235,45.8015367190001 -70.3966050239999,45.7999198890001 -70.396165945,45.79963237 -70.3956624539999,45.799524439 -70.395699244,45.79946189 -70.396160445,45.7986685990001 -70.397312324,45.797710228 -70.398910725,45.7966401090001 -70.400047645,45.7963668680001 -70.401367176,45.795967299 -70.402556746,45.796005848 -70.4027969759999,45.7960081080001 -70.403194277,45.796194158 -70.403498156,45.7962780780001 -70.4039123759999,45.796283078 -70.405332627,45.796810018 -70.406670218,45.797805458 -70.4072575179999,45.797651628 -70.408399458,45.797670328 -70.409109378,45.797367668 -70.409989529,45.797151468 -70.410433939,45.7969517980001 -70.411236389,45.796646638 -70.41374654,45.795969158 -70.41512739,45.795691407 -70.41629821,45.7957358670001 -70.416870251,45.795544938 -70.416977171,45.795391158 -70.417451891,45.794552647 -70.417806932,45.7939891880001 -70.417018981,45.793447207 -70.4166301399999,45.793543207 -70.41636769,45.793162738 -70.41571744,45.792225837 -70.4154068999999,45.792025047 -70.41503424,45.7917015580001 -70.414771301,45.791370817 -70.41456555,45.7907328260001 -70.41435584,45.7901707460001 -70.414696651,45.789364257 -70.414716679,45.7887505370001 -70.4151818999999,45.7873551760001 -70.41513558,45.7870683360001 -70.4151119699999,45.7867645360001 -70.415683429,45.786119076 -70.41573951,45.7853577060001 -70.41512857,45.7844933850001 -70.4148003299999,45.7843965850001 -70.413826069,45.784557396 -70.41323147,45.784650006 -70.412551229,45.7845588160001 -70.4116231579999,45.784646465 -70.411031588,45.784717706 -70.410183488,45.7842463860001 -70.4101111479999,45.7839798750001 -70.409772157,45.7834877560001 -70.409503618,45.783256156 -70.409120248,45.7826474560001 -70.408811488,45.781754995 -70.408839847,45.7809900250001 -70.4082760169999,45.780512995 -70.4081808669999,45.780375195 -70.408211207,45.780186165 -70.4083427259999,45.7799112450001 -70.4078737469999,45.779382045 -70.407385497,45.778468165 -70.407147817,45.7779690250001 -70.406748417,45.7773787150001 -70.4067557559999,45.7773506950001 -70.4062232159999,45.777080045 -70.4057431259999,45.7768910840001 -70.405624396,45.776524125 -70.405923635,45.776066445 -70.4062825359999,45.775775094 -70.4064827459999,45.7753249150001 -70.407020667,45.774612555 -70.407284606,45.7738414140001 -70.407585576,45.773358914 -70.407664097,45.7732188250001 -70.407567726,45.772649834 -70.407418806,45.772194164 -70.406681756,45.771654744 -70.406107746,45.7711985930001 -70.4059125749999,45.7708218540001 -70.4056180159999,45.770414594 -70.405464845,45.7700146230001 -70.405998505,45.769645573 -70.406380366,45.768578403 -70.4063653859999,45.7682799740001 -70.406340426,45.767646293 -70.406465226,45.767228183 -70.4064795149999,45.7659772330001 -70.4063224659999,45.764694653 -70.406983155,45.763857683 -70.407002215,45.763611842 -70.407096166,45.7632365330001 -70.4070275249999,45.762537702 -70.406477965,45.761994832 -70.405447764,45.7614046320001 -70.4050644439999,45.7609775720001 -70.4034625039999,45.7595275720001 -70.4029185329999,45.758999342 -70.402508143,45.758749492 -70.4021797029999,45.758506181 -70.401242693,45.7577343620001 -70.400780023,45.7573693210001 -70.400160463,45.757342421 -70.398362202,45.7571377720001 -70.3974950109999,45.7571356510001 -70.395876851,45.7566413910001 -70.3956106109999,45.756348691 -70.3954230209999,45.7559536210001 -70.394884911,45.755501801 -70.39465798,45.7548909110001 -70.394405251,45.7546221710001 -70.3939175199999,45.7543234410001 -70.3938027999999,45.754231442 -70.3936834,45.7541097210001 -70.39200783,45.752982381 -70.3913403399999,45.752408351 -70.390879989,45.7519208000001 -70.390667949,45.7518387010001 -70.389895849,45.7511502400001 -70.3889325389999,45.7505659300001 -70.388425979,45.750215031 -70.388390108,45.7496940010001 -70.388594058,45.74938045 -70.388693138,45.7491494400001 -70.388562378,45.74888645 -70.388024258,45.748510341 -70.3880806779999,45.7482557700001 -70.388496598,45.7478348400001 -70.388855338,45.7473342210001 -70.389149129,45.7470113800001 -70.3903539089999,45.74625123 -70.391073459,45.74598647 -70.392062809,45.7457192800001 -70.392120199,45.7455417900001 -70.3924052789999,45.7452359690001 -70.3925521,45.7449483 -70.392998399,45.744661179 -70.393115559,45.7445097790001 -70.3930391389999,45.7443046490001 -70.393276989,45.7441671390001 -70.39373399,45.7441823190001 -70.3941924599999,45.74406702 -70.39427125,45.743758219 -70.39451208,45.74359867 -70.3943586789999,45.7429165790001 -70.3945609,45.7427078790001 -70.394582169,45.7424774190001 -70.394276669,45.7420913890001 -70.39325414,45.741950929 -70.392925079,45.7414698790001 -70.39369263,45.7411111690001 -70.39375581,45.7408082790001 -70.3938213389999,45.7405479490001 -70.39389475,45.7400978580001 -70.3936655489999,45.7397933190001 -70.393439459,45.739582888 -70.3931568089999,45.739493569 -70.392387389,45.7394422080001 -70.391907749,45.7392993290001 -70.3918094379999,45.7391805090001 -70.392395898,45.7385249290001 -70.3919916579999,45.738074929 -70.391750958,45.7380118190001 -70.391170259,45.737808719 -70.390931279,45.737567428 -70.390286838,45.737508518 -70.3896725069999,45.7376159980001 -70.389371528,45.7374605580001 -70.3897990679999,45.7372214480001 -70.390368807,45.7369747380001 -70.390195988,45.736346279 -70.3901394769999,45.736105218 -70.389346797,45.735897198 -70.388122768,45.735917188 -70.3875391569999,45.736166618 -70.387315917,45.7363710180001 -70.386989216,45.736447168 -70.3863297359999,45.736205958 -70.385847836,45.736230058 -70.385444966,45.7362796790001 -70.385189106,45.736190859 -70.3848812959999,45.735829499 -70.3847971759999,45.735725389 -70.385481586,45.7353892880001 -70.385846307,45.7350953490001 -70.385861237,45.7346274380001 -70.385370436,45.734425049 -70.384961647,45.734560328 -70.384329126,45.7347829780001 -70.3840317359999,45.7347310380001 -70.383835986,45.734563038 -70.3839501159999,45.734298558 -70.384237276,45.734023608 -70.385388196,45.7335641980001 -70.385656436,45.733538708 -70.385755436,45.7334382880001 -70.385638946,45.732929078 -70.385762746,45.732630617 -70.386336727,45.7322294580001 -70.3865189959999,45.7321077870001 -70.386579856,45.7320746680001 -70.3870377269999,45.7314384580001 -70.387384547,45.731172288 -70.389138897,45.729488867 -70.390102907,45.728504867 -70.3911523369999,45.728450567 -70.391528117,45.7287237570001 -70.391959088,45.7288122570001 -70.3924677479999,45.7292512270001 -70.3928993879999,45.729360727 -70.39513614,45.729660607 -70.396414459,45.7291361870001 -70.396506159,45.7290898370001 -70.3970379089999,45.7285183660001 -70.3969166099999,45.7276891160001 -70.3967181899999,45.726946727 -70.396947779,45.7266814070001 -70.39750077,45.726522636 -70.39761285,45.7263677560001 -70.397500029,45.7259500660001 -70.3973753399999,45.7257169260001 -70.397200219,45.725465596 -70.39690691,45.7254390160001 -70.3967313489999,45.7251501160001 -70.396987269,45.724960675 -70.3970406989999,45.7244372650001 -70.39770448,45.724230226 -70.3975414399999,45.723289546 -70.39768523,45.723095766 -70.3987825999999,45.722697736 -70.399173221,45.722298316 -70.39997217,45.7218934160001 -70.4006222099999,45.721669745 -70.400201731,45.7213095060001 -70.3998057599999,45.721172365 -70.3995250899999,45.7208228750001 -70.399566571,45.720525385 -70.40006612,45.7203431350001 -70.4003462209999,45.7197259050001 -70.40097364,45.7196364050001 -70.401338311,45.719601895 -70.401655461,45.719485895 -70.402551671,45.719333765 -70.4028346809999,45.7192233550001 -70.4029013219999,45.719091285 -70.4031247409999,45.7187000550001 -70.403712731,45.718369255 -70.4062149119999,45.717891524 -70.407020522,45.7174477240001 -70.407367302,45.717200904 -70.407614092,45.7168167740001 -70.407672313,45.716703335 -70.407912203,45.7167007350001 -70.408870312,45.716654545 -70.4094097939999,45.716657684 -70.4105801539999,45.716389254 -70.4109914429999,45.7163921640001 -70.412218904,45.7166248840001 -70.4129681639999,45.716577773 -70.413038225,45.7165053640001 -70.413153784,45.716179094 -70.413247204,45.716074254 -70.413001245,45.7155416840001 -70.4131210149999,45.7154319540001 -70.4136486849999,45.715357184 -70.4138198539999,45.715215464 -70.414319904,45.7148102730001 -70.415163815,45.714500023 -70.415724505,45.714325924 -70.4163822149999,45.7140213330001 -70.4172244059999,45.7137275630001 -70.417654566,45.7133954440001 -70.4188795159999,45.713017144 -70.419650776,45.7128612430001 -70.420077727,45.712697044 -70.4220747479999,45.7122124730001 -70.422417197,45.7122037130001 -70.422943298,45.7118578930001 -70.423428687,45.711772323 -70.424189618,45.711712333 -70.4249452569999,45.711829433 -70.4257327289999,45.7117250430001 -70.425946328,45.7116038930001 -70.427185658,45.7110257530001 -70.427536959,45.7109469420001 -70.42766497,45.710799853 -70.428111239,45.7106598120001 -70.4283940189999,45.7103517420001 -70.4292020899999,45.710401442 -70.42945967,45.710256642 -70.4296098299999,45.710050483 -70.42913312,45.7091841720001 -70.428832589,45.7087118420001 -70.428855259,45.7080109120001 -70.4284576489999,45.7079242520001 -70.4274999689999,45.7082463720001 -70.426774458,45.708370432 -70.425526888,45.7077582920001 -70.425410648,45.707530472 -70.4256480779999,45.7072459020001 -70.425694999,45.7072290520001 -70.425904529,45.7071501020001 -70.4271793189999,45.707422222 -70.427530108,45.707468792 -70.4282525789999,45.7075893520001 -70.42886129,45.7073671320001 -70.429500639,45.7074119220001 -70.429874969,45.7071416220001 -70.43073083,45.707130492 -70.43130493,45.7070277920001 -70.43159071,45.706828542 -70.432942021,45.706259222 -70.433463091,45.706039552 -70.4340329309999,45.7058600820001 -70.434357781,45.705730122 -70.434994521,45.7056870920001 -70.436835762,45.7047978410001 -70.4377713219999,45.704554111 -70.438572082,45.7041757710001 -70.439162773,45.7038837810001 -70.439500832,45.704002261 -70.4399379119999,45.7042450820001 -70.440305883,45.7043921910001 -70.440771943,45.705117671 -70.440863693,45.705197631 -70.441060933,45.7054033110001 -70.441258503,45.705250821 -70.4420524929999,45.7050742710001 -70.4429420339999,45.704700491 -70.4432784539999,45.704373321 -70.444119314,45.70387372 -70.444472084,45.70376435 -70.4453039639999,45.7036864200001 -70.445864845,45.7037550410001 -70.4462673949999,45.703658691 -70.4476108059999,45.7042502400001 -70.448055325,45.704296981 -70.449073047,45.7044629700001 -70.4496766459999,45.7044509610001 -70.4502230159999,45.7042470700001 -70.450828407,45.7040734500001 -70.450913796,45.703942791 -70.4514411169999,45.7043673000001 -70.452330208,45.705146891 -70.453851898,45.7060990410001 -70.454151537,45.7064102300001 -70.4544857779999,45.7067499300001 -70.455336468,45.7068610310001 -70.455925198,45.707062121 -70.456231278,45.7070281910001 -70.4567707479999,45.7069887310001 -70.457377449,45.707010391 -70.4581435389999,45.706723921 -70.458540719,45.7064938610001 -70.4598359889999,45.7065131210001 -70.46044238,45.7059546510001 -70.4613515409999,45.7055663510001 -70.4621872399999,45.7055569410001 -70.4631501009999,45.70584705 -70.4640436409999,45.706182901 -70.464442881,45.7061850200001 -70.465326321,45.706458981 -70.4654692519999,45.706539321 -70.4655300209999,45.7065048900001 -70.466554732,45.7059672710001 -70.4671303919999,45.70520716 -70.4671387719999,45.7047169510001 -70.467915423,45.7042375500001 -70.470201813,45.7034146500001 -70.470531203,45.7030638700001 -70.4703161529999,45.7026901200001 -70.469109663,45.70168664 -70.470274643,45.7010757690001 -70.4713161729999,45.70048618 -70.4730199539999,45.699674599 -70.474950764,45.6986205090001 -70.475082954,45.69835541 -70.475004914,45.6977658480001 -70.4760592339999,45.6969259690001 -70.477370235,45.696408208 -70.477760245,45.6963747680001 -70.477988986,45.695982809 -70.479105476,45.695294919 -70.479402275,45.6948861480001 -70.480132296,45.694711108 -70.480775925,45.694314848 -70.4826575559999,45.693640638 -70.483208216,45.693777228 -70.4834937059999,45.693716608 -70.483757848,45.6934809480001 -70.484712997,45.6936333680001 -70.484918417,45.693511578 -70.4850994669999,45.6927569470001 -70.486353337,45.691785038 -70.486951307,45.6914861670001 -70.487942728,45.6911222370001 -70.488234968,45.690787587 -70.489492758,45.690311497 -70.489493769,45.690099387 -70.490146349,45.6900109470001 -70.490400208,45.6897594060001 -70.4911132889999,45.6895022370001 -70.491485379,45.689603117 -70.4925231289999,45.689227966 -70.4933073989999,45.6889347170001 -70.4936929199999,45.688896007 -70.4940210999999,45.688769747 -70.4943135299999,45.6886667460001 -70.494536661,45.687633186 -70.49487471,45.6874559460001 -70.49582867,45.6871152360001 -70.4963244209999,45.6868926160001 -70.496496201,45.6864156460001 -70.497065161,45.686229086 -70.496867951,45.685948996 -70.496554891,45.685787186 -70.4964640009999,45.685653476 -70.497068021,45.6853499860001 -70.501758002,45.6836217860001 -70.502391583,45.6832995250001 -70.5027540029999,45.6827934550001 -70.502757732,45.6825834850001 -70.5024359129999,45.6821845760001 -70.5023068519999,45.6818643450001 -70.503082332,45.681612945 -70.503635133,45.6814153650001 -70.504391444,45.6815217450001 -70.505120604,45.681176855 -70.505971034,45.6811839750001 -70.5067515439999,45.680899804 -70.508081875,45.680339485 -70.508684375,45.6801940550001 -70.509060505,45.6797579240001 -70.509710035,45.6796086940001 -70.5107797649999,45.6791641240001 -70.5108213459999,45.6781295550001 -70.5114004759999,45.677763144 -70.511873145,45.6775844040001 -70.512499786,45.676789254 -70.513022086,45.6765560440001 -70.513411286,45.6762063040001 -70.515148917,45.675183174 -70.515458756,45.6747916030001 -70.5167679369999,45.6742569030001 -70.5171994959999,45.6740304830001 -70.517937697,45.673219133 -70.517910628,45.6732074540001 -70.517684727,45.6726534630001 -70.518594427,45.672271573 -70.5196626279999,45.6715202120001 -70.519808258,45.6713716730001 -70.519655598,45.671114452 -70.519363168,45.6704261730001 -70.519338357,45.6704210030001 -70.5193263479999,45.669833182 -70.519556237,45.669748612 -70.519850638,45.6696494930001 -70.519912007,45.669082422 -70.5205457869999,45.6688388320001 -70.5211617479999,45.6688988920001 -70.522655029,45.668295072 -70.523086959,45.6683088720001 -70.5239143379999,45.667565332 -70.525070249,45.666847542 -70.526392449,45.666365501 -70.5272419889999,45.6666566120001 -70.528009831,45.667181332 -70.5281765,45.667454472 -70.528977461,45.667927322 -70.529185801,45.668319732 -70.529767771,45.668718622 -70.5304369309999,45.669479251 -70.531309021,45.670013972 -70.532039982,45.6703480420001 -70.5331819419999,45.6710024320001 -70.533911183,45.671014842 -70.534409212,45.670616142 -70.535045813,45.6698280620001 -70.535883563,45.669597572 -70.5367132929999,45.669441841 -70.5371807829999,45.669199131 -70.538202814,45.668805101 -70.5393865629999,45.6677809710001 -70.5410112449999,45.6670510820001 -70.542006664,45.6665952610001 -70.542392025,45.666467681 -70.544527806,45.6669407210001 -70.544935906,45.6669107700001 -70.545328276,45.6666407210001 -70.545805366,45.666303612 -70.546522226,45.6660275 -70.547181167,45.666096431 -70.547807286,45.6662175110001 -70.552879769,45.667916721 -70.553856449,45.6672974410001 -70.5553084599999,45.6668572510001 -70.55580106,45.6666042510001 -70.55644255,45.66680748 -70.55681192,45.6668844810001 -70.55740738,45.66707153 -70.55858983,45.66648508 -70.5591784009999,45.66581266 -70.559770611,45.6653164910001 -70.560580541,45.664753411 -70.560251361,45.66414209 -70.560218361,45.664031401 -70.5610739809999,45.6636635300001 -70.563709122,45.662751149 -70.563734772,45.66196546 -70.5630445419999,45.661080009 -70.562196781,45.660375829 -70.5625142809999,45.659732449 -70.562771421,45.6594783790001 -70.5632615709999,45.6582221990001 -70.563818211,45.657938819 -70.565209452,45.657139139 -70.5653447719999,45.656536789 -70.564732642,45.6553042690001 -70.5649452219999,45.6548161380001 -70.566047203,45.654493018 -70.567007783,45.6540461880001 -70.567445952,45.653454588 -70.568320372,45.6522113980001 -70.570024583,45.650992688 -70.5706888829999,45.650665927 -70.5712819239999,45.650180187 -70.5723459339999,45.649796947 -70.572748694,45.6495389470001 -70.572816674,45.649024237 -70.5728504149999,45.6488827380001 -70.5728319039999,45.6487817870001 -70.573187305,45.6486979360001 -70.574118585,45.6484409070001 -70.575574285,45.6483763470001 -70.576289335,45.6470425360001 -70.577126316,45.6465690470001 -70.577125596,45.6457685560001 -70.578506456,45.644764046 -70.579127526,45.6440111360001 -70.5795299059999,45.6435917360001 -70.5811525359999,45.642758606 -70.581745347,45.642514616 -70.582839167,45.6424817760001 -70.583574078,45.642406436 -70.5837270879999,45.641813255 -70.5839048669999,45.6410341850001 -70.583606867,45.640563716 -70.583781517,45.6400925450001 -70.5841283779999,45.639426805 -70.5838771969999,45.639178455 -70.584021267,45.638884725 -70.585600928,45.637962675 -70.586049368,45.637767345 -70.586717698,45.635517124 -70.587368208,45.635065195 -70.5899112989999,45.6338477840001 -70.5906011389999,45.632978194 -70.590666079,45.632500264 -70.590535539,45.631698113 -70.590871899,45.630468804 -70.592345509,45.6295295130001 -70.595482901,45.6296460930001 -70.596731161,45.629787003 -70.597109362,45.629619613 -70.597831191,45.628845503 -70.598580812,45.6283013830001 -70.600490102,45.6272478820001 -70.603217043,45.6267191220001 -70.605064543,45.626613202 -70.6070457449999,45.6256632220001 -70.607181914,45.624973492 -70.607180754,45.624437431 -70.6071841739999,45.6237886120001 -70.608540445,45.6217839110001 -70.6090223739999,45.621497312 -70.610818605,45.621165761 -70.611459026,45.620747281 -70.612003316,45.61985794 -70.612691575,45.61947086 -70.613518217,45.6191002100001 -70.614915336,45.6185787000001 -70.615512806,45.61830193 -70.615491526,45.6177615300001 -70.6171434669999,45.6166185500001 -70.617380807,45.6161042900001 -70.618151787,45.6154889200001 -70.6183516569999,45.614783329 -70.618850338,45.6143719300001 -70.6187302169999,45.612493419 -70.619147837,45.612032529 -70.620930678,45.6117692890001 -70.6232262789999,45.611203479 -70.624469569,45.6115620090001 -70.624971199,45.611368058 -70.626896029,45.6101838880001 -70.62691588,45.6101216390001 -70.62805221,45.6102213190001 -70.6297595509999,45.610139788 -70.631221882,45.609480379 -70.631811101,45.6091867580001 -70.632827372,45.6092379580001 -70.6349553329999,45.6100983580001 -70.6361570029999,45.609941878 -70.6377286439999,45.6091518980001 -70.640599865,45.608100527 -70.641327605,45.607759318 -70.641912835,45.6076918380001 -70.6428714639999,45.6073144270001 -70.6438800559999,45.6072560370001 -70.644324985,45.607086027 -70.644573376,45.6069944770001 -70.644895106,45.606765067 -70.645269846,45.606446717 -70.645607056,45.605357967 -70.6461703259999,45.603862717 -70.646650826,45.6034840770001 -70.6482263459999,45.601559556 -70.648613117,45.601085186 -70.6498340369999,45.6000904960001 -70.6508528379999,45.599373966 -70.649787756,45.5984421860001 -70.6495911169999,45.5982053660001 -70.6497839469999,45.597582796 -70.6513173069999,45.595897345 -70.652035148,45.5954104960001 -70.652594548,45.5946671350001 -70.6539588269999,45.5928174050001 -70.656163149,45.590956734 -70.656872919,45.5904910450001 -70.65912372,45.589677054 -70.6590520089999,45.587284864 -70.6597230089999,45.586610733 -70.6602035889999,45.586310623 -70.66171573,45.5852752330001 -70.6631662999999,45.5848619130001 -70.663805711,45.5846066030001 -70.663532491,45.583566762 -70.6640885909999,45.582794763 -70.6655046609999,45.5824858220001 -70.666962841,45.5816147620001 -70.671518593,45.5790004420001 -70.672138283,45.5785307720001 -70.6725101929999,45.577945911 -70.672042053,45.576241861 -70.673701383,45.5748470410001 -70.674979214,45.57427096 -70.675660974,45.57306228 -70.677004074,45.5718714600001 -70.677674725,45.5713604100001 -70.678096044,45.5705098500001 -70.6792561039999,45.5702126900001 -70.680640556,45.57008747 -70.683276716,45.569216399 -70.6841738369999,45.568937299 -70.686274747,45.56952383 -70.686941758,45.56951809 -70.687692968,45.5694313000001 -70.688129738,45.5688902590001 -70.688012638,45.568430419 -70.6873475579999,45.56806364 -70.686145107,45.568112179 -70.6852697159999,45.567083939 -70.685119157,45.566580129 -70.685796137,45.5661588890001 -70.685733136,45.5651629590001 -70.687164407,45.5643377390001 -70.688361098,45.5641866780001 -70.688701338,45.5635439180001 -70.6888790369999,45.563061099 -70.689195958,45.5621919280001 -70.688093877,45.560595408 -70.687633827,45.5600372270001 -70.6867054969999,45.559738248 -70.686230376,45.559497257 -70.685463687,45.5584849480001 -70.684274645,45.556975998 -70.6827129549999,45.5558560970001 -70.679083254,45.553824977 -70.677099243,45.552220667 -70.677514733,45.5516825170001 -70.678741503,45.5513404660001 -70.679735014,45.5506293770001 -70.680564674,45.5507120870001 -70.6813635239999,45.550973017 -70.684030966,45.5510964260001 -70.684855226,45.550895537 -70.6869828059999,45.5493224260001 -70.689228467,45.5469961760001 -70.689301157,45.5467946250001 -70.690088777,45.545377585 -70.691599808,45.543920665 -70.692241968,45.542878724 -70.693022937,45.5423418440001 -70.693820698,45.541849224 -70.695869118,45.540815394 -70.696526069,45.540005324 -70.6964735399999,45.538557434 -70.6980893699999,45.5353390230001 -70.6990177389999,45.534725043 -70.700179539,45.533230943 -70.7009187899999,45.5324987020001 -70.7007723199999,45.531575462 -70.6990732089999,45.530527362 -70.699098149,45.5301411720001 -70.699564879,45.5298584920001 -70.6997084189999,45.5298751020001 -70.70235388,45.5296773220001 -70.702868791,45.529504902 -70.705290552,45.5285774820001 -70.706457691,45.5279262920001 -70.706750632,45.5274623220001 -70.706878751,45.5266693510001 -70.707046321,45.526020611 -70.707675662,45.525607361 -70.7083402219999,45.5252856210001 -70.7092052519999,45.524844091 -70.709857003,45.52251871 -70.709864841,45.5224804210001 -70.710324382,45.5218939000001 -70.710365312,45.5209979000001 -70.710655692,45.52052152 -70.710950112,45.52012813 -70.711119422,45.5195438000001 -70.711369453,45.5193777900001 -70.712356063,45.5191934800001 -70.714467143,45.5186119900001 -70.715087884,45.51881309 -70.715759554,45.518859929 -70.717092265,45.5181455600001 -70.717617124,45.5175463790001 -70.7199185759999,45.5165077500001 -70.721332456,45.515385569 -70.722571966,45.5136809190001 -70.723645055,45.5101397380001 -70.723601795,45.5089788980001 -70.722932396,45.507505107 -70.722693235,45.5065214680001 -70.722165165,45.506116267 -70.720312094,45.5056623880001 -70.7184645139999,45.5048505670001 -70.717603384,45.504572017 -70.7168204339999,45.504343578 -70.715402253,45.504493718 -70.7147328419999,45.5038593470001 -70.713964372,45.5032456970001</coordinates></LineString></MultiGeometry>
  </Placemark>
  <Placemark>
	<Style><LineStyle><color>ff0000ff</color></LineStyle><PolyStyle><fill>0</fill></PolyStyle></Style>
	<ExtendedData><SchemaData schemaUrl="#Canada_and_US_Border">
		<SimpleData name="FID">8</SimpleData>
		<SimpleData name="SectionNum">9</SimpleData>
		<SimpleData name="SectionEng">The Highlands (Southwestern Section)</SimpleData>
		<SimpleData name="SectionFre">Lest hautes terres (section sud-ouest)</SimpleData>
		<SimpleData name="MaxScale">1:24,000</SimpleData>
		<SimpleData name="Shape_Leng">1.6962195895</SimpleData>
		<SimpleData name="GlobalID">{358925C2-1B54-43BE-B189-2B5FC228CB9D}</SimpleData>
		<SimpleData name="SHAPE_Length">1.69622006126146</SimpleData>
	</SchemaData></ExtendedData>
      <MultiGeometry><LineString><coordinates>-70.713964372,45.5032456970001 -70.7139045019999,45.503245797 -70.7128329019999,45.5028636370001 -70.712246272,45.5022666470001 -70.711596561,45.5018173070001 -70.711651521,45.5016409670001 -70.711990472,45.501220597 -70.712229712,45.500828147 -70.711368491,45.499238947 -70.71139605,45.498373606 -70.711891381,45.4971360760001 -70.7123411009999,45.4965391360001 -70.713296782,45.4954079760001 -70.715047821,45.493965066 -70.716710002,45.492253885 -70.717844293,45.490241294 -70.7168655519999,45.487793314 -70.716396112,45.486476264 -70.7155854919999,45.485875934 -70.71315605,45.4846407040001 -70.71173061,45.483596624 -70.71051807,45.483027244 -70.7074295589999,45.4802779730001 -70.704733817,45.4788688530001 -70.703895517,45.479177673 -70.7031350569999,45.4790942330001 -70.701925847,45.478850724 -70.700841176,45.4787359530001 -70.699935936,45.478975393 -70.6994758559999,45.4789305740001 -70.6987889449999,45.4786212930001 -70.6968706649999,45.4773369230001 -70.696467855,45.4770411640001 -70.6954309239999,45.476009463 -70.693567603,45.475043413 -70.692182983,45.4746714130001 -70.6917219329999,45.4742755130001 -70.691717263,45.473816793 -70.691713723,45.473005802 -70.6916712029999,45.4719969330001 -70.691757433,45.4697453810001 -70.692824472,45.466588641 -70.692869042,45.466372742 -70.6916281119999,45.4641727010001 -70.6904679419999,45.463621581 -70.6889697509999,45.4634965610001 -70.68591034,45.4633139220001 -70.68369647,45.462856161 -70.682734699,45.462547371 -70.6821275089999,45.4620436210001 -70.681822779,45.46170075 -70.681773069,45.4610888710001 -70.681019028,45.45845388 -70.6809441779999,45.4566596000001 -70.6808940079999,45.4560049400001 -70.681443078,45.453772789 -70.681470727,45.452638409 -70.681114757,45.452192289 -70.678363186,45.451952229 -70.676440586,45.4520730500001 -70.675075286,45.451886739 -70.6716226949999,45.450509869 -70.669694534,45.4499234090001 -70.668627183,45.4492340290001 -70.6661208519999,45.448406929 -70.665416143,45.447890129 -70.663791601,45.446692639 -70.663397931,45.4462789090001 -70.662927381,45.445971528 -70.6617148509999,45.4457125180001 -70.654478738,45.4456168580001 -70.6531883279999,45.4454596890001 -70.651445108,45.4451040390001 -70.6507922069999,45.444975809 -70.650733007,45.4449535090001 -70.650232897,45.444087369 -70.650108227,45.4428284690001 -70.647797085,45.440056788 -70.6461663549999,45.437779318 -70.644776764,45.4369035080001 -70.6430754039999,45.436467158 -70.6425520829999,45.4362992280001 -70.642696123,45.435609997 -70.6432625039999,45.4344572680001 -70.643089254,45.4336021670001 -70.642714323,45.4330693370001 -70.641992273,45.4324773170001 -70.640446363,45.430786057 -70.637460721,45.4289186070001 -70.636898112,45.4285484160001 -70.636884591,45.428548166 -70.636530501,45.427686846 -70.635990501,45.4273898270001 -70.635565411,45.427257796 -70.633239539,45.427088746 -70.63227883,45.4268224260001 -70.630485758,45.4267776560001 -70.6298219989999,45.426323396 -70.6298196289999,45.4259661470001 -70.629915578,45.4254773660001 -70.6299454589999,45.4251321670001 -70.629611188,45.4244117860001 -70.629191718,45.4238884960001 -70.628714139,45.4236102260001 -70.628385838,45.423024266 -70.627866667,45.422609176 -70.627893418,45.4225588360001 -70.627909498,45.422049536 -70.628016867,45.4215535660001 -70.6277473379999,45.421227016 -70.6277746279999,45.4207121650001 -70.6283115479999,45.4203680250001 -70.6286496279999,45.420062446 -70.6287952979999,45.419916146 -70.6287060179999,45.419231376 -70.629887098,45.4189193760001 -70.630406798,45.4186522150001 -70.630221567,45.418470185 -70.6302302679999,45.418171955 -70.630796408,45.4179516460001 -70.631168719,45.417802685 -70.631214588,45.4169568950001 -70.6309456979999,45.4163180050001 -70.631151928,45.415898155 -70.632083829,45.4156377150001 -70.634438099,45.415911914 -70.6348639889999,45.4155996150001 -70.634845659,45.4153048840001 -70.635502811,45.4148970140001 -70.63543939,45.4140574640001 -70.6355836,45.4134410440001 -70.635614179,45.412855404 -70.6352658389999,45.4122020940001 -70.635055219,45.4117932440001 -70.634973399,45.4112190540001 -70.63505113,45.411078574 -70.634632578,45.410781634 -70.6343302079999,45.410258963 -70.6339164889999,45.4096570130001 -70.633045108,45.4091274640001 -70.632837218,45.4086195630001 -70.632534028,45.408527033 -70.632091268,45.4084427430001 -70.631482287,45.4082777830001 -70.631191658,45.407956563 -70.6307378879999,45.407317613 -70.630169887,45.4070399340001 -70.628534827,45.4068915130001 -70.626687836,45.406498453 -70.625920596,45.406272503 -70.6244544849999,45.4061579630001 -70.6237983249999,45.405798202 -70.623160335,45.405121503 -70.622735865,45.4042529220001 -70.622270874,45.403805182 -70.6219777439999,45.4033963420001 -70.621269803,45.402745553 -70.621441004,45.402442883 -70.621611614,45.4021950330001 -70.622321614,45.4014131430001 -70.623088135,45.400851082 -70.623341765,45.400226102 -70.6243200549999,45.400055622 -70.625077985,45.3999287720001 -70.626312116,45.399652922 -70.628441416,45.3998726520001 -70.629167507,45.3993041210001 -70.6296009169999,45.3992293810001 -70.630534357,45.399398841 -70.630929997,45.3992880420001 -70.631168067,45.3991500220001 -70.6320522669999,45.398745611 -70.6330435579999,45.3984138710001 -70.6344561889999,45.397484352 -70.635567158,45.396298551 -70.6358134179999,45.395744361 -70.6363223289999,45.395241921 -70.636296428,45.3948648910001 -70.636271779,45.39450736 -70.6365496989999,45.3926224000001 -70.636753539,45.3923199710001 -70.637020449,45.39192394 -70.637546819,45.3914890200001 -70.638142549,45.3905809300001 -70.638334729,45.3895263090001 -70.6385138489999,45.38916557 -70.638878388,45.3888345 -70.638300779,45.388484529 -70.637572629,45.3882281090001 -70.6371268079999,45.38765578 -70.637114748,45.3872299990001 -70.636792978,45.38710948 -70.6363905279999,45.3867868790001 -70.635775457,45.3859640790001 -70.6349029579999,45.3853256790001 -70.634889618,45.3848405890001 -70.6351121869999,45.3844757090001 -70.634634448,45.3838111790001 -70.634888858,45.3834265190001 -70.635485248,45.3834464180001 -70.635844828,45.383144579 -70.636436428,45.382575919 -70.6368581089999,45.3823265890001 -70.638774258,45.3818019190001 -70.640201589,45.3814325280001 -70.640786259,45.381311898 -70.64133766,45.3809714280001 -70.64342006,45.3798774380001 -70.6443805599999,45.3794782680001 -70.645832201,45.3787753180001 -70.646318541,45.378732058 -70.648524932,45.377945708 -70.650436832,45.3772018970001 -70.651082593,45.3771902170001 -70.651785063,45.3769676370001 -70.652490783,45.3772787670001 -70.652863613,45.3775449070001 -70.654116694,45.3775377370001 -70.655045214,45.3776804980001 -70.656002454,45.377727577 -70.657163125,45.377614577 -70.658769575,45.3776817070001 -70.660206455,45.377940977 -70.6604756259999,45.3780692070001 -70.6607827459999,45.3781417870001 -70.660829016,45.378365466 -70.660763436,45.378516737 -70.660146765,45.3793293270001 -70.6601610659999,45.379886277 -70.660435966,45.380583518 -70.660853676,45.381321857 -70.6611684969999,45.3822866080001 -70.660940496,45.3828239480001 -70.660869866,45.3830619280001 -70.6611418969999,45.3856322780001 -70.661662017,45.386318998 -70.6618775759999,45.3863919780001 -70.661967476,45.3865004990001 -70.663167368,45.3867430980001 -70.663688717,45.387121919 -70.664874808,45.3879811190001 -70.666168638,45.388624619 -70.66996152,45.390340898 -70.67066412,45.3907989590001 -70.671760191,45.3913854290001 -70.674167482,45.392590329 -70.675311102,45.39289324 -70.677332313,45.3938014490001 -70.678171353,45.3942831090001 -70.679154763,45.3942901890001 -70.680686494,45.3945518090001 -70.682903364,45.395217379 -70.684204665,45.3948789090001 -70.6848106149999,45.3947214790001 -70.685068515,45.39453467 -70.686625296,45.393294418 -70.687647536,45.392884859 -70.688073846,45.3929229990001 -70.6904756169999,45.3932185090001 -70.6911635979999,45.3930139390001 -70.692052578,45.392577579 -70.696157539,45.3924265690001 -70.697246499,45.3927913890001 -70.6975593289999,45.3932796490001 -70.6975503589999,45.3938228480001 -70.6977892,45.394020579 -70.69880675,45.394542508 -70.6995031389999,45.3945464290001 -70.702338031,45.393507539 -70.70272231,45.3935236890001 -70.7030348219999,45.3935373680001 -70.7042116819999,45.393564268 -70.706647382,45.393130598 -70.707368543,45.3926909480001 -70.707464812,45.392036498 -70.709169013,45.391368748 -70.709835573,45.390927688 -70.710995974,45.3907947880001 -70.7120151939999,45.3904916070001 -70.713241834,45.391224858 -70.714540625,45.391999947 -70.717461256,45.3929345880001 -70.719163527,45.393957507 -70.720802277,45.3946885080001 -70.721937768,45.3949301380001 -70.7219475379999,45.394935538 -70.722685498,45.395304308 -70.7238478689999,45.3955798380001 -70.724409599,45.395912308 -70.725140509,45.3968631990001 -70.725953279,45.397327278 -70.72846966,45.398352548 -70.729654211,45.399104779 -70.729945661,45.399835038 -70.7309935019999,45.4010085190001 -70.7314385609999,45.4018836590001 -70.7312326919999,45.4029458090001 -70.7303793309999,45.4043839400001 -70.731981542,45.4053565900001 -70.734608322,45.4062887690001 -70.735976514,45.407101939 -70.7366428729999,45.407497919 -70.738181034,45.40891086 -70.740703615,45.41034633 -70.742179946,45.410831789 -70.743573576,45.4118689900001 -70.743556546,45.41336592 -70.7440832359999,45.414155651 -70.7447421159999,45.41476364 -70.7450949569999,45.4152214210001 -70.745264047,45.4162664410001 -70.744282227,45.4175511920001 -70.744201747,45.418560051 -70.7438741879999,45.4202414110001 -70.744012878,45.4211746720001 -70.744694728,45.4216061820001 -70.746920728,45.422363412 -70.749158079,45.4227721120001 -70.750017379,45.4232412120001 -70.7506406589999,45.4237343020001 -70.7510910199999,45.4248158720001 -70.751571569,45.4262560220001 -70.75233593,45.426920663 -70.753638311,45.427688222 -70.7545794009999,45.428319383 -70.755406071,45.428459172 -70.757601103,45.4282828120001 -70.7584828029999,45.428053622 -70.759820453,45.4273352020001 -70.7601663519999,45.4271494220001 -70.7616297229999,45.426771252 -70.7639154949999,45.4260370120001 -70.7643971639999,45.425936682 -70.7651760649999,45.426221022 -70.765582965,45.4266024820001 -70.766895285,45.4278259230001 -70.767533105,45.4282944020001 -70.768227725,45.4285114620001 -70.769534806,45.4285270120001 -70.773751337,45.4288552420001 -70.7769832289999,45.4299433030001 -70.7775352789999,45.4300603620001 -70.77859074,45.4301185520001 -70.7795441489999,45.430128992 -70.7801283699999,45.430333922 -70.78054007,45.4305320830001 -70.781439161,45.431239562 -70.7821883409999,45.430680873 -70.78289835,45.429890422 -70.783983991,45.4288945220001 -70.784458721,45.428435472 -70.785739012,45.4274449110001 -70.7875794719999,45.426481811 -70.788900542,45.426836042 -70.789991403,45.4268543910001 -70.790462073,45.427116751 -70.791591604,45.428116672 -70.792353294,45.4282739610001 -70.792822464,45.428332321 -70.793821904,45.428371602 -70.7953917149999,45.428072441 -70.797403866,45.4268588410001 -70.798095425,45.4265251410001 -70.798616366,45.4258122410001 -70.798437806,45.4241627710001 -70.7996491759999,45.42280678 -70.800328086,45.421721319 -70.801234686,45.4207675100001 -70.8020469159999,45.41899428 -70.802509917,45.41794657 -70.8028398869999,45.4177944100001 -70.8033119369999,45.4175756490001 -70.805325838,45.417191399 -70.8077771279999,45.4164857490001 -70.8093452689999,45.4164397480001 -70.81133482,45.416175149 -70.811557879,45.415634878 -70.8118779599999,45.414653909 -70.81205743,45.4129519680001 -70.8124448899999,45.4122675880001 -70.8128206489999,45.411423477 -70.8132653389999,45.411210727 -70.81378625,45.410687727 -70.81472188,45.409602937 -70.815414771,45.4092775670001 -70.81606282,45.4086952370001 -70.8170808199999,45.4082188470001 -70.817515411,45.4073257570001 -70.817967551,45.406440897 -70.818745241,45.405159876 -70.8188670819999,45.404934326 -70.8201377509999,45.403936086 -70.8213373519999,45.4031964270001 -70.822511673,45.402443346 -70.824590923,45.400843595 -70.825097762,45.4006326950001 -70.825737773,45.4002744250001 -70.825585313,45.3994027960001 -70.825950833,45.3983902750001 -70.8258993329999,45.3982489950001 -70.8249774729999,45.397579255 -70.824293873,45.3966538450001 -70.824304282,45.3949941440001 -70.824596002,45.3940626940001 -70.824852853,45.393600495 -70.825228422,45.3930915340001 -70.8242128529999,45.3924397440001 -70.823821622,45.3920705040001 -70.8240248819999,45.391578124 -70.824004042,45.3914632240001 -70.8239276319999,45.391028444 -70.823505762,45.3907791730001 -70.8224813109999,45.390497414 -70.8212295009999,45.3905699840001 -70.8172929689999,45.3903705440001 -70.8165041189999,45.3900513040001 -70.814718258,45.3884506740001 -70.8137733679999,45.3877666130001 -70.813400848,45.3871149240001 -70.813255818,45.386339304 -70.812961247,45.3859367740001 -70.812805688,45.3846532330001 -70.8127064079999,45.3840179330001 -70.8124651379999,45.3834501630001 -70.8103957069999,45.3816684330001 -70.8103289269999,45.381210702 -70.809713366,45.379986462 -70.808009596,45.3787702720001 -70.807967135,45.3787401120001 -70.807789875,45.378610462 -70.807660606,45.378516072 -70.806734406,45.3774612130001 -70.806514235,45.3769272120001 -70.8055655539999,45.374513232 -70.8055825549999,45.3741450520001 -70.804822374,45.372602801 -70.804874204,45.371245581 -70.803999704,45.370224481 -70.803897954,45.3693505800001 -70.803386754,45.36825851 -70.802755863,45.367530431 -70.802533513,45.3656865610001 -70.802772244,45.3652518800001 -70.802922743,45.36503514 -70.802948763,45.365027049 -70.8055148139999,45.3642748290001 -70.806656214,45.36400897 -70.8084431349999,45.3630798500001 -70.8085156349999,45.3623606990001 -70.8084429849999,45.3618949990001 -70.8089108149999,45.361003139 -70.8095175459999,45.3599946690001 -70.809720215,45.358722399 -70.809836815,45.357979388 -70.810464015,45.357600038 -70.811297746,45.357246178 -70.812379686,45.3571228980001 -70.8135844459999,45.357278438 -70.8138136859999,45.3573423080001 -70.814002967,45.357175098 -70.8144704059999,45.3566906180001 -70.8142760859999,45.356190059 -70.814041776,45.3553276280001 -70.814011486,45.3549578280001 -70.8133001749999,45.3539982280001 -70.812208255,45.353025528 -70.811641476,45.3521288270001 -70.810726925,45.3518761770001 -70.8094374739999,45.351520577 -70.809651375,45.3510438770001 -70.809803355,45.349806507 -70.809935874,45.349406908 -70.809801944,45.3486801170001 -70.810039645,45.3484808470001 -70.810644135,45.348075237 -70.812020145,45.3468019160001 -70.812385805,45.3464638470001 -70.813108546,45.3462290460001 -70.8153805159999,45.3460306060001 -70.815815807,45.345946246 -70.816890266,45.345089946 -70.817327097,45.344752886 -70.817666827,45.3442862960001 -70.817805127,45.344129835 -70.817828487,45.3438161460001 -70.817827596,45.343666306 -70.819614287,45.3414087850001 -70.819807247,45.340647505 -70.819901117,45.3402040450001 -70.8197755369999,45.3398720050001 -70.819381167,45.3391109950001 -70.818716646,45.3387142450001 -70.8180165159999,45.337894625 -70.818317196,45.3375772750001 -70.8190554459999,45.3354582740001 -70.818713456,45.3351202440001 -70.8184471759999,45.3343446740001 -70.818085266,45.332602294 -70.816851035,45.3318608340001 -70.816831195,45.331812934 -70.8164020149999,45.3307826230001 -70.815254124,45.330485894 -70.814477675,45.329955624 -70.814282415,45.3293070140001 -70.813943244,45.328892513 -70.812911174,45.328047704 -70.8125227629999,45.3279116530001 -70.811356303,45.3278524730001 -70.810745164,45.327964663 -70.808555283,45.328367164 -70.807582542,45.327671373 -70.807777602,45.3272455630001 -70.808056412,45.3267539730001 -70.808071592,45.324999043 -70.8079259419999,45.3247995930001 -70.8077713719999,45.3245884030001 -70.807560732,45.3243002830001 -70.807148801,45.323697693 -70.807085892,45.322977703 -70.806738271,45.3226582730001 -70.8060932509999,45.321588492 -70.8060966909999,45.3212189820001 -70.806280981,45.3208353320001 -70.806437171,45.3205270120001 -70.806712492,45.320459772 -70.8069758509999,45.320379863 -70.807002611,45.3194977520001 -70.8072349409999,45.3192096320001 -70.807329801,45.3187000710001 -70.8076904609999,45.318249682 -70.807995591,45.3166065020001 -70.807889212,45.315530251 -70.808138441,45.314655972 -70.808800022,45.3135152400001 -70.8084622219999,45.3126105910001 -70.8084306709999,45.3121504310001 -70.808426691,45.31182627 -70.808557611,45.311725331 -70.808802551,45.3115356610001 -70.810162722,45.31133551 -70.8107273919999,45.3109514400001 -70.811312803,45.310574391 -70.811841053,45.30999575 -70.8125289719999,45.3094770500001 -70.8136056229999,45.3090001200001 -70.8140157829999,45.30899573 -70.814630113,45.3081706 -70.8143941339999,45.307904669 -70.814313593,45.3077412800001 -70.813029533,45.30724725 -70.812910432,45.307105689 -70.812154323,45.306276009 -70.8121069919999,45.30618947 -70.811985642,45.30596754 -70.811789672,45.3056065100001 -70.811923162,45.3050873990001 -70.8115403319999,45.303776499 -70.8119042019999,45.302992169 -70.812428052,45.3020042890001 -70.812825392,45.301698559 -70.8135260829999,45.3013071990001 -70.814098292,45.3004324080001 -70.815974543,45.2993797080001 -70.816112464,45.2989160280001 -70.8161585519999,45.2984406470001 -70.816291523,45.298190237 -70.816989214,45.297934927 -70.817444453,45.2982480380001 -70.817575394,45.2986180070001 -70.818022554,45.298647278 -70.8186824439999,45.2986911080001 -70.819323864,45.2989557880001 -70.820422784,45.298561007 -70.820964165,45.298328767 -70.8218367659999,45.2982983380001 -70.8223629359999,45.298024668 -70.8227742349999,45.297895098 -70.8229634049999,45.2976841870001 -70.823391135,45.297611627 -70.824010425,45.2980019170001 -70.825006776,45.2978995770001 -70.8260091459999,45.2972745380001 -70.826678586,45.296794457 -70.8270004459999,45.296699377 -70.8275642959999,45.2967313780001 -70.828460197,45.2963010570001 -70.8289826769999,45.296308707 -70.829486968,45.296122096 -70.829825668,45.295799157 -70.830474528,45.295507806 -70.830706009,45.2954399970001 -70.831117679,45.295283667 -70.831638818,45.295217167 -70.832742508,45.295001997 -70.833255288,45.2949899070001 -70.834304759,45.294249736 -70.834996739,45.293962836 -70.83546476,45.293973416 -70.8355516089999,45.293838506 -70.83570958,45.2936038060001 -70.835264939,45.293236027 -70.834736199,45.292981986 -70.8343292389999,45.292576067 -70.833819319,45.2922150860001 -70.833072709,45.2916304560001 -70.832528828,45.291154686 -70.831794278,45.290900756 -70.8307415479999,45.2910342260001 -70.830586748,45.290963596 -70.830110497,45.2907462960001 -70.829943967,45.290189276 -70.829905907,45.290009196 -70.829853778,45.289762995 -70.8297276069999,45.288701206 -70.830014507,45.286854055 -70.830285067,45.2861810750001 -70.8308836269999,45.2850203140001 -70.8311466869999,45.2842039450001 -70.831493818,45.2818432240001 -70.831896467,45.278919644 -70.8327271169999,45.278602414 -70.833812348,45.277944534 -70.8344905279999,45.277565404 -70.836233539,45.2762021030001 -70.836460828,45.2759855530001 -70.836509639,45.2752506030001 -70.837069088,45.274984133 -70.837590259,45.2737485230001 -70.837685538,45.273274803 -70.837765979,45.2725937930001 -70.838274699,45.2712212220001 -70.839190039,45.2695648820001 -70.8392618089999,45.269035681 -70.839846059,45.268500192 -70.84083186,45.2675964920001 -70.84100761,45.2672579010001 -70.841252729,45.2670234810001 -70.84246596,45.2661448710001 -70.8438225899999,45.2653603410001 -70.8462526009999,45.2646182510001 -70.846333831,45.26457119 -70.848472852,45.2633557610001 -70.848941882,45.2630995010001 -70.8486393319999,45.262598611 -70.848403402,45.261978121 -70.8483121519999,45.2610895700001 -70.8481496319999,45.2605570700001 -70.848097931,45.2589410200001 -70.849388182,45.256497499 -70.849615692,45.255916029 -70.8485131309999,45.2546693190001 -70.8482522909999,45.2544006790001 -70.846557021,45.2533911090001 -70.8465310299999,45.2530217790001 -70.84671567,45.2526158490001 -70.8480396909999,45.249670058 -70.847944331,45.2491679180001 -70.8483365709999,45.2479426880001 -70.848690631,45.246837387 -70.848774081,45.246536888 -70.8486305,45.245188657 -70.8482306,45.2443514070001 -70.846364549,45.2428646980001 -70.844634129,45.2419136770001 -70.844428149,45.241610087 -70.843617068,45.240749206 -70.843324578,45.2404394870001 -70.841980368,45.239803147 -70.841473938,45.239258707 -70.839262466,45.237552216 -70.838633307,45.2372826160001 -70.838047596,45.2372102370001 -70.837060446,45.2372682170001 -70.836638696,45.237318847 -70.836636986,45.2373136160001 -70.836566906,45.2369292970001 -70.8373805049999,45.235409276 -70.8375852149999,45.234997766 -70.8380666049999,45.234627475 -70.839438147,45.2342321960001 -70.840442878,45.234072516 -70.841552378,45.2341844260001 -70.843396398,45.2344833160001 -70.84613688,45.2343935550001 -70.84741251,45.233748695 -70.848298499,45.233431835 -70.84973823,45.2328630650001 -70.8506119309999,45.2325481450001 -70.851187021,45.232182165 -70.851470851,45.2321135550001 -70.852091221,45.2319677350001 -70.8527414,45.2318198250001 -70.8532377019999,45.2317392260001 -70.853984662,45.2312700750001 -70.8552885519999,45.230504185 -70.855820262,45.2303583250001 -70.856567132,45.2299158650001 -70.856550633,45.2296349050001 -70.8575336119999,45.2291433950001 -70.858193383,45.2291628140001 -70.858902953,45.229371654 -70.8617328139999,45.2299475040001 -70.8622652239999,45.2302653450001 -70.863488654,45.230939784 -70.8647542749999,45.2312578140001 -70.866662317,45.231411155 -70.868970697,45.2320965540001 -70.870024217,45.2325405650001 -70.8708338769999,45.2327957140001 -70.872719418,45.2335240640001 -70.874823809,45.2341583950001 -70.874853069,45.234150524 -70.8764506489999,45.2337232850001 -70.87711584,45.233589184 -70.8795625,45.233398304 -70.880829201,45.234286594 -70.882845221,45.2342644840001 -70.8833533709999,45.235121205 -70.884311032,45.234867654 -70.884734722,45.234868195 -70.8853834019999,45.2354223250001 -70.886981642,45.236262335 -70.8875044929999,45.236691395 -70.889049434,45.2378766040001 -70.8893186139999,45.2387128250001 -70.8895672739999,45.2387809740001 -70.890980284,45.239132715 -70.892126775,45.2389789960001 -70.892615935,45.2389835650001 -70.8937649759999,45.239729735 -70.8943010359999,45.239984135 -70.895049226,45.2403343550001 -70.895402506,45.2408065450001 -70.8955090859999,45.2411074460001 -70.8963521969999,45.2414781160001 -70.896943856,45.241873325 -70.896708936,45.2421825850001 -70.896345316,45.2424993160001 -70.8965873559999,45.243040895 -70.897761047,45.2431725260001 -70.898022957,45.243456785 -70.898249537,45.2440894650001 -70.897952187,45.2463319170001 -70.897749087,45.2469271160001 -70.897551467,45.248252166 -70.896917877,45.2490912370001 -70.8960628569999,45.250706537 -70.895728006,45.251194377 -70.8951467369999,45.252266198 -70.895755607,45.2529980570001 -70.896534157,45.253294188 -70.898057028,45.2544372070001 -70.8983303379999,45.254861357 -70.898376808,45.2551635570001 -70.898126078,45.255575128 -70.898355578,45.256099168 -70.898324558,45.2579845980001 -70.8984065189999,45.2581198080001 -70.8985130679999,45.258337178 -70.898586129,45.258410918 -70.898916099,45.258659128 -70.900172399,45.2587996190001 -70.9016691589999,45.259849618 -70.902256729,45.260101799 -70.90333722,45.260673108 -70.9047045309999,45.2605230180001 -70.9051646409999,45.2607338880001 -70.905895761,45.260836069 -70.906691901,45.2615704890001 -70.906388641,45.2619301180001 -70.9062037909999,45.262149429 -70.905937211,45.2628033990001 -70.905937921,45.263320579 -70.9058058209999,45.263802839 -70.905951531,45.2640986590001 -70.905807551,45.264403089 -70.9056181509999,45.264803789 -70.905076541,45.2652336790001 -70.9053486509999,45.265886509 -70.906144992,45.2666524690001 -70.906705921,45.26712338 -70.907306622,45.2679516000001 -70.907499302,45.2684521400001 -70.908422983,45.269425659 -70.908567653,45.26952277 -70.909788953,45.26970039 -70.9113085229999,45.270000209 -70.9116413839999,45.27126464 -70.911977103,45.2718893590001 -70.9135270739999,45.2727394 -70.913981904,45.27361239 -70.9148224049999,45.2742144100001 -70.915326525,45.2750534400001 -70.9157340249999,45.2757322310001 -70.9162668549999,45.2761318510001 -70.9164545359999,45.276719461 -70.916413155,45.2773452710001 -70.916835426,45.2775183310001 -70.918670296,45.277919131 -70.9193003669999,45.2781231710001 -70.9211116669999,45.2788378910001 -70.921334367,45.2792350220001 -70.9216731079999,45.2805456410001 -70.920753008,45.2809614820001 -70.920683368,45.2814284020001 -70.920547927,45.281949572 -70.919642777,45.285223972 -70.918661227,45.2858635320001 -70.918702837,45.287292543 -70.9179538069999,45.2877917230001 -70.917762937,45.288117013 -70.917543807,45.2885924830001 -70.916324217,45.2897864930001 -70.915376666,45.2904411430001 -70.9148928449999,45.2905802930001 -70.914719546,45.291314664 -70.9146646459999,45.291783234 -70.9138056049999,45.2918747630001 -70.913796135,45.2924763340001 -70.913642575,45.2930342440001 -70.9131552859999,45.2950329940001 -70.912603105,45.2956809140001 -70.9120055559999,45.2963200040001 -70.9121347459999,45.296889225 -70.9137636959999,45.3003577650001 -70.915395226,45.301623555 -70.916858598,45.302905745 -70.919610538,45.3052720950001 -70.9191048979999,45.3064506760001 -70.9193020879999,45.3072041950001 -70.919955719,45.307735946 -70.919335839,45.3087428360001 -70.9193109289999,45.309358236 -70.917835758,45.3117317570001 -70.9202399289999,45.313382817 -70.9212834689999,45.313699237 -70.923174591,45.314075637 -70.9240325599999,45.3142934570001 -70.9250421419999,45.314842367 -70.925386122,45.3147877270001 -70.927162101,45.314863368 -70.927536112,45.315903237 -70.9287125819999,45.3164036370001 -70.9293543919999,45.3165849970001 -70.929966932,45.3188196880001 -70.9308630529999,45.3189427670001 -70.931210944,45.319004518 -70.933666124,45.319304688 -70.937751626,45.3198477870001 -70.938895187,45.3199888770001 -70.939719106,45.321574507 -70.940199417,45.322499588 -70.940583607,45.3232395480001 -70.941985017,45.323551149 -70.943465507,45.323888788 -70.9442711689999,45.3247291380001 -70.944591338,45.3250630480001 -70.945204658,45.325711928 -70.944870448,45.326833988 -70.944466859,45.327377648 -70.945127989,45.329046229 -70.94580698,45.329344329 -70.9480883909999,45.330258239 -70.9484112499999,45.3308366790001 -70.949490681,45.3313259190001 -70.9489244009999,45.3319068390001 -70.949190711,45.332418999 -70.950929281,45.3348080600001 -70.9508310809999,45.33560921 -70.9507167209999,45.33637915 -70.9504909309999,45.3369346810001 -70.950241701,45.3375132 -70.9508527209999,45.3383686500001 -70.9515489619999,45.3387852800001 -70.952379601,45.33912617 -70.953166542,45.3391149400001 -70.9544059419999,45.33865652 -70.9553415829999,45.33861517 -70.9567359339999,45.33809612 -70.957405824,45.33816031 -70.958457763,45.3377792700001 -70.959217544,45.33710411 -70.961185465,45.3367291800001 -70.962423454,45.3356033200001 -70.962918606,45.335201469 -70.963993736,45.3341365090001 -70.9656409359999,45.3333950190001 -70.965987297,45.333478219 -70.966227767,45.3335329290001 -70.9664704159999,45.333249159 -70.9667942259999,45.3329847690001 -70.967325167,45.3322306090001 -70.9686351669999,45.3321350090001 -70.969771497,45.3329449890001 -70.970576727,45.333049879 -70.971734708,45.332898119 -70.9733280689999,45.3336226390001 -70.9760646789999,45.3334155590001 -70.97663097,45.333372679 -70.976705209,45.333017238 -70.9773300099999,45.3326365180001 -70.9777350799999,45.3324715480001 -70.979287921,45.3323726190001 -70.9795833699999,45.3323698080001 -70.9805973909999,45.3322930890001 -70.981121291,45.3322302880001 -70.981717692,45.332654098 -70.9829738829999,45.332645708 -70.984061643,45.3322297390001 -70.984975713,45.3319165080001 -70.985678602,45.332990958 -70.986925863,45.333175598 -70.989120364,45.3341462880001 -70.989482424,45.3346979080001 -70.9901144739999,45.335660798 -70.9902825149999,45.3361543980001 -70.990216055,45.336986659 -70.990847295,45.3381050690001 -70.9911292749999,45.3381948690001 -70.991891696,45.3381275790001 -70.9930836249999,45.338239339 -70.993816545,45.338373559 -70.9941043859999,45.3386816280001 -70.994525406,45.338958769 -70.9955188659999,45.339430969 -70.997097858,45.34003484 -70.999551888,45.3414644690001 -70.999843528,45.3416458390001 -71.000436308,45.34204342 -71.001000158,45.3431925 -71.001363999,45.3436629400001 -71.0014334689999,45.3441774 -71.0023111789999,45.34417998 -71.002720639,45.3443565000001 -71.004394341,45.3453825500001 -71.010374102,45.34767279 -71.010653103,45.3476841790001 -71.011137613,45.3473426200001 -71.0110854019999,45.346931629 -71.011294413,45.3465720090001 -71.011554092,45.3460718790001 -71.011880982,45.345402979 -71.012634733,45.344737819 -71.013002133,45.3442434300001 -71.012568792,45.3438074090001 -71.012479852,45.341268389 -71.011197532,45.340097229 -71.0112004219999,45.339857599 -71.0109306809999,45.3395958990001 -71.0113541219999,45.339187038 -71.010620992,45.3381656990001 -71.0114515509999,45.3378660480001 -71.011479242,45.3371550780001 -71.0112846709999,45.336549158 -71.0109036109999,45.3362206290001 -71.010882732,45.3347719880001 -71.011227592,45.334417547 -71.011890212,45.3344124280001 -71.0121162629999,45.3338787170001 -71.0116954819999,45.3336614070001 -71.0106063009999,45.3335654480001 -71.00834764,45.333366417 -71.00775621,45.3330540380001 -71.00724027,45.332783288 -71.006654719,45.3327349570001 -71.00563263,45.3319661080001 -71.0043197689999,45.3309953670001 -71.004011089,45.3304017470001 -71.0034120189999,45.3298786170001 -71.003485239,45.3293559370001 -71.002472508,45.3285506870001 -71.001872398,45.328437497 -71.0021621779999,45.328123937 -71.003071528,45.327727967 -71.003924048,45.3273807460001 -71.0055135389999,45.3244078660001 -71.006695569,45.322951866 -71.007584169,45.3220338150001 -71.008247109,45.321320036 -71.0085258189999,45.320185585 -71.00839209,45.3200647150001 -71.0081236189999,45.3196909750001 -71.00852172,45.3192499250001 -71.0087039699999,45.3191672660001 -71.009477019,45.3188563150001 -71.0102789599999,45.3186937140001 -71.01109896,45.318374535 -71.01132061,45.317969745 -71.011988391,45.3175845550001 -71.0134625919999,45.3168757540001 -71.014535382,45.316862085 -71.0147558319999,45.3168550840001 -71.016073502,45.316347654 -71.016231912,45.315539544 -71.016666962,45.3154990640001 -71.0180821829999,45.315301634 -71.019404143,45.315438714 -71.0201059839999,45.3151191540001 -71.021007094,45.3150429140001 -71.021642344,45.314445613 -71.0224337239999,45.3144473730001 -71.0233599749999,45.3149315540001 -71.0235054239999,45.3149845930001 -71.024006495,45.315425884 -71.024576914,45.315330423 -71.0254026649999,45.3151685240001 -71.026687635,45.3148025740001 -71.027092356,45.314695693 -71.027369246,45.3141998940001 -71.028797396,45.3135253940001 -71.030837957,45.312561583 -71.0314520969999,45.3114356030001 -71.032671807,45.310200792 -71.033456448,45.310138943 -71.033717138,45.3100281930001 -71.034095378,45.310360992 -71.0345230569999,45.3104838130001 -71.034641558,45.3107024820001 -71.036121178,45.310680373 -71.0390676489999,45.3126147230001 -71.03932774,45.312412862 -71.0399610489999,45.3125451330001 -71.0406872899999,45.3127621020001 -71.04150054,45.3131174230001 -71.04242156,45.312863373 -71.0435804209999,45.3131388530001 -71.045374612,45.3131062730001 -71.0460011819999,45.3129978530001 -71.0464399209999,45.313065443 -71.0466346819999,45.313095463 -71.0519080239999,45.311775132 -71.052222074,45.3114757230001 -71.053169564,45.3114249330001 -71.053707345,45.3115271720001 -71.055023975,45.3124104730001 -71.0557742249999,45.312919922 -71.057266845,45.3131564330001 -71.057535316,45.313225372 -71.058481555,45.313601272 -71.059100647,45.3138471720001 -71.060002927,45.3136324920001 -71.060319777,45.3134773620001 -71.060733547,45.312998362 -71.061218657,45.312849252 -71.062350228,45.3128265730001 -71.0626312379999,45.313138483 -71.063275118,45.3128212930001 -71.064062567,45.3126981620001 -71.064682718,45.312421321 -71.0655376879999,45.3125447420001 -71.065946519,45.312052452 -71.065187798,45.3116557320001 -71.0656399979999,45.311430741 -71.0660447879999,45.3114456220001 -71.066461079,45.3109832220001 -71.067000198,45.3111622320001 -71.067228959,45.310815862 -71.0673553999999,45.3105731220001 -71.0687496589999,45.3102401610001 -71.0685975489999,45.3096764110001 -71.0690126499999,45.3094691910001 -71.069475239,45.3095350410001 -71.0700707999999,45.3093742710001 -71.07053474,45.3095086710001 -71.07226143,45.3084627710001 -71.073604081,45.3079809610001 -71.0742888299999,45.3077128410001 -71.074980731,45.3070599710001 -71.076686722,45.3070667210001 -71.077182022,45.306727751 -71.077375462,45.306603941 -71.078217272,45.3066619210001 -71.078637363,45.3064544800001 -71.079937113,45.3070542900001 -71.0802796629999,45.3068147700001 -71.080587163,45.306820681 -71.081663393,45.3063208200001 -71.082732205,45.3063305200001 -71.0830805539999,45.3057318900001 -71.0839880039999,45.3054770700001 -71.084396794,45.3054926410001 -71.084719365,45.3057067990001 -71.0857165049999,45.30578724 -71.0859152739999,45.3053871500001 -71.086909815,45.3051996500001 -71.086788164,45.30473184 -71.087855095,45.3046240300001 -71.089308116,45.30478917 -71.089722486,45.3046133500001 -71.090456586,45.3041881090001 -71.0925482869999,45.3039281700001 -71.094682878,45.302480389 -71.0955801979999,45.302252009 -71.096090018,45.3022242690001 -71.096817679,45.302300229 -71.097283288,45.3020843690001 -71.097488488,45.301746619 -71.0982014589999,45.3016825490001 -71.0984187079999,45.3008892780001 -71.0981803889999,45.3005946690001 -71.098252508,45.3002332790001 -71.0987776489999,45.300087649 -71.099488529,45.299197958 -71.1005483499999,45.2984641090001 -71.101521729,45.297859718 -71.10242307,45.2972204180001 -71.10293118,45.2967065380001 -71.1044170499999,45.295674698 -71.104778911,45.2952463680001 -71.10528104,45.294884138 -71.1054390909999,45.294134738 -71.10520372,45.2934807870001 -71.1040762599999,45.2926383170001 -71.1039378799999,45.2923204370001 -71.1041263709999,45.291811957 -71.10418951,45.2915261970001 -71.1045991299999,45.2911987270001 -71.10506406,45.291250657 -71.105888321,45.291342657 -71.106555801,45.2910962760001 -71.107087641,45.2898440270001 -71.1078604309999,45.2895621160001 -71.1088267919999,45.286717337 -71.1090393109999,45.2861267660001 -71.110558182,45.284900576 -71.110989492,45.2843864650001 -71.110292111,45.284160275 -71.110244482,45.283600775 -71.110053321,45.2831266760001 -71.109174991,45.2823565850001 -71.10831275,45.2823151850001 -71.10544477,45.2828086260001 -71.1054568489999,45.2825805950001 -71.105976031,45.281894826 -71.10643872,45.2815809850001 -71.1062488809999,45.280916275 -71.106404531,45.2803249250001 -71.1063623699999,45.280015485 -71.10689848,45.279720164 -71.10718937,45.2783560840001 -71.108709571,45.277065814 -71.109534841,45.277091264 -71.1097123609999,45.276947605 -71.109830761,45.2767079340001 -71.109563551,45.276142604 -71.110096481,45.2757178840001 -71.110654471,45.275390504 -71.111625182,45.275641654 -71.112097171,45.275336554 -71.1132553319999,45.2748007230001 -71.114057612,45.274951394 -71.115469613,45.2745612630001 -71.116311162,45.274093753 -71.1164647639999,45.273195134 -71.1167885419999,45.272719583 -71.116297522,45.271419243 -71.1162406729999,45.270459143 -71.1164344429999,45.269449373 -71.117510403,45.268303383 -71.1183121729999,45.2678042420001 -71.119167004,45.2671395720001 -71.1196525139999,45.266482523 -71.120202223,45.265151562 -71.119973094,45.264233022 -71.1203169039999,45.2636763020001 -71.119223903,45.263075762 -71.1196585129999,45.262499291 -71.119465163,45.262080982 -71.1195458129999,45.261629181 -71.1200601639999,45.2615782010001 -71.1206310429999,45.261110581 -71.121230074,45.260321101 -71.122335374,45.2595010700001 -71.1236621049999,45.2585114400001 -71.123898615,45.25840063 -71.124257784,45.2575014110001 -71.124124324,45.2571208200001 -71.1237867249999,45.2559777800001 -71.1241181839999,45.25514674 -71.1249694049999,45.25446441 -71.125617635,45.2546258400001 -71.126484545,45.2539128490001 -71.126937445,45.2541756590001 -71.127944815,45.2536996000001 -71.128243245,45.2530339 -71.128926566,45.25250283 -71.129722046,45.251418619 -71.129406476,45.250719969 -71.129652716,45.250086749 -71.130141356,45.249785499 -71.130054485,45.249223129 -71.129885916,45.2485343880001 -71.130777597,45.247431819 -71.1309291549999,45.2465589280001 -71.131709266,45.2457173780001 -71.132463446,45.2450113680001 -71.1329112559999,45.244521327 -71.133562357,45.244251648 -71.133964987,45.2440848470001 -71.1343951169999,45.2439938480001 -71.134951417,45.243814838 -71.1357130769999,45.243736078 -71.137096108,45.243877868 -71.138255628,45.243544867 -71.139253058,45.2427984670001 -71.140372898,45.2428031170001 -71.14152824,45.242544007 -71.14351182,45.2425599470001 -71.1440776109999,45.242271917 -71.1457810809999,45.241221217 -71.14587928,45.240938047 -71.146499991,45.2402246570001 -71.1462593109999,45.239734737 -71.147561162,45.2394441770001 -71.1480370909999,45.2394931870001 -71.1483107509999,45.2397314570001 -71.148131501,45.2399669160001 -71.148022881,45.240260946 -71.1477638109999,45.2406112560001 -71.147339941,45.2409143360001 -71.147438731,45.241213766 -71.1478297319999,45.241522537 -71.1478746619999,45.241957186 -71.1480219009999,45.2424525170001 -71.148570792,45.2428793970001 -71.149400353,45.243425367 -71.149431982,45.243446486 -71.150070372,45.2436688170001 -71.150767243,45.243763567 -71.151664652,45.244544617 -71.152621214,45.244932007 -71.1536743139999,45.2457953270001 -71.154740944,45.2460532470001 -71.1549342329999,45.2462125970001 -71.155223575,45.2464511570001 -71.155977174,45.2464626170001 -71.155702275,45.2469222780001 -71.156189695,45.2474623570001 -71.156911866,45.247488108 -71.157020814,45.247665727 -71.1568506149999,45.247976077 -71.157013636,45.248199598 -71.158085765,45.2484531580001 -71.159111356,45.248827098 -71.159852756,45.248792198 -71.160878426,45.2494074480001 -71.161539137,45.2498244980001 -71.161837527,45.2500958580001 -71.162331427,45.250355158 -71.162902817,45.2496080280001 -71.163274808,45.2494325280001 -71.163876558,45.2488597080001 -71.165039528,45.249097007 -71.1655321869999,45.2485361280001 -71.165829488,45.2483739370001 -71.166685318,45.2476863570001 -71.166728978,45.2474889480001 -71.167493518,45.247009237 -71.168089949,45.247051877 -71.168317869,45.246870017 -71.168578999,45.246489787 -71.1688225789999,45.2462807470001 -71.1694431289999,45.2466348070001 -71.169719979,45.2464222670001 -71.170154409,45.246599356 -71.170825049,45.2459881570001 -71.1719067499999,45.246024617 -71.17263172,45.246177027 -71.17320252,45.2463250270001 -71.1735172699999,45.2458209660001 -71.17417133,45.2454902960001 -71.174523641,45.2454920160001 -71.1748119109999,45.245178036 -71.175090331,45.2450575670001 -71.1756247609999,45.244682846 -71.1761239109999,45.2442281460001 -71.1768168519999,45.244055356 -71.1769509809999,45.2437187360001 -71.1773468119999,45.2430798660001 -71.177758851,45.242742736 -71.1782675109999,45.2419567360001 -71.178366572,45.241382086 -71.179107132,45.241155726 -71.179620782,45.2405186350001 -71.1801015619999,45.2399461850001 -71.181157363,45.240199166 -71.181844933,45.240184415 -71.182035653,45.2404155460001 -71.182397173,45.240644106 -71.182272613,45.241352256 -71.1826247129999,45.241585646 -71.182567594,45.241993796 -71.182657843,45.2421828660001 -71.1824913739999,45.2425084750001 -71.183294224,45.2434701060001 -71.183973543,45.2435898350001 -71.1840727439999,45.2438081560001 -71.183954383,45.244087746 -71.1840061239999,45.244434246 -71.183966303,45.244950606 -71.184519425,45.244889336 -71.184955534,45.2450848660001 -71.185388124,45.244326996 -71.186054514,45.244236336 -71.186887844,45.2443961760001 -71.187778865,45.2450696760001 -71.1876273349999,45.2453862360001 -71.1872752849999,45.245928506 -71.187445085,45.2462960060001 -71.187334295,45.2465267160001 -71.1876763349999,45.2474681460001 -71.187733995,45.247626816 -71.188217025,45.2477907270001 -71.1889966049999,45.247810696 -71.1893502359999,45.2475991360001 -71.1898025359999,45.247655077 -71.190416426,45.2477165270001 -71.1910321559999,45.2478897670001 -71.191405726,45.2484615270001 -71.191471956,45.248896577 -71.191185826,45.249412937 -71.191366537,45.249558506 -71.1930509169999,45.249910137 -71.193384607,45.249904127 -71.193700297,45.250335336 -71.194222918,45.2506480970001 -71.1951379779999,45.251275627 -71.1948658479999,45.251876947 -71.195458918,45.2528525170001 -71.196115848,45.253144987 -71.195977968,45.2534242070001 -71.196137698,45.253816047 -71.1961869689999,45.2539844670001 -71.196429568,45.2540615670001 -71.197142528,45.2541774370001 -71.197317319,45.2539225670001 -71.197720799,45.253938917 -71.198090469,45.2540997570001 -71.1986373089999,45.254263457 -71.19890694,45.2539427470001 -71.19923528,45.2535926670001 -71.1996804,45.2535978770001 -71.200001969,45.2532896170001 -71.200317679,45.2533579770001 -71.2006107399999,45.2536238070001 -71.20079442,45.2540398370001 -71.2014628009999,45.2541134080001 -71.2019815899999,45.2542835470001 -71.202503561,45.254328657 -71.202898321,45.2539816170001 -71.203789292,45.253514867 -71.203892681,45.253142047 -71.204646802,45.252999447 -71.204849402,45.252814507 -71.205068441,45.2526147670001 -71.2052835819999,45.2524184060001 -71.206351922,45.2528188370001 -71.206916352,45.2529038160001 -71.207187812,45.253067227 -71.207722533,45.2523214070001 -71.2080468029999,45.2521409760001 -71.208380252,45.2513171860001 -71.208994213,45.2511085560001 -71.209636163,45.2506069460001 -71.210583953,45.2507042670001 -71.2108636529999,45.250536116 -71.211124894,45.2502231460001 -71.2116494639999,45.250172596 -71.212301794,45.2503601270001 -71.212657855,45.2501283760001 -71.2137372939999,45.2506796960001 -71.214289304,45.250699766 -71.2149660549999,45.250427206 -71.216979656,45.2504344760001 -71.217523996,45.2508836860001 -71.217667475,45.2511120460001 -71.218090795,45.251040346 -71.2184363759999,45.2506810770001 -71.2185736059999,45.250515766 -71.2194973859999,45.250601626 -71.2206284759999,45.250744496 -71.2205462859999,45.2513253160001 -71.220816086,45.251949026 -71.221554278,45.2522211960001 -71.221393758,45.253056246 -71.222103687,45.2533718060001 -71.222917298,45.2526242860001 -71.223685457,45.252220815 -71.2243656379999,45.252122136 -71.2248729889999,45.2517620260001 -71.2251590979999,45.251728386 -71.2256272979999,45.2514745760001 -71.226212789,45.2512876060001 -71.226397028,45.2509120660001 -71.226796628,45.250573155 -71.2268610089999,45.2503166750001 -71.227205679,45.250068265 -71.2279134189999,45.249783805 -71.228262049,45.249388636 -71.2289891189999,45.249536145 -71.229440519,45.249208036 -71.22999053,45.249237635 -71.230615209,45.249425966 -71.231146381,45.2498890950001 -71.23162948,45.250739905 -71.23185111,45.2509822760001 -71.2327118109999,45.251004435 -71.233110911,45.2515310250001 -71.23301249,45.251740956 -71.23258506,45.251924586 -71.232045781,45.2525903760001 -71.23133108,45.2539122060001 -71.232189401,45.2546896760001 -71.232497141,45.255315986 -71.2326787709999,45.256281836 -71.2327039909999,45.2569446360001 -71.233209071,45.2575792470001 -71.233821972,45.2577903660001 -71.2340995719999,45.258300827 -71.234531631,45.258682897 -71.234965242,45.2592036670001 -71.234939281,45.259603407 -71.235591783,45.260915927 -71.235984193,45.2611382970001 -71.236986432,45.261370807 -71.237970944,45.261443227 -71.239421164,45.2616761470001 -71.239411794,45.261722107 -71.239247414,45.262522028 -71.2391881029999,45.2633443780001 -71.240705405,45.2643408180001 -71.2417311849999,45.2649538480001 -71.2432768749999,45.2665238880001 -71.243934635,45.267337868 -71.244917446,45.2681979380001 -71.2456161659999,45.268808338 -71.2469675469999,45.268515968 -71.2474495069999,45.268658198 -71.248032087,45.268338628 -71.2484114869999,45.267989078 -71.248781197,45.267846488 -71.249471317,45.2680293670001 -71.249834638,45.2686746680001 -71.249742848,45.2690772980001 -71.250119608,45.269202728 -71.250300478,45.269633178 -71.251032358,45.269851058 -71.251452538,45.269882249 -71.2516609589999,45.2702621380001 -71.2523451989999,45.2705319990001 -71.253068469,45.271067228 -71.25430576,45.2716346780001 -71.255413259,45.271978328 -71.25558036,45.272175648 -71.25597177,45.2729823280001 -71.25640584,45.2732052380001 -71.25687563,45.272883338 -71.25729081,45.272743619 -71.258757051,45.271898079 -71.25903267,45.2718682190001 -71.259393072,45.2720419180001 -71.259530871,45.2724032580001 -71.259251691,45.2728003890001 -71.2594848909999,45.273169609 -71.259672661,45.273465908 -71.259877961,45.2739380080001 -71.259627871,45.274582879 -71.260355722,45.274862479 -71.260758202,45.275305309 -71.2618910319999,45.2758956490001 -71.2622966719999,45.276004389 -71.262206103,45.276584379 -71.2624376919999,45.2768582 -71.2629756219999,45.277440749 -71.262833682,45.2781444400001 -71.262905673,45.2787354800001 -71.262726352,45.27916622 -71.2627957729999,45.2794749500001 -71.263170423,45.279884409 -71.2635127739999,45.280208149 -71.2632816139999,45.2819053900001 -71.263719263,45.282312581 -71.263924194,45.2828884800001 -71.263860864,45.2835869100001 -71.263865094,45.28453088 -71.263753064,45.2847967600001 -71.263986594,45.285148 -71.2639532439999,45.2854970010001 -71.2642835739999,45.28651017 -71.264375684,45.2866230010001 -71.2645616739999,45.286853041 -71.264568404,45.287237841 -71.264816044,45.2874127000001 -71.265186904,45.2885506710001 -71.265918325,45.2894220910001 -71.265778674,45.2905115710001 -71.266177575,45.291450502 -71.265824704,45.2919747220001 -71.265647475,45.2922591820001 -71.264444474,45.293238402 -71.264949284,45.2938010710001 -71.265522015,45.2940037920001 -71.266293875,45.294387542 -71.2670129759999,45.2944219720001 -71.267614275,45.2946705320001 -71.268261866,45.2949122420001 -71.268997326,45.295283942 -71.270021796,45.295346292 -71.2703517469999,45.295534192 -71.271187626,45.295848962 -71.2719706459999,45.296035202 -71.272689267,45.296581282 -71.2727162369999,45.2965706520001 -71.273845418,45.296114512 -71.274230148,45.295785122 -71.274833228,45.2956952420001 -71.275778268,45.2950557020001 -71.276713318,45.2948639320001 -71.2773185189999,45.295038542 -71.27788836,45.2949510810001 -71.278323289,45.2946716910001 -71.279115329,45.294496162 -71.2805181799999,45.2945970120001 -71.2808948909999,45.295170242 -71.28084976,45.295549662 -71.281116411,45.295774862 -71.281337621,45.2962155820001 -71.282706071,45.297118852 -71.2821461409999,45.297936812 -71.282167251,45.2984352820001 -71.2820091899999,45.2991258320001 -71.2822273899999,45.299510663 -71.2828175509999,45.2997316230001 -71.283590951,45.300020413 -71.283712271,45.3003221820001 -71.2830812409999,45.3009322730001 -71.2836279209999,45.3019431930001 -71.284225001,45.3023679830001 -71.284787471,45.3012908220001 -71.285423631,45.300650182 -71.285793461,45.300372543 -71.287016953,45.300778472 -71.2879136619999,45.3009167220001 -71.288790352,45.300045363 -71.289874164,45.300014752 -71.2905493439999,45.299595772 -71.290672034,45.299024742 -71.2909677229999,45.298719872 -71.292814764,45.2985271810001 -71.293379094,45.298667622 -71.294331444,45.2985373820001 -71.295211845,45.298700511 -71.296234415,45.2991528420001 -71.297603946,45.2980670220001 -71.297706566,45.2978175320001 -71.298786536,45.2970457920001 -71.298864446,45.2970192510001 -71.298987406,45.296977461 -71.299514086,45.2969073020001 -71.300065407,45.2963801120001 -71.300530577,45.2966578410001 -71.301818197,45.2953674710001 -71.302137637,45.294732341 -71.302690868,45.29392476 -71.303009887,45.2929846810001 -71.304483577,45.2924390100001 -71.304926318,45.2916533800001 -71.306400719,45.290019419 -71.3063135479999,45.2895433890001 -71.306986638,45.28822417 -71.3075890389999,45.2874945190001 -71.308730128,45.287195459 -71.309028568,45.2869674290001 -71.310039129,45.28692011 -71.3102516989999,45.2869099490001 -71.311294839,45.286550919 -71.312036769,45.2867189790001 -71.31243905,45.2868212990001 -71.31295328,45.2869179790001 -71.31366867,45.286772329 -71.31444276,45.286829719 -71.31542467,45.2866033990001 -71.315808681,45.286016299 -71.317024042,45.285446989 -71.317383591,45.2849430480001 -71.318680302,45.283931808 -71.319134941,45.282993688 -71.3196368219999,45.2829244180001 -71.320251222,45.2822680880001 -71.3208335419999,45.2819289180001 -71.321935743,45.2817560880001 -71.324628554,45.281332348 -71.3265679049999,45.2812609870001 -71.328544385,45.280814628 -71.3291215849999,45.280538328 -71.3298418859999,45.280411857 -71.3308033549999,45.2802882880001 -71.331703096,45.2795142470001 -71.3315743759999,45.278978647 -71.3324487259999,45.278226127 -71.3326449859999,45.277434376 -71.333041576,45.2769172170001 -71.333031556,45.275865127 -71.3330601759999,45.2758388760001 -71.333489256,45.2754400860001 -71.335011687,45.273540116 -71.335240878,45.2734196860001 -71.3364125369999,45.272750875 -71.338538908,45.272532525 -71.340417859,45.272074285 -71.342347939,45.271267945 -71.344312789,45.2712577550001 -71.3447532,45.2713279660001 -71.3458338299999,45.2714993050001 -71.3469171209999,45.2720506860001 -71.347270551,45.272038905 -71.347682601,45.2720253260001 -71.348696391,45.270780245 -71.350316332,45.269512284 -71.350853241,45.2695492350001 -71.3526713319999,45.2687056250001 -71.353456323,45.268614245 -71.355683024,45.268609455 -71.358463074,45.269468965 -71.359587824,45.270101434 -71.3602790849999,45.270341365 -71.360618035,45.269867554 -71.3608587749999,45.268880794 -71.361797985,45.268178554 -71.362365416,45.267754574 -71.3630435759999,45.2673992740001 -71.363213876,45.2667472840001 -71.362291205,45.2651279940001 -71.361924615,45.264583423 -71.361760126,45.2644438730001 -71.360199424,45.2631196130001 -71.3593347839999,45.2621035130001 -71.358712764,45.259472563 -71.357939414,45.258505332 -71.357279163,45.257508833 -71.356616483,45.256589202 -71.357002203,45.2553138820001 -71.356366733,45.254672472 -71.3565396019999,45.2539060220001 -71.3571119429999,45.2531845010001 -71.3581554519999,45.2517945210001 -71.3588128929999,45.2509204620001 -71.359283503,45.250557901 -71.362045025,45.2492287910001 -71.362773214,45.248311141 -71.364587695,45.2477650710001 -71.3657222149999,45.2474231300001 -71.366916126,45.2473983300001 -71.3671532559999,45.2471374100001 -71.367514016,45.24670215 -71.368019476,45.2463979410001 -71.368741026,45.24637317 -71.372382107,45.24624944 -71.3734698069999,45.245455959 -71.3747228079999,45.2452480690001 -71.375952818,45.2451072100001 -71.376738018,45.2443961500001 -71.377420129,45.243777229 -71.37834157,45.2435007890001 -71.37888047,45.2428375490001 -71.378887479,45.242431249 -71.3789447889999,45.2417294090001 -71.379007719,45.2414113790001 -71.37970706,45.2406634490001 -71.380343829,45.238717578 -71.38118668,45.2376230080001 -71.38194361,45.2368198390001 -71.38252547,45.2353864880001 -71.3829257899999,45.2348678480001 -71.383454441,45.234182758 -71.3841382099999,45.2335181670001 -71.385309201,45.233056467 -71.385917241,45.2331011970001 -71.386917892,45.2338990970001 -71.3892596219999,45.234962018 -71.3904407429999,45.236476247 -71.3917263129999,45.2373907480001 -71.392703083,45.238715658 -71.3924775739999,45.2394373980001 -71.3930493249999,45.239810758 -71.394502905,45.2409195980001 -71.396357205,45.2418608090001 -71.397783515,45.2421305180001 -71.399647997,45.242117788 -71.4021460869999,45.2426075980001 -71.403947838,45.2421156780001 -71.405734379,45.241861129 -71.407446509,45.2412264070001 -71.407631419,45.2404189480001 -71.407724929,45.2400161580001 -71.408517289,45.2393008080001 -71.4090884989999,45.2391272080001 -71.40986924,45.2389520670001 -71.410972069,45.239134517 -71.41192245,45.238734627 -71.41244161,45.237848387 -71.41230598,45.236911047 -71.413005611,45.2358502170001 -71.413983371,45.236100396 -71.416822122,45.2357899570001 -71.417693082,45.234983087 -71.419262992,45.2339993960001 -71.419996673,45.2327530370001 -71.4203283429999,45.2325938450001 -71.4210520029999,45.232212566 -71.4216552729999,45.232790966 -71.4236143639999,45.233630287 -71.423895973,45.233674256 -71.4242054439999,45.2337222460001 -71.425453594,45.2333343450001 -71.4264119649999,45.233695346 -71.426761115,45.2341694260001 -71.4274062649999,45.2342566360001 -71.427919155,45.2338756460001 -71.429127846,45.2339698960001 -71.4296496859999,45.2350933160001 -71.4296339049999,45.235978216 -71.430336616,45.2362854670001 -71.431326257,45.2364240960001 -71.432402897,45.2370527360001 -71.434222668,45.2384245370001 -71.435268798,45.2381490560001 -71.435891429,45.238323866 -71.437379619,45.2388232960001 -71.4391073789999,45.239038507 -71.439671029,45.2391086260001 -71.4403890899999,45.238588156 -71.441907901,45.2386541770001 -71.4423131409999,45.2384971870001 -71.442819141,45.2383014970001 -71.443021941,45.2379679850001 -71.443401761,45.2367661750001 -71.4432864,45.236481795 -71.443177761,45.236215836 -71.44349933,45.235539556 -71.443527661,45.2354792260001 -71.443827631,45.2352047960001 -71.4436204,45.2349440450001 -71.443512491,45.2348087350001</coordinates></LineString></MultiGeometry>
  </Placemark>
    <Placemark>
	<Style><LineStyle><color>ff0000ff</color></LineStyle><PolyStyle><fill>0</fill></PolyStyle></Style>
	<ExtendedData><SchemaData schemaUrl="#Canada_and_US_Border">
		<SimpleData name="FID">13</SimpleData>
		<SimpleData name="SectionNum">10</SimpleData>
		<SimpleData name="SectionEng">Halls Stream</SimpleData>
		<SimpleData name="SectionFre">Rivière Hall</SimpleData>
		<SimpleData name="MaxScale">1:6,000</SimpleData>
		<SimpleData name="Shape_Leng">0.458953565233</SimpleData>
		<SimpleData name="GlobalID">{AA5AB5DF-7DDE-4EE5-8F4C-D7539DDE3454}</SimpleData>
		<SimpleData name="SHAPE_Length">0.458953690194316</SimpleData>
	</SchemaData></ExtendedData>
      <MultiGeometry><LineString><coordinates>-71.443512491,45.2348087350001 -71.4433923409999,45.234799706 -71.442943161,45.2349769250001 -71.4427206509999,45.2349344250001 -71.44263509,45.235009145 -71.442431751,45.234998875 -71.4422389699999,45.235042756 -71.441823681,45.2350038750001 -71.441275329,45.2351277650001 -71.44064393,45.2350019360001 -71.440506699,45.2350161050001 -71.44017808,45.234793886 -71.43997419,45.234596105 -71.43981335,45.234584166 -71.4395758489999,45.234402226 -71.439552239,45.234069725 -71.439266679,45.233820845 -71.4391775289999,45.233612915 -71.438921959,45.2334816760001 -71.438931399,45.2333486250001 -71.4388305689999,45.233282516 -71.4385900079999,45.233208345 -71.438529729,45.233098356 -71.438373338,45.233010295 -71.438360009,45.232884745 -71.438391399,45.232646415 -71.4382683389999,45.2325216950001 -71.437866109,45.2325258650001 -71.437639438,45.2323978050001 -71.437475548,45.232100035 -71.4370641479999,45.232027535 -71.436792478,45.232094476 -71.436630798,45.2320314250001 -71.436644697,45.2318308750001 -71.435755238,45.2313522650001 -71.435630228,45.2314419950001 -71.435468278,45.231753655 -71.435291327,45.231750596 -71.434985497,45.2312372750001 -71.4346165969999,45.2309089450001 -71.434170197,45.230689785 -71.433674637,45.2303511750001 -71.433642967,45.230241735 -71.433508248,45.2302275650001 -71.4335024169999,45.230068406 -71.4331982369999,45.230073405 -71.432998507,45.2301470150001 -71.432855737,45.2298478550001 -71.432848237,45.2297464650001 -71.432645177,45.2296520250001 -71.432624066,45.229498135 -71.4323543359999,45.2294795240001 -71.432215726,45.2292642450001 -71.431850997,45.229218695 -71.431610436,45.2289159250001 -71.4317287759999,45.228611485 -71.431560436,45.2285650950001 -71.4314023759999,45.228413985 -71.431242095,45.228411765 -71.4311640349999,45.2283500950001 -71.4308434759999,45.228339815 -71.430766806,45.2282231550001 -71.430507636,45.2280912150001 -71.4303417959999,45.2282264850001 -71.430198186,45.228166495 -71.429968456,45.2280978850001 -71.429748725,45.228213435 -71.429329555,45.227853715 -71.428728986,45.2276101150001 -71.428580095,45.227481224 -71.428444256,45.2274573350001 -71.428240085,45.2273203940001 -71.428223695,45.227152625 -71.4280906449999,45.227089285 -71.427868694,45.2271170650001 -71.427733685,45.2269795650001 -71.427477014,45.2268706840001 -71.427427015,45.2267762340001 -71.426892285,45.226543744 -71.426816174,45.226436795 -71.4264019939999,45.2262062450001 -71.426553954,45.2258870840001 -71.426521174,45.225604585 -71.4265692339999,45.2253457040001 -71.4264000639999,45.225188755 -71.426048115,45.2251607040001 -71.4257247739999,45.225070154 -71.425456434,45.2248729340001 -71.4249211439999,45.2249809840001 -71.4244161239999,45.224963765 -71.424286684,45.224865714 -71.4237119429999,45.2247223840001 -71.423326103,45.224881275 -71.422996644,45.2247121140001 -71.4224649729999,45.2245479440001 -71.422124132,45.224231844 -71.421880512,45.2242601740001 -71.4217371829999,45.224096565 -71.421474393,45.2240057340001 -71.421100772,45.2238279540001 -71.420745762,45.2238571240001 -71.4206007619999,45.2237296340001 -71.4205941019999,45.2233871340001 -71.419954092,45.223057694 -71.420053262,45.2228696350001 -71.4200382619999,45.2227668640001 -71.419233801,45.2224565940001 -71.419057131,45.2222471440001 -71.418965191,45.222049934 -71.418206561,45.221788265 -71.417925721,45.221744104 -71.417419321,45.2217563240001 -71.417357931,45.2215724440001 -71.416970981,45.221104944 -71.4168732099999,45.2207874440001 -71.416876271,45.2203330140001 -71.416372931,45.2198363540001 -71.416041261,45.219641074 -71.4157818209999,45.2189830230001 -71.4160340509999,45.2188049740001 -71.41611488,45.218675804 -71.4158184899999,45.218367754 -71.4156204299999,45.2183155330001 -71.4153523699999,45.218103313 -71.41510042,45.2180588740001 -71.41416068,45.217711104 -71.413692619,45.217446103 -71.41310899,45.2174024930001 -71.4128373189999,45.2175030540001 -71.412094799,45.2172955630001 -71.411700068,45.2172727830001 -71.411214778,45.217579454 -71.410778939,45.2174650040001 -71.4105430989999,45.2172675130001 -71.410391708,45.217264454 -71.410253368,45.217012794 -71.409287518,45.216733913 -71.408095268,45.216949743 -71.407543027,45.2168839140001 -71.4066569079999,45.2162494830001 -71.405789937,45.216059483 -71.4054846559999,45.2162094830001 -71.405241877,45.2160142130001 -71.405008256,45.215949773 -71.4047035359999,45.2155744930001 -71.403772397,45.215434224 -71.403592396,45.215313393 -71.403130436,45.215310334 -71.4025921049999,45.2143714630001 -71.4021801549999,45.214229523 -71.402059045,45.2137503530001 -71.402284885,45.213717853 -71.401987935,45.213446753 -71.401745435,45.213381193 -71.4019579449999,45.213115643 -71.401997115,45.2126989830001 -71.401900175,45.212294263 -71.4015571149999,45.2119600930001 -71.4015740739999,45.211428433 -71.400966285,45.2110145520001 -71.400469334,45.2103462330001 -71.400183495,45.210274843 -71.400187944,45.210027343 -71.400093224,45.2097787330001 -71.3997954339999,45.209840963 -71.3997621039999,45.2097117930001 -71.400216284,45.2094923430001 -71.399809885,45.209352633 -71.399870725,45.2090979130001 -71.399533214,45.209132912 -71.3993751639999,45.2088087430001 -71.398954324,45.208765412 -71.398923764,45.2085079220001 -71.3992671139999,45.2083665330001 -71.3991093339999,45.2078087520001 -71.398950724,45.2078915320001 -71.398690163,45.2077387620001 -71.398935174,45.207577373 -71.3988079439999,45.2074651520001 -71.398708784,45.2069879320001 -71.398320164,45.206925992 -71.398196554,45.206729603 -71.398356284,45.2065176620001 -71.3981626739999,45.2064276620001 -71.3981535039999,45.206093772 -71.3978546129999,45.205956552 -71.397900734,45.2056379420001 -71.3976607339999,45.2053360020001 -71.397763233,45.2050874020001 -71.3977868539999,45.204509622 -71.397640473,45.204024632 -71.3973843529999,45.203722692 -71.397348522,45.203531022 -71.3974660339999,45.203154081 -71.3978777139999,45.202820751 -71.3981824539999,45.202508251 -71.398606633,45.202179082 -71.399296093,45.2020079710001 -71.399818604,45.2020257510001 -71.400236955,45.2015935310001 -71.400120294,45.201506861 -71.400053903,45.201345201 -71.400089183,45.201209921 -71.399971404,45.2011143710001 -71.3999889039999,45.201003531 -71.399873343,45.200935761 -71.399915014,45.200731041 -71.3999825229999,45.2003379810001 -71.400484204,45.2001177110001 -71.400960884,45.1999991010001 -71.401337844,45.200119371 -71.401276174,45.2003160410001 -71.401394505,45.2004243710001 -71.401640624,45.2003140910001 -71.401883684,45.200357421 -71.402195365,45.200363811 -71.402224254,45.200143531 -71.402928445,45.199792701 -71.403030944,45.199612431 -71.4029331739999,45.199386041 -71.403093175,45.19922798 -71.402776785,45.199137991 -71.403145125,45.198946601 -71.4033359649999,45.1987191010001 -71.4035659739999,45.1985810400001 -71.403797375,45.198607151 -71.404127654,45.1985502110001 -71.404093215,45.1984393810001 -71.404526565,45.1982288200001 -71.404654625,45.1980129900001 -71.405404645,45.1976677100001 -71.405864655,45.19771438 -71.405833275,45.19749577 -71.4055629859999,45.1974027200001 -71.4054443759999,45.197243551 -71.405492436,45.1969466100001 -71.4051629849999,45.1969546600001 -71.405088545,45.1968005000001 -71.404774365,45.19670633 -71.4050482759999,45.1963818900001 -71.405030215,45.19602773 -71.4049052139999,45.1959832800001 -71.404889945,45.19580273 -71.4045854949999,45.1955466300001 -71.404322435,45.1951941300001 -71.4042049339999,45.19497941 -71.4046466149999,45.1946049700001 -71.404944405,45.1942310800001 -71.405024695,45.193931639 -71.4049421939999,45.19355748 -71.405149705,45.1932646990001 -71.405629166,45.1930321990001 -71.406137235,45.1929894190001 -71.406275846,45.1931510800001 -71.406558355,45.1930455300001 -71.406685866,45.192796919 -71.4065205859999,45.19243192 -71.406488095,45.1919727590001 -71.406970325,45.191886369 -71.407427565,45.1915747090001 -71.4073950759999,45.1913635990001 -71.407622026,45.191217759 -71.407203965,45.1905055490001 -71.406972015,45.190436108 -71.406844796,45.1903013890001 -71.406946466,45.189960559 -71.407275376,45.1895255580001 -71.4077289959999,45.1894152790001 -71.4080606749999,45.1890175090001 -71.408505695,45.1885438990001 -71.408801266,45.1881102890001 -71.4089843359999,45.1877341790001 -71.409187115,45.1874855680001 -71.409620746,45.1873283480001 -71.409726026,45.1869714090001 -71.4100365959999,45.186665019 -71.410708846,45.186212798 -71.411659707,45.1861244680001 -71.412179997,45.185900578 -71.413269476,45.1855461280001 -71.413763377,45.1852894680001 -71.414423407,45.184797528 -71.414546757,45.1840208670001 -71.414842328,45.1832664280001 -71.415394017,45.1825019870001 -71.415247638,45.1820336580001 -71.415476268,45.181187277 -71.4157526669999,45.1806961680001 -71.415300717,45.1802820070001 -71.4145637569999,45.180358117 -71.414369027,45.180073957 -71.414675437,45.1797403470001 -71.414544317,45.1794659070001 -71.4141090369999,45.1790006370001 -71.414601277,45.1786225770001 -71.414817397,45.1784153570001 -71.415257418,45.178145086 -71.415681607,45.177517306 -71.415813288,45.1762228760001 -71.416307207,45.175449825 -71.4168086079999,45.1752142760001 -71.417375857,45.1748734450001 -71.417773097,45.1738717860001 -71.417693668,45.1732017850001 -71.417901468,45.172141245 -71.418639548,45.1715995850001 -71.4188195579999,45.171237085 -71.418456229,45.170539595 -71.418670957,45.1702959850001 -71.418967078,45.170247375 -71.419214309,45.1700184850001 -71.419691268,45.1698834850001 -71.4197273779999,45.1697107040001 -71.4200334989999,45.1695801540001 -71.420327688,45.169094875 -71.421079649,45.1687834940001 -71.421427998,45.168523775 -71.421449119,45.1682129440001 -71.421729958,45.167981275 -71.422065529,45.1674001640001 -71.4223499889999,45.167115725 -71.422581109,45.1671029440001 -71.422601659,45.1669957240001 -71.422977509,45.1668848950001 -71.4230747399999,45.1664035050001 -71.423621419,45.166452674 -71.42398532,45.166267675 -71.42425754,45.166317674 -71.4247258899999,45.1662210040001 -71.424700609,45.1659712840001 -71.42493701,45.1658476740001 -71.4245994999999,45.1649554640001 -71.424332549,45.1646562940001 -71.42398782,45.1646001840001 -71.42371337,45.164988244 -71.423443089,45.164650744 -71.4236941999999,45.164391574 -71.423464199,45.1638710240001 -71.424171719,45.1636907540001 -71.424378389,45.163116863 -71.424051439,45.1625618740001 -71.423720879,45.162432424 -71.42394144,45.1621482640001 -71.423536978,45.161829374 -71.423661709,45.1616263230001 -71.424038109,45.161537433 -71.4241206089999,45.1612977130001 -71.424063389,45.1609018830001 -71.423499759,45.1606838340001 -71.4237225489999,45.160471333 -71.424181999,45.1606816030001 -71.424399229,45.1605468830001 -71.42429118,45.1603096630001 -71.423746719,45.160302173 -71.423695879,45.160180503 -71.4241161689999,45.159882173 -71.423661989,45.1596874530001 -71.424236729,45.1587130130001 -71.425009529,45.158169962 -71.4252742589999,45.1577707930001 -71.4257328899999,45.157749682 -71.425689279,45.157522183 -71.42499509,45.1572627420001 -71.425228709,45.1568546920001 -71.424860369,45.1567374730001 -71.424909809,45.1565896920001 -71.425422049,45.1565383020001 -71.4253145499999,45.156098313 -71.4256189979999,45.1560049720001 -71.42612568,45.1562541430001 -71.426249849,45.1560227530001 -71.425779279,45.1557794220001 -71.4261592889999,45.1553541420001 -71.42597707,45.1549519320001 -71.426253189,45.154480262 -71.4262023489999,45.153952213 -71.4263262489999,45.1533663820001 -71.426280689,45.152994162 -71.4264023599999,45.1526872210001 -71.42746212,45.151482781 -71.428030749,45.151125291 -71.4287985399999,45.1509008420001 -71.429685241,45.1509583420001 -71.430152751,45.1507033410001 -71.4303413709999,45.149912521 -71.43123306,45.149536411 -71.4317622409999,45.1494680710001 -71.4322150309999,45.1489097400001 -71.4332711709999,45.148323631 -71.433513412,45.147590311 -71.4333889609999,45.1470767000001 -71.433551192,45.146526151 -71.4332939609999,45.1456972710001 -71.433330911,45.14529422 -71.433688422,45.14517033 -71.433844262,45.1454931000001 -71.434237321,45.145618101 -71.434359832,45.1452233800001 -71.434187601,45.1446208900001 -71.434509282,45.1441572800001 -71.4349187409999,45.14393339 -71.435156241,45.1429534000001 -71.435139022,45.1425036790001 -71.435411812,45.1418917390001 -71.435802101,45.141841189 -71.436246561,45.1422520190001 -71.4367396219999,45.1423197890001 -71.437622432,45.1418961790001 -71.437626603,45.14153258 -71.436610742,45.140388139 -71.4358012819999,45.139616489 -71.4346934709999,45.139155099 -71.433996511,45.138550659 -71.43243869,45.1380281690001 -71.4325120299999,45.137374289 -71.4314106099999,45.136759849 -71.431170599,45.136480958 -71.4308842089999,45.1350929180001 -71.430149469,45.134247648 -71.429401399,45.133705709 -71.4287630489999,45.1335559880001 -71.4286341489999,45.1332143280001 -71.428843608,45.132583778 -71.428295539,45.1316215680001 -71.427849688,45.131548508 -71.427262178,45.1298901870001 -71.426978838,45.129780468 -71.426614387,45.1299643570001 -71.4261107569999,45.129490468 -71.426794948,45.1282699270001 -71.426487438,45.1273449380001 -71.426543277,45.127033268 -71.427839707,45.1258877170001 -71.428174997,45.1249999460001 -71.429091968,45.124737177 -71.429102809,45.124208846 -71.428400568,45.123694406 -71.429011138,45.123205517 -71.429506438,45.1223144160001 -71.431249549,45.1213291460001 -71.4317845579999,45.1204852660001 -71.43288238,45.1198422160001 -71.4333701689999,45.119804435 -71.43414186,45.1200055460001 -71.43561162,45.1191530450001 -71.43517523,45.1184919460001 -71.4354719,45.1181341660001 -71.43630998,45.117764455 -71.4376503,45.1177383350001 -71.4386220009999,45.1172777850001 -71.439515082,45.1164339050001 -71.4400995519999,45.1160166860001 -71.440346501,45.115314745 -71.440709291,45.114826695 -71.440772071,45.1145486440001 -71.439941491,45.1139533640001 -71.440335121,45.113698094 -71.441055142,45.113546985 -71.441603772,45.1131047650001 -71.4420629529999,45.1130178240001 -71.4432077129999,45.1130311540001 -71.444112182,45.1125472630001 -71.445386663,45.1132822650001 -71.4460205629999,45.1135253150001 -71.447266994,45.1134244840001 -71.4482970239999,45.113047814 -71.4487881539999,45.1125761540001 -71.4484664839999,45.111419224 -71.449332344,45.1107750640001 -71.450221544,45.110510063 -71.450469885,45.1101006230001 -71.450289875,45.109884234 -71.450591555,45.1094209030001 -71.4506129439999,45.1091800740001 -71.450381554,45.1089453530001 -71.4495518049999,45.1094659030001 -71.449135124,45.1092339640001 -71.448610394,45.1082439740001 -71.448699284,45.1078950840001 -71.449677643,45.107630643 -71.450400174,45.1070789830001 -71.4504021239999,45.1066217630001 -71.449896554,45.1063387130001 -71.450369343,45.1059428820001 -71.450528794,45.105567883 -71.451080754,45.105114552 -71.4508138039999,45.104817612 -71.4500343449999,45.1046628920001 -71.449543494,45.1051356630001 -71.449191254,45.1048142820001 -71.449295704,45.104477612 -71.449793504,45.1042112320001 -71.450759364,45.1034576320001 -71.450944095,45.1030393020001 -71.451598844,45.102470973 -71.452518045,45.1020076410001 -71.453075005,45.1021065320001 -71.453486955,45.1020118120001 -71.454061705,45.101639592 -71.455158126,45.101436262 -71.4556653659999,45.100964312 -71.4559701059999,45.0999054420001 -71.4562403859999,45.099738771 -71.458131556,45.0991501610001 -71.458453237,45.09883517 -71.459166046,45.0973960100001 -71.4594388359999,45.096559631 -71.4592699459999,45.096034081 -71.458556866,45.0954815900001 -71.4583535359999,45.095167701 -71.458710767,45.094972711 -71.460107477,45.0950010400001 -71.460508047,45.09490743 -71.460863897,45.09467382 -71.462080047,45.09309911 -71.462520347,45.09306245 -71.463892328,45.0934405 -71.464390118,45.09335939 -71.464881528,45.09252301 -71.4651690379999,45.0920916200001 -71.465569059,45.091731629 -71.465826009,45.09129747 -71.465780178,45.09099302 -71.465895468,45.0902566390001 -71.466365488,45.0888194290001 -71.465443518,45.087518609 -71.4662110479999,45.0866441790001 -71.466982458,45.0870250090001 -71.467364418,45.0867119590001 -71.467443868,45.0860839090001 -71.4671663679999,45.085660299 -71.467166918,45.0852553080001 -71.4674763789999,45.085067248 -71.4679766679999,45.084952808 -71.468456138,45.084313088 -71.468488919,45.084055038 -71.4679794589999,45.0839011480001 -71.467888069,45.0836605980001 -71.468436138,45.0835747680001 -71.4693828389999,45.0837028180001 -71.4702945299999,45.0834214380001 -71.471194839,45.083588938 -71.4725665509999,45.0837608780001 -71.4734335209999,45.0836219870001 -71.4744360509999,45.0836989380001 -71.475173021,45.0842467080001 -71.475853321,45.084028378 -71.475834151,45.0834869980001 -71.476408611,45.083002827 -71.476993082,45.0829314370001 -71.477436982,45.084075598 -71.4781272819999,45.0843511480001 -71.478508682,45.0835592170001 -71.479626223,45.0835233880001 -71.480430132,45.0833047770001 -71.4811971029999,45.0829156080001 -71.4808882029999,45.082531997 -71.479991502,45.082264777 -71.4799717719999,45.0816361770001 -71.480764283,45.0805806270001 -71.4811534629999,45.0803131270001 -71.482188493,45.080362017 -71.482128213,45.0799875770001 -71.4826368339999,45.079008967 -71.483135734,45.0788309170001 -71.4834638039999,45.0793281370001 -71.4849594039999,45.0791406370001 -71.4859524939999,45.0791048070001 -71.4872922449999,45.0786823070001 -71.486814174,45.078150367 -71.486808894,45.077724817 -71.487120564,45.0775103660001 -71.487216115,45.076780377 -71.486310524,45.076449267 -71.4863699639999,45.0756434360001 -71.486725524,45.0752653860001 -71.4875883249999,45.0749459460001 -71.488373625,45.0742448350001 -71.488999755,45.074258725 -71.4892858649999,45.073727896 -71.489307255,45.0730445660001 -71.4891144549999,45.0723454060001 -71.488234985,45.071847345 -71.4877855239999,45.071622355 -71.487758575,45.071377355 -71.4884097039999,45.0711267950001 -71.488994165,45.071247075 -71.489698625,45.070654855 -71.490428645,45.0709529150001 -71.491305615,45.0710529150001 -71.492567326,45.0713901350001 -71.493095126,45.071424296 -71.493837367,45.0712215250001 -71.494433497,45.071318465 -71.4947576559999,45.0705887550001 -71.494066527,45.070365145 -71.494166246,45.0699029240001 -71.494244857,45.069683755 -71.495091547,45.0695843140001 -71.495239886,45.0693487550001 -71.495323217,45.0690259850001 -71.4956707269999,45.068855704 -71.495918517,45.0693207040001 -71.496496597,45.0700173650001 -71.4970880079999,45.0703106940001 -71.4976871969999,45.0704740350001 -71.4980430379999,45.070196534 -71.498133578,45.0691782050001 -71.4979430179999,45.0688487640001 -71.497615778,45.068689315 -71.497320208,45.068275434 -71.497713548,45.0680048740001 -71.497756888,45.0678132150001 -71.4974335369999,45.067665994 -71.497608537,45.0667765540001 -71.4971965669999,45.0659454440001 -71.496622657,45.065571284 -71.495668176,45.0647632340001 -71.4962929069999,45.0638446240001 -71.496398728,45.063000183 -71.497446797,45.0612290830001 -71.496872046,45.0607652030001 -71.497103716,45.060125483 -71.4979781769999,45.0596879830001 -71.4985515179999,45.059054652 -71.498699847,45.058582992 -71.499204027,45.058368822 -71.499687657,45.058559663 -71.5000226779999,45.058840773 -71.5009310679999,45.0591568830001 -71.501268588,45.058736052 -71.501178008,45.057721062 -71.5009288269999,45.0575377230001 -71.500534918,45.0575671730001 -71.499996837,45.0577796630001 -71.499728488,45.057705223 -71.499248457,45.0574288330001 -71.498669837,45.0573730030001 -71.497880927,45.057636883 -71.497563417,45.057497723 -71.497577857,45.0572674420001 -71.497996196,45.0569571720001 -71.498556766,45.056976053 -71.498757047,45.0567213420001 -71.499083167,45.0564418920001 -71.4989787169999,45.0562552330001 -71.498200917,45.056004403 -71.497626737,45.0563241130001 -71.497319507,45.056145503 -71.497205326,45.055811342 -71.497815056,45.0551349520001 -71.498025056,45.0544796820001 -71.4985789579999,45.053999962 -71.4991870269999,45.054038571 -71.5001992969999,45.054081082 -71.500397918,45.0538013620001 -71.499030067,45.0528783020001 -71.4995917369999,45.052490252 -71.500548468,45.0522599820001 -71.501339907,45.052555811 -71.501822158,45.0522647020001 -71.503580598,45.052560822 -71.504389539,45.0523838820001 -71.505193178,45.0511555510001 -71.505477908,45.049537791 -71.505355669,45.04893307 -71.50645129,45.048491401 -71.506606849,45.0475639110001 -71.5046153279999,45.0470994610001 -71.5039908479999,45.0474283510001 -71.5047503489999,45.0479141810001 -71.5040402989999,45.0481522310001 -71.503164408,45.048119451 -71.502747438,45.0476083510001 -71.5028902179999,45.0471064000001 -71.5045158679999,45.04608669 -71.503119657,45.0452130800001 -71.501807637,45.0461166900001 -71.501147577,45.0450958600001 -71.5000875069999,45.04488336 -71.499347466,45.0446833490001 -71.4981435459999,45.0445691900001 -71.4968193449999,45.0446833500001 -71.4960046049999,45.04494585 -71.495534875,45.04530335 -71.494989585,45.045241681 -71.4932801049999,45.0457830710001 -71.492235904,45.0451786300001 -71.4909580739999,45.04317781 -71.4909236139999,45.0426475300001 -71.491197223,45.0418019800001 -71.491176944,45.04107143 -71.491881943,45.040131719 -71.4921522229999,45.03927366 -71.4919152639999,45.038550609 -71.4922885939999,45.037897839 -71.492255794,45.0361370190001 -71.493106634,45.0344931390001 -71.492577723,45.033863979 -71.4925494729999,45.0335574480001 -71.4929741129999,45.0332381490001 -71.493602734,45.0330959290001 -71.494814154,45.033075368 -71.494952494,45.0328689780001 -71.493684674,45.0322487080001 -71.493569394,45.0320028780001 -71.494149124,45.031502328 -71.494985254,45.0313706580001 -71.495536654,45.031556488 -71.495718325,45.031827048 -71.496275004,45.0317600980001 -71.496945845,45.031010108 -71.497028615,45.0302528880001 -71.497748625,45.0300326080001 -71.4977252849999,45.0294145570001 -71.497159434,45.028645397 -71.4973738739999,45.028459567 -71.4978913849999,45.028294848 -71.4986866849999,45.0283134570001 -71.4980758249999,45.0275923470001 -71.4979049839999,45.026800688 -71.497979145,45.0265542970001 -71.499164175,45.0265367970001 -71.499593505,45.026716757 -71.499956696,45.0265355170001 -71.5001408859999,45.0260901360001 -71.4995972359999,45.0258459670001 -71.4992755549999,45.0254748670001 -71.4994791559999,45.0245720870001 -71.4986913549999,45.024515697 -71.4976857739999,45.024239316 -71.4971177039999,45.023611536 -71.497384364,45.0232907060001 -71.497933824,45.0231195960001 -71.4986285639999,45.023197656 -71.499118015,45.023382376 -71.4997655449999,45.0236098760001 -71.5001580749999,45.023496546 -71.500035286,45.0231576560001 -71.499945274,45.022529326 -71.4996274649999,45.0223634970001 -71.499804415,45.0218309960001 -71.499800525,45.0211984960001 -71.500338896,45.0207554460001 -71.500074696,45.0200968360001 -71.499641055,45.0200487860001 -71.499031594,45.0203507260001 -71.4985599139999,45.0202446160001 -71.4997760539999,45.0195701760001 -71.500674735,45.019800176 -71.500873085,45.0193568460001 -71.500736676,45.0190026760001 -71.5001996939999,45.018945176 -71.499568805,45.019110176 -71.4993579549999,45.0183346250001 -71.500117164,45.017647686 -71.5011711449999,45.017908796 -71.501397545,45.0175224050001 -71.500941665,45.016992696 -71.500706645,45.0164454750001 -71.500765255,45.0159388050001 -71.5006491349999,45.015647975 -71.499675435,45.0154485350001 -71.499536534,45.0148804840001 -71.5002835239999,45.014361045 -71.5003124139999,45.0136957650001 -71.5010202449999,45.013454935 -71.5021319049999,45.0134421440001</coordinates></LineString></MultiGeometry>
  </Placemark>
  <Placemark>
	<Style><LineStyle><color>ff0000ff</color></LineStyle><PolyStyle><fill>0</fill></PolyStyle></Style>
	<ExtendedData><SchemaData schemaUrl="#Canada_and_US_Border">
		<SimpleData name="FID">9</SimpleData>
		<SimpleData name="SectionNum">11</SimpleData>
		<SimpleData name="SectionEng">West Line (QC-VT)</SimpleData>
		<SimpleData name="SectionFre">Ligne Ouest (Québec-Vermont)</SimpleData>
		<SimpleData name="MaxScale">1:24,000</SimpleData>
		<SimpleData name="Shape_Leng">1.77923735131</SimpleData>
		<SimpleData name="GlobalID">{84C8A40C-6DEB-4904-AFD1-DF9157F1256C}</SimpleData>
		<SimpleData name="SHAPE_Length">1.77923794736595</SimpleData>
	</SchemaData></ExtendedData>
      <MultiGeometry><LineString><coordinates>-71.5021319049999,45.0134421440001 -71.5052319069999,45.013409145 -71.505433906,45.013405145 -71.505489906,45.013406144 -71.505783906,45.0134031440001 -71.5062869069999,45.0133981440001 -71.506433906,45.0133951440001 -71.51588191,45.013298144 -71.518783911,45.013248144 -71.5269979129999,45.013115144 -71.538831917,45.0129561430001 -71.557228923,45.012712143 -71.559836925,45.012678142 -71.560155924,45.012672143 -71.5602009249999,45.012673143 -71.5610119249999,45.0126621430001 -71.572517929,45.0125061420001 -71.582994932,45.012587142 -71.587442934,45.0126171410001 -71.597600937,45.0126621410001 -71.6043649389999,45.0126901410001 -71.612661943,45.01272314 -71.644532413,45.0122688690001 -71.653603956,45.012076139 -71.6610429579999,45.0119121390001 -71.666729941,45.011705009 -71.696797491,45.0113077070001 -71.709886755,45.011379887 -71.714817457,45.011399317 -71.716600977,45.0114011370001 -71.72381216,45.011429847 -71.75410185,45.0113464350001 -71.780249388,45.0109463650001 -71.7904203419999,45.010746614 -71.7914467419999,45.0107268840001 -71.792605092,45.0107046640001 -71.793357003,45.0106891340001 -71.7936078829999,45.010685214 -71.7936551029999,45.010685214 -71.7936662129999,45.010685214 -71.794869003,45.010660214 -71.797780154,45.0106018750001 -71.798627385,45.0105852030001 -71.7993107249999,45.0105713130001 -71.8015163059999,45.010526864 -71.8049552369999,45.0104601840001 -71.828230525,45.0097684620001 -71.829027754,45.0097434630001 -71.8469835509999,45.0092850820001 -71.887876594,45.0082322010001 -71.90485655,45.0077902100001 -71.911217742,45.007684919 -71.913981673,45.007637689 -71.920876205,45.0078543290001 -71.929329109,45.008115419 -71.945754334,45.008379258 -71.955137797,45.008198679 -71.9669935109999,45.0079680970001 -72.007058054,45.007171606 -72.009849795,45.007115216 -72.0169805469999,45.0069679850001 -72.023108499,45.0068124250001 -72.024930771,45.006767976 -72.0320698629999,45.006631865 -72.040033966,45.006487405 -72.0438785159999,45.006417954 -72.0542843709999,45.0062290540001 -72.060495652,45.0061596030001 -72.0622601429999,45.006138773 -72.068462535,45.0060707040001 -72.0999660859999,45.005717862 -72.1061912179999,45.0056511720001 -72.108382928,45.0056400620001 -72.110410749,45.0056261620001 -72.1105371089999,45.005642122 -72.110557109,45.005642122 -72.1162747609999,45.0056650320001 -72.121938773,45.0057011310001 -72.125561074,45.0057233420001 -72.126983334,45.005731671 -72.131605656,45.0057788710001 -72.1346451169999,45.005803121 -72.14184812,45.005870121 -72.14218088,45.005887171 -72.14342257,45.005898281 -72.14597012,45.0059121210001 -72.151070123,45.0060231210001 -72.1514151229999,45.0060201210001 -72.1684647979999,45.0058871000001 -72.170731539,45.0058704300001 -72.17302884,45.00585098 -72.1737455209999,45.00583987 -72.1813735429999,45.0057315190001 -72.1829208139999,45.00570652 -72.1847792139999,45.0056815190001 -72.196684867,45.0055073280001 -72.205034021,45.0053856490001 -72.2076632709999,45.0053481480001 -72.209855013,45.005314808 -72.210638363,45.005300918 -72.23148415,45.004901117 -72.2556651579999,45.0044311170001 -72.256882159,45.0044121170001 -72.258551158,45.004387116 -72.258560159,45.004386116 -72.2656511609999,45.0042781160001 -72.2702151619999,45.0042091170001 -72.2745071639999,45.0042171160001 -72.280926166,45.004231115 -72.283293167,45.0042561160001 -72.2933681709999,45.004362115 -72.3045201739999,45.0040841150001 -72.311948177,45.0037951150001 -72.3142431759999,45.0038561150001 -72.318593178,45.0041761140001 -72.3263271819999,45.0046261140001 -72.3435291869999,45.0053951140001 -72.348209189,45.0055511140001 -72.368629196,45.0062281130001 -72.3732981969999,45.0063011120001 -72.374929198,45.0063261120001 -72.379040199,45.0063871130001 -72.3842202009999,45.006320112 -72.388007202,45.006270113 -72.393940205,45.006492112 -72.410640209,45.0071091120001 -72.4131842099999,45.0072031120001 -72.4161452119999,45.007315111 -72.4204682119999,45.0074731110001 -72.435562219,45.008028111 -72.441990221,45.0082651110001 -72.4504342229999,45.008573111 -72.478976232,45.0088401100001 -72.484062235,45.0087531090001 -72.486934235,45.0087031090001 -72.4883152359999,45.0086811090001 -72.5028702399999,45.008373109 -72.53085125,45.007778108 -72.533468251,45.0078061070001 -72.538882252,45.0078621070001 -72.5553842579999,45.0080311070001 -72.569082263,45.0096901060001 -72.571834264,45.0100231060001 -72.573937265,45.010276106 -72.580348267,45.011048106 -72.584740268,45.0115781060001 -72.586087269,45.0116841060001 -72.586376269,45.0117061060001 -72.58970927,45.011970106 -72.604298275,45.013123105 -72.609748278,45.013406106 -72.6131842779999,45.0135841060001 -72.6271512819999,45.0143121040001 -72.6346622849999,45.014701105 -72.654568291,45.014976104 -72.662404295,45.015081104 -72.6624452949999,45.015081104 -72.663465295,45.0150951030001 -72.673495299,45.0152311030001 -72.6746792989999,45.015248103 -72.6839843019999,45.0153761030001 -72.694604305,45.015517103 -72.699982308,45.0155901030001 -72.7029343089999,45.0156281020001 -72.718029313,45.0157311020001 -72.730751318,45.015818101 -72.7338983189999,45.015840101 -72.744609322,45.015681101 -72.7481703239999,45.0156281010001 -72.7700683309999,45.0158340990001 -72.777387333,45.0159011000001 -72.798932341,45.016095099 -72.800743341,45.0161120990001 -72.8018123419999,45.016120099 -72.810448344,45.0161950990001 -72.821307347,45.0162870980001 -72.825195349,45.016345098 -72.825482349,45.016351098 -72.8347953529999,45.016487098 -72.8422873549999,45.016598097 -72.844640356,45.0166380970001 -72.846987357,45.016667097 -72.850059357,45.0166120980001 -72.851676358,45.016581097 -72.8539073589999,45.0165420970001 -72.854845359,45.0165260970001 -72.867112364,45.0163030960001 -72.869073363,45.0162010970001 -72.889037371,45.0158980960001 -72.891834371,45.0158560950001 -72.905315376,45.0156510950001 -72.9063653759999,45.0156340950001 -72.908673377,45.015598095 -72.91770738,45.0153760950001 -72.919729381,45.015326094 -72.9331873849999,45.014992094 -72.937248386,45.0148920940001 -72.942732389,45.0147530930001 -72.9668683959999,45.0141510930001 -72.9736513989999,45.014298092 -72.9770513999999,45.014373092 -72.977937401,45.014392092 -72.9780734,45.014395092 -72.9817764009999,45.0144730920001 -72.995995407,45.014778092 -72.9965654069999,45.0147920920001 -73.009459411,45.0150310920001 -73.016245413,45.0151560900001 -73.019332414,45.01521209 -73.0209624139999,45.0152420910001 -73.0260404159999,45.01532609 -73.03612942,45.0154920900001 -73.041762421,45.0155840900001 -73.047679424,45.0156780900001 -73.049615425,45.0157120900001 -73.057351427,45.0158370890001 -73.059595427,45.0158730890001 -73.063132428,45.0159280890001 -73.065351429,45.0159650890001 -73.06672643,45.015931089 -73.071179431,45.015823089 -73.0765794339999,45.015690089 -73.079534434,45.015617089 -73.084007436,45.0155060880001 -73.084682436,45.015490088 -73.084915436,45.0154840880001 -73.0850574359999,45.0154780890001 -73.085301436,45.0154730880001 -73.087457437,45.015420089 -73.0902704379999,45.015351088 -73.1930594729999,45.013409084 -73.210209477,45.013078083 -73.212287478,45.013037083 -73.212620478,45.013031083 -73.213507479,45.013015083 -73.2167434799999,45.0129510830001 -73.2263184829999,45.012762083 -73.238420488,45.012584082 -73.241801488,45.0125310820001 -73.2429124879999,45.012515082 -73.243909489,45.012501082 -73.246004489,45.012470082 -73.24997049,45.012409081 -73.270187498,45.0121030810001 -73.272379498,45.0120700800001 -73.279393501,45.0119370800001 -73.2801205009999,45.01192308 -73.280712501,45.0119090810001</coordinates></LineString></MultiGeometry>
  </Placemark>
  <Placemark>
	<Style><LineStyle><color>ff0000ff</color></LineStyle><PolyStyle><fill>0</fill></PolyStyle></Style>
	<ExtendedData><SchemaData schemaUrl="#Canada_and_US_Border">
		<SimpleData name="FID">10</SimpleData>
		<SimpleData name="SectionNum">12</SimpleData>
		<SimpleData name="SectionEng">West Line (QC-NY)</SimpleData>
		<SimpleData name="SectionFre">Ligne Ouest (Québec-New York)</SimpleData>
		<SimpleData name="MaxScale">1:24,000</SimpleData>
		<SimpleData name="Shape_Leng">1.38284837542</SimpleData>
		<SimpleData name="GlobalID">{8D9DF214-CCCE-44AE-83AA-14AC744C5ACA}</SimpleData>
		<SimpleData name="SHAPE_Length">1.38284883557551</SimpleData>
	</SchemaData></ExtendedData>
      <MultiGeometry><LineString><coordinates>-73.280712501,45.0119090810001 -73.281430501,45.01189608 -73.282209501,45.0118810800001 -73.2883045039999,45.01176508 -73.293504505,45.0116650800001 -73.2960845059999,45.0116120800001 -73.296334507,45.01160908 -73.303170509,45.011476079 -73.304893509,45.0114420800001 -73.3081125109999,45.0113780790001 -73.316912513,45.011206079 -73.3202575139999,45.011140079 -73.325857516,45.0110310790001 -73.335029519,45.010851078 -73.3530325259999,45.0105670770001 -73.358062527,45.0105030780001 -73.371248532,45.010337076 -73.376398534,45.0102730770001 -73.391129538,45.010087076 -73.399443541,45.009937076 -73.400304541,45.0099230760001 -73.400418541,45.0099200760001 -73.408195544,45.009776075 -73.4143405459999,45.009665075 -73.417929547,45.009601075 -73.42789355,45.009415075 -73.438151553,45.0091810750001 -73.441734555,45.0091030740001 -73.451970558,45.0088670740001 -73.452065558,45.0088670740001 -73.452826558,45.0088480740001 -73.460362561,45.0086780730001 -73.471843564,45.008412073 -73.481851568,45.0081400720001 -73.484820569,45.008056072 -73.492062571,45.007856072 -73.506159576,45.007415071 -73.5172265799999,45.007070071 -73.532193585,45.00660107 -73.542304588,45.00628407 -73.552443591,45.0059620690001 -73.5601015939999,45.0057170680001 -73.5639015959999,45.005598068 -73.5726015989999,45.005320069 -73.580120601,45.0051090680001 -73.587476603,45.004903068 -73.595815605,45.0046700670001 -73.6031346079999,45.0044650660001 -73.6078596099999,45.0043310660001 -73.6188986129999,45.0039900670001 -73.631507617,45.0035980660001 -73.643482622,45.0032200650001 -73.650248624,45.0030120650001 -73.6520826239999,45.002998065 -73.6601296269999,45.002937065 -73.6671876299999,45.0028810640001 -73.675334632,45.002892064 -73.681520634,45.0029530640001 -73.692262638,45.0030560640001 -73.7054796429999,45.0031780620001 -73.716690646,45.0031760620001 -73.718176647,45.0031730630001 -73.723134648,45.0031730630001 -73.72934365,45.003170062 -73.7459766549999,45.0031590610001 -73.7564736589999,45.003151061 -73.7674936619999,45.0030760610001 -73.774609665,45.00302606 -73.792901671,45.0028340600001 -73.801765674,45.002709059 -73.804748676,45.0026670600001 -73.8234956809999,45.002403058 -73.841418687,45.0021450570001 -73.85003469,45.001906057 -73.861829695,45.0015810560001 -73.8725736979999,45.001281056 -73.882768701,45.000995055 -73.892982704,45.000631055 -73.8994627069999,45.0004010550001 -73.902740708,45.0002840550001 -73.912918711,44.999917054 -73.9320657169999,44.9992310530001 -73.93929072,44.9989700530001 -73.9415047209999,44.998890053 -73.952132724,44.9984700530001 -73.962970727,44.9980420520001 -73.9717907309999,44.9977120520001 -73.977237733,44.9975090510001 -73.992395738,44.9969420510001 -74.004826741,44.9965030500001 -74.007504742,44.9964060500001 -74.022882747,44.99586205 -74.0366827519999,44.995370049 -74.0457207539999,44.9950480480001 -74.047123755,44.9949980480001 -74.06004576,44.994562048 -74.072865764,44.9941260480001 -74.085698768,44.9936840460001 -74.085745769,44.9936840460001 -74.085909768,44.9936760470001 -74.098032772,44.9932090470001 -74.110320777,44.9927370450001 -74.122576781,44.992259045 -74.1346827839999,44.9918700440001 -74.146926789,44.991476043 -74.1501347889999,44.991367043 -74.158832793,44.991520043 -74.166209795,44.991651043 -74.174801798,44.991751042 -74.180984799,44.9918230430001 -74.193032804,44.9919260410001 -74.205015808,44.992026041 -74.219520813,44.9920810400001 -74.2280098159999,44.992115041 -74.234109818,44.992137041 -74.24196882,44.99216504 -74.248548823,44.9921920400001 -74.262887827,44.9921730390001 -74.277168832,44.9921510390001 -74.292884837,44.9921150390001 -74.305468842,44.9920920380001 -74.307268842,44.992087037 -74.308020842,44.992084037 -74.308107842,44.992084037 -74.308407842,44.992081037 -74.311509843,44.992078038 -74.3268518479999,44.9919370370001 -74.336548852,44.992026036 -74.3515768569999,44.9927980360001 -74.36089386,44.9932090360001 -74.370120863,44.9936150350001 -74.380476866,44.9940400350001 -74.390662869,44.994456035 -74.400848873,44.994870034 -74.4114738759999,44.9953030340001 -74.422951881,44.9957870330001 -74.439573885,44.9964840330001 -74.449212889,44.9968030320001 -74.456443892,44.997040032 -74.465376894,44.9972340320001 -74.4794489,44.9974950320001 -74.486051902,44.9976170320001 -74.493193904,44.9977450310001 -74.501204907,44.9978950300001 -74.5045489079999,44.99795003 -74.507893909,44.9980150310001 -74.508004908,44.99801703 -74.509082909,44.99803703 -74.5193709119999,44.9982200310001 -74.529857916,44.9984090300001 -74.5411549199999,44.998603029 -74.5500799229999,44.9987310280001 -74.558679926,44.998853028 -74.5678439289999,44.9989840280001 -74.575654931,44.9990920280001 -74.585532934,44.999170028 -74.595320938,44.9992480280001 -74.604948941,44.9993200270001 -74.6126269439999,44.9993670270001 -74.620357946,44.9994090270001 -74.6283189489999,44.9994510270001 -74.633857951,44.999453026 -74.636832952,44.999453025 -74.636965952,44.999453025 -74.6468239549999,44.999453025 -74.651854957,44.999453024 -74.658815959,44.999453024 -74.66079396,44.999453024 -74.6630578309999,44.998932955</coordinates></LineString></MultiGeometry>
  </Placemark>
  <Placemark>
	<Style><LineStyle><color>ff0000ff</color></LineStyle><PolyStyle><fill>0</fill></PolyStyle></Style>
	<ExtendedData><SchemaData schemaUrl="#Canada_and_US_Border">
		<SimpleData name="FID">14</SimpleData>
		<SimpleData name="SectionNum">13</SimpleData>
		<SimpleData name="SectionEng">St. Lawrence River</SimpleData>
		<SimpleData name="SectionFre">Fleuve Saint-Laurent</SimpleData>
		<SimpleData name="MaxScale">1:29,700</SimpleData>
		<SimpleData name="Shape_Leng">2.17553822476</SimpleData>
		<SimpleData name="GlobalID">{DBF815DD-9119-415F-869F-393D36CAF900}</SimpleData>
		<SimpleData name="SHAPE_Length">2.17553882253916</SimpleData>
	</SchemaData></ExtendedData>
      <MultiGeometry><LineString><coordinates>-74.6630578309999,44.998932955 -74.670527524,45.0062946960001 -74.6732737039999,45.000850445 -74.683548198,44.9995034340001 -74.702277484,45.0033214640001 -74.72179141,44.998451822 -74.730949282,44.9904746400001 -74.7444995069999,44.9906698090001 -74.760342222,44.9950074400001 -74.763126294,45.0057409620001 -74.792872954,45.004429481 -74.795167135,45.0065363910001 -74.795271874,45.0066327700001 -74.799834117,45.0108224310001 -74.8014794169999,45.0145687620001 -74.8132464619999,45.013559881 -74.8170808629999,45.011589901 -74.826539586,45.0158795410001 -74.8347696389999,45.0146506410001 -74.841887861,45.0112964900001 -74.846103162,45.010325369 -74.8561759739999,45.0044978870001 -74.862603997,45.0045650480001 -74.866363048,45.000471727 -74.877198402,45.001446356 -74.888457865,44.9999773850001 -74.9010435389999,44.992569884 -74.90805678,44.9835244120001 -74.9472431039999,44.9848756110001 -74.972550842,44.983491729 -74.992817498,44.977517758 -74.99934282,44.971760326 -74.999435999,44.966141845 -75.002904641,44.962453915 -75.0050295999999,44.9584107040001 -75.0267020269999,44.946639051 -75.0599390369999,44.934483367 -75.0646804579999,44.9295018760001 -75.096428498,44.9270692440001 -75.1047707709999,44.9196561530001 -75.117581565,44.9210995920001 -75.1346583599999,44.915063801 -75.1399901889999,44.8969559070001 -75.164975708,44.8935573960001 -75.188880476,44.883195974 -75.194164827,44.882686333 -75.20289754,44.8778576920001 -75.218382854,44.8777804710001 -75.2282410669999,44.8683389990001 -75.241033971,44.867162438 -75.2560778759999,44.857351345 -75.268303709,44.8549167960001 -75.2848661049999,44.848325243 -75.307421811,44.8366419700001 -75.30647286,44.8349042200001 -75.30644341,44.8348500600001 -75.301878878,44.8264918990001 -75.333544517,44.806274934 -75.3444062299999,44.8090511830001 -75.369581038,44.7877734190001 -75.369944607,44.782986319 -75.387874283,44.779592187 -75.396534335,44.773510195 -75.413736731,44.7721859850001 -75.423652702,44.756105641 -75.457749452,44.7331570160001 -75.457832522,44.7331009060001 -75.476120437,44.720780904 -75.5049302849999,44.7053642700001 -75.620022476,44.618725419 -75.6613403979999,44.592737003 -75.699352667,44.5657250670001 -75.720289524,44.547993993 -75.7233126739999,44.5461934030001 -75.725878845,44.5438505820001 -75.7669365359999,44.5152809350001 -75.807586126,44.471716176 -75.821382887,44.432050899 -75.86993089,44.3961843610001 -75.9128321919999,44.367812943 -75.921659115,44.368765023 -75.929517166,44.3592992910001 -75.94084739,44.35467794 -75.949720832,44.3489880280001 -75.9701810179999,44.342541526 -75.97292806,44.343043707 -75.975034351,44.345999507 -75.978454182,44.3464961170001 -75.9802147619999,44.3460185870001 -75.981930983,44.347467996 -75.9860855049999,44.3468982160001 -75.988078356,44.3472118060001 -75.990310076,44.3471345470001 -75.990655916,44.347079826 -75.9924168169999,44.3473378560001 -76.00110789,44.347875247 -76.008003361,44.3442104750001 -76.045509053,44.331796212 -76.096967967,44.2997149440001 -76.1118283019999,44.298082133 -76.118183464,44.294932122 -76.129448886,44.295136271 -76.131170638,44.296380712 -76.161807846,44.280724838 -76.164299824,44.2398244300001 -76.191712561,44.2214313360001 -76.2068159459999,44.2149939540001 -76.245458758,44.2038638610001 -76.28666548,44.2038126190001 -76.31270582,44.1990521770001 -76.3528387759999,44.134338584 -76.438935322,44.0940731420001</coordinates></LineString></MultiGeometry>
  </Placemark>
  <Placemark>
	<Style><LineStyle><color>ff0000ff</color></LineStyle><PolyStyle><fill>0</fill></PolyStyle></Style>
	<ExtendedData><SchemaData schemaUrl="#Canada_and_US_Border">
		<SimpleData name="FID">15</SimpleData>
		<SimpleData name="SectionNum">14</SimpleData>
		<SimpleData name="SectionEng">Lake Ontario and Niagara river</SimpleData>
		<SimpleData name="SectionFre">Lac Ontario et rivière Niagara</SimpleData>
		<SimpleData name="MaxScale">1:447,550</SimpleData>
		<SimpleData name="Shape_Leng">3.86752070674</SimpleData>
		<SimpleData name="GlobalID">{F9A7CE51-78A9-4333-8BF6-EB05A53DDB74}</SimpleData>
		<SimpleData name="SHAPE_Length">3.86752180099808</SimpleData>
	</SchemaData></ExtendedData>
      <MultiGeometry><LineString><coordinates>-76.438935322,44.0940731420001 -76.796689761,43.6311381850001 -78.690391651,43.631133822 -79.200666128,43.4504865980001 -79.0703946209999,43.262407851 -79.0559474149999,43.25467816 -79.0546942949999,43.248763458 -79.055806263,43.239098767 -79.0530632909999,43.2234655140001 -79.056575202,43.2103236720001 -79.048711418,43.2001654310001 -79.052731088,43.184068047 -79.053323617,43.1739142050001 -79.051087746,43.167626184 -79.046649525,43.1623845330001 -79.044967754,43.1559339930001 -79.044237112,43.151888452 -79.0428445319999,43.149285682 -79.042319451,43.1436732110001 -79.0436938719999,43.13841546 -79.049511513,43.135157699 -79.0525701939999,43.1316477080001 -79.054144954,43.1293774380001 -79.057110595,43.127045217 -79.059432616,43.1264843870001 -79.069672898,43.1203305060001 -79.062587876,43.1161002440001 -79.060129725,43.1138749740001 -79.058672434,43.1109294240001 -79.0578979429999,43.107106103 -79.066219855,43.0913514210001 -79.0697924949999,43.0885497690001 -79.075378547,43.081628718 -79.0740990259999,43.077859817 -79.007417693,43.065927448 -78.9996607099999,43.0560002870001 -79.005318651,43.047253395 -79.011843622,43.0291692920001 -79.023442215,43.016297149 -79.0201984619999,42.994831735 -79.011679998,42.9852981830001 -78.975030836,42.968790352 -78.96176851,42.9578602610001 -78.9327547999999,42.956026212 -78.919236675,42.94708874 -78.909495792,42.933712869 -78.90607119,42.923768237 -78.905933938,42.900297633 -78.9154928899999,42.8812933190001 -78.9161306789999,42.8786522090001 -78.9353852309999,42.8283000480001</coordinates></LineString></MultiGeometry>
  </Placemark>
  <Placemark>
	<Style><LineStyle><color>ff0000ff</color></LineStyle><PolyStyle><fill>0</fill></PolyStyle></Style>
	<ExtendedData><SchemaData schemaUrl="#Canada_and_US_Border">
		<SimpleData name="FID">16</SimpleData>
		<SimpleData name="SectionNum">15</SimpleData>
		<SimpleData name="SectionEng">Lake Erie, Detroit &amp; St. Clair Rivers</SimpleData>
		<SimpleData name="SectionFre">Lac Érié, rivières Détroit et St. Clair</SimpleData>
		<SimpleData name="MaxScale">1:446,630</SimpleData>
		<SimpleData name="Shape_Leng">5.98851516403</SimpleData>
		<SimpleData name="GlobalID">{89C57BEF-29E7-4260-A753-F72EB0E1E127}</SimpleData>
		<SimpleData name="SHAPE_Length">5.98851678415787</SimpleData>
	</SchemaData></ExtendedData>
      <MultiGeometry><LineString><coordinates>-78.9353852309999,42.8283000480001 -80.079934066,42.3935588780001 -81.245708325,42.2075735500001 -82.397477296,41.676567559 -82.6797201919999,41.676570456 -83.069125707,41.863589721 -83.149686608,42.040997218 -83.133382288,42.0902307580001 -83.1290789669999,42.103212521 -83.124952327,42.1156559730001 -83.121706907,42.1254391740001 -83.133943455,42.1748105030001 -83.1280015089999,42.2387029540001 -83.111630887,42.2601496290001 -83.0967798949999,42.2899824950001 -83.079493041,42.3087224290001 -83.063415457,42.3178131720001 -83.0190237639999,42.329395956 -82.9887753149999,42.3324549480001 -82.9591512069999,42.3394456500001 -82.945381203,42.3469512030001 -82.828188559,42.3734172530001 -82.678025297,42.523215867 -82.677504397,42.523734147 -82.667808485,42.533403439 -82.662177914,42.5414647320001 -82.654349112,42.547033002 -82.641131818,42.5549348550001 -82.632993496,42.557112046 -82.623859813,42.5570589860001 -82.616683941,42.554475966 -82.610755018,42.5500021350001 -82.605554787,42.548549936 -82.5909300929999,42.5500276870001 -82.58387157,42.553937628 -82.580254891,42.5641565600001 -82.568558488,42.574235242 -82.560188586,42.579278813 -82.553407944,42.585124604 -82.5492243429999,42.591216225 -82.523438157,42.6073521700001 -82.5189386659999,42.6137456910001 -82.509657745,42.6381837160001 -82.510510628,42.6650404210001 -82.4950247259999,42.6996303280001 -82.483657244,42.7184503510001 -82.483915366,42.7334069240001 -82.4673649439999,42.7624197600001 -82.467828104,42.7702919110001 -82.471939108,42.7861650840001 -82.480716741,42.8024084960001 -82.482033282,42.8082486970001 -82.478860653,42.8253546710001 -82.472745292,42.836744003 -82.468260013,42.8556814070001 -82.470349786,42.8874182420001 -82.462313305,42.9056261260001 -82.4553216739999,42.92675074 -82.447785973,42.9376720920001 -82.4288642389999,42.952036494 -82.416788587,42.9667922580001 -82.413117647,42.97737526 -82.42143491,42.985481792 -82.424594371,42.992290353 -82.424138921,42.997837254 -82.4137714999999,43.0113200060001</coordinates></LineString></MultiGeometry>
  </Placemark>
  <Placemark>
	<Style><LineStyle><color>ff0000ff</color></LineStyle><PolyStyle><fill>0</fill></PolyStyle></Style>
	<ExtendedData><SchemaData schemaUrl="#Canada_and_US_Border">
		<SimpleData name="FID">17</SimpleData>
		<SimpleData name="SectionNum">16</SimpleData>
		<SimpleData name="SectionEng">Lake Huron, St. Mary’s River and Lake Superior</SimpleData>
		<SimpleData name="SectionFre">Lac Huron, rivière Ste-Marie et lac Supérieur</SimpleData>
		<SimpleData name="MaxScale">1:447,400</SimpleData>
		<SimpleData name="Shape_Leng">11.1102484923</SimpleData>
		<SimpleData name="GlobalID">{17339FBE-A7E1-4915-B2F4-92529A5E866F}</SimpleData>
		<SimpleData name="SHAPE_Length">11.1102514751937</SimpleData>
	</SchemaData></ExtendedData>
      <MultiGeometry><LineString><coordinates>-82.4137714999999,43.0113200060001 -82.122797944,43.5911885510001 -82.5186172259999,45.3386371340001 -83.597185963,45.821270993 -83.433805751,45.9981649790001 -83.5719672669999,46.105785009 -83.6550199549999,46.121684986 -83.759892596,46.102733507 -83.8263485689999,46.118848647 -83.903552786,46.0604588830001 -83.9555117629999,46.0567574290001 -83.976364625,46.1024128350001 -84.006342326,46.1183087860001 -84.006011209,46.1494578410001 -84.077178207,46.187338803 -84.085840182,46.210138446 -84.108286983,46.2414338300001 -84.0976685209999,46.2563662630001 -84.115454288,46.2680326330001 -84.1194777059999,46.31487779 -84.105970122,46.3219778430001 -84.120107038,46.3383660440001 -84.139033908,46.3724413480001 -84.146080387,46.418776795 -84.111165946,46.50422015 -84.118215879,46.517935482 -84.1233749419999,46.5210874520001 -84.129029454,46.5304896740001 -84.139501019,46.5324603540001 -84.14687417,46.531025723 -84.153695093,46.528287472 -84.1668518659999,46.5263098410001 -84.177734059,46.52708993 -84.193699236,46.540230251 -84.225913126,46.5340577380001 -84.254833311,46.500802902 -84.2655182829999,46.4944165200001 -84.2762754569999,46.492934049 -84.293784882,46.4928963580001 -84.325209953,46.4998351780001 -84.34193561,46.5075166170001 -84.37418576,46.5091628760001 -84.395559965,46.4986246330001 -84.4211879539999,46.5005791720001 -84.4452714989999,46.4890841490001 -84.475687936,46.452864311 -84.5568581109999,46.4608046070001 -84.7628724579999,46.6342945120001 -84.860176342,46.8889208750001 -88.368650244,48.3055172270001 -88.679249392,48.243863597 -89.337428964,47.974009644 -89.489380637,48.014491449 -89.564687638,48.0025317910001 -89.569641959,47.999193781 -89.571003409,47.9980590810001</coordinates></LineString></MultiGeometry>
  </Placemark>
  <Placemark>
	<Style><LineStyle><color>ff0000ff</color></LineStyle><PolyStyle><fill>0</fill></PolyStyle></Style>
	<ExtendedData><SchemaData schemaUrl="#Canada_and_US_Border">
		<SimpleData name="FID">18</SimpleData>
		<SimpleData name="SectionNum">17</SimpleData>
		<SimpleData name="SectionEng">Lake Superior to Rainy River</SimpleData>
		<SimpleData name="SectionFre">Lac Supérieur à la rivière à la Pluie</SimpleData>
		<SimpleData name="MaxScale">1:24,000</SimpleData>
		<SimpleData name="Shape_Leng">4.49986348009</SimpleData>
		<SimpleData name="GlobalID">{70DA3DE3-1442-4B3A-BEBF-B857F3A8A83F}</SimpleData>
		<SimpleData name="SHAPE_Length">4.49986462758994</SimpleData>
	</SchemaData></ExtendedData>
      <MultiGeometry><LineString><coordinates>-89.571003409,47.9980590810001 -89.572903459,47.997486871 -89.577231331,47.997192431 -89.5809814419999,47.9959480110001 -89.581575892,47.9960896700001 -89.5818675519999,47.9966424300001 -89.5826008929999,47.9969035400001 -89.583750892,47.9976896300001 -89.5846008839999,47.9988229300001 -89.585609214,47.99954791 -89.585156394,48.0013367710001 -89.585511954,48.00177288 -89.588128675,48.0024589810001 -89.591073185,48.0026367510001 -89.592212086,48.0031145200001 -89.5924870869999,48.0037284000001 -89.592817646,48.00403118 -89.5939704469999,48.0042478400001 -89.594759347,48.0045895010001 -89.5957649279999,48.0047422800001 -89.596114938,48.004678391 -89.596731617,48.00441728 -89.597495528,48.00433672 -89.597723308,48.0044811700001 -89.597814979,48.0046145000001 -89.5978677579999,48.0047783800001 -89.598242758,48.0051200500001 -89.60105394,48.0051089300001 -89.60334564,48.00611725 -89.606645712,48.00627002 -89.607176282,48.0063866900001 -89.608156851,48.0069394600001 -89.608584623,48.007795 -89.609292962,48.00843666 -89.609804072,48.0093366500001 -89.6105346429999,48.0097310900001 -89.610487413,48.0100838600001 -89.609665163,48.01077552 -89.608967912,48.0111588500001 -89.608545673,48.01180606 -89.608559552,48.012700501 -89.6097928739999,48.0150671310001 -89.609262284,48.016767111 -89.609495614,48.0173893310001 -89.610703964,48.017936542 -89.6116289839999,48.017819882 -89.612217915,48.016433781 -89.6136651749999,48.0158032300001 -89.614937445,48.0148588010001 -89.615518036,48.0135977 -89.616056945,48.0127116 -89.6171347659999,48.01201716 -89.6177320049999,48.011250509 -89.618440366,48.010883839 -89.619795957,48.0107143990001 -89.6228515669999,48.01177549 -89.625546077,48.011719939 -89.627132229,48.011506049 -89.628171139,48.0111977190001 -89.629337849,48.010469948 -89.6319379189999,48.0100755080001 -89.633051829,48.009733839 -89.637174161,48.0094532890001 -89.638040852,48.0091282880001 -89.638313081,48.0089143980001 -89.6384603119999,48.0084644080001 -89.637643652,48.007419978 -89.63753532,48.0065033180001 -89.63666311,48.004911667 -89.63706591,48.0041477880001 -89.638754841,48.0035727970001 -89.639893751,48.0038672370001 -89.641435432,48.0056838770001 -89.642935453,48.006342207 -89.645882743,48.006269977 -89.647024444,48.005892207 -89.648349504,48.0040644470001 -89.6491134139999,48.0037950060001 -89.650877344,48.0036255570001 -89.6530357249999,48.004264436 -89.6543607259999,48.006153307 -89.654844066,48.0065032960001 -89.656116286,48.008111607 -89.656813498,48.0098838170001 -89.657685737,48.0103699160001 -89.661960829,48.010775466 -89.662658069,48.0107115770001 -89.6631414189999,48.0104143560001 -89.663783129,48.008706036 -89.6646803799999,48.008022716 -89.66679988,48.0073032760001 -89.6690304799999,48.008131045 -89.671549941,48.0101282350001 -89.672208272,48.0112421160001 -89.6729166219999,48.0115754460001 -89.673883303,48.011567106 -89.674927773,48.0113587760001 -89.676133353,48.0112976660001 -89.680114015,48.0102004450001 -89.681977945,48.0101282250001 -89.684089106,48.0098226740001 -89.685764147,48.0097865550001 -89.686300267,48.0100809950001 -89.6863919259999,48.0107309950001 -89.687436387,48.010928215 -89.688119737,48.0109087650001 -89.689666998,48.010217104 -89.6920476179999,48.0098226640001 -89.6950088089999,48.0087337840001 -89.69877557,48.0077087830001 -89.70103397,48.0065476830001 -89.70241456,48.006367133 -89.7032979109999,48.0066282330001 -89.705589602,48.007842113 -89.7072229519999,48.009380983 -89.7080368429999,48.010442083 -89.708614633,48.010547634 -89.712103594,48.010180962 -89.7127452839999,48.010217073 -89.7145008849999,48.009578193 -89.7153592349999,48.0093448630001 -89.716131476,48.0094559730001 -89.716589816,48.0097143020001 -89.716739806,48.0103198530001 -89.716298106,48.0117476130001 -89.716136986,48.0126809330001 -89.716217536,48.0130587130001 -89.716725867,48.013636483 -89.7169869859999,48.013797593 -89.717028646,48.013989253 -89.7166175259999,48.0143086940001 -89.716545286,48.0150114640001 -89.716170257,48.0164058930001 -89.7162508059999,48.0168753340001 -89.717011927,48.0172336630001 -89.7179230579999,48.017322553 -89.718539737,48.017253103 -89.719250877,48.0168558930001 -89.720014807,48.0151642430001 -89.720778717,48.014542023 -89.721745418,48.014139243 -89.722609329,48.013561472 -89.723701019,48.0134725820001 -89.7241843579999,48.0137698020001 -89.7239287789999,48.015217013 -89.724559329,48.0161336730001 -89.723956529,48.0171697740001 -89.722656488,48.017583653 -89.7206314479999,48.017378104 -89.719814758,48.0178725430001 -89.719506408,48.018491983 -89.720123078,48.0193475240001 -89.721086978,48.0200114140001 -89.7237120189999,48.0208002840001 -89.72433148,48.0208752840001 -89.72425093,48.020300293 -89.72353981,48.0197530730001 -89.7236203689999,48.0193114140001 -89.72439817,48.019141973 -89.72638155,48.019200303 -89.727306571,48.0189253030001 -89.728631601,48.019203073 -89.72947606,48.0192086330001 -89.7310594319999,48.0190502930001 -89.7317372219999,48.0188975230001 -89.732548352,48.0189975230001 -89.732990023,48.0193391820001 -89.732881682,48.0196530630001 -89.732278892,48.0198336230001 -89.731784432,48.0201308430001 -89.731737202,48.020453063 -89.732534432,48.0206975030001 -89.732962222,48.0210197230001 -89.7329761029999,48.0215502730001 -89.733164992,48.0217752620001 -89.733998333,48.0220085930001 -89.7351983629999,48.0218058230001 -89.7362928329999,48.0217474830001 -89.7367206229999,48.021578043 -89.7372178639999,48.0211002720001 -89.737981774,48.0206863830001 -89.738987354,48.020516942 -89.740876284,48.020391943 -89.7419624249999,48.019994722 -89.742676336,48.0200225020001 -89.7431152249999,48.020228052 -89.743290225,48.0205169320001 -89.7434096649999,48.021330822 -89.744254116,48.0215947020001 -89.7444180049999,48.022408582 -89.744812457,48.0225030220001 -89.745943037,48.022064142 -89.746359717,48.022064142 -89.7481569569999,48.023303012 -89.748931967,48.023550232 -89.750073657,48.023572453 -89.750812577,48.022916912 -89.751443148,48.022511362 -89.752434839,48.022394702 -89.752957078,48.022180812 -89.7533848589999,48.022197481 -89.753937649,48.022416922 -89.7547015499999,48.023036372 -89.75568212,48.0232335920001 -89.75651269,48.023261372 -89.757893281,48.023136381 -89.760146111,48.0225586220001 -89.762637822,48.0229641820001 -89.764354522,48.0230725210001 -89.7676018129999,48.022703091 -89.768849073,48.02201977 -89.770093544,48.0218947700001 -89.771088014,48.02152534 -89.7723463849999,48.0207503500001 -89.7737130849999,48.02048925 -89.774371425,48.0210392400001 -89.7737936249999,48.0218475710001 -89.7742214049999,48.0225225610001 -89.7745852959999,48.0226947800001 -89.775363085,48.0228725600001 -89.775724205,48.0227392310001 -89.7763131249999,48.0215698010001 -89.777988186,48.0199309400001 -89.7786715459999,48.01880873 -89.779102116,48.0185115100001 -89.779677126,48.018764289 -89.781299387,48.0184559690001 -89.781741067,48.0179892990001 -89.782304967,48.01786431 -89.7843883479999,48.0179809790001 -89.7855522579999,48.017764319 -89.787777298,48.017980999 -89.78878287,48.018322659 -89.79174682,48.0184754490001 -89.7924162799999,48.018375458 -89.793394091,48.017936578 -89.7940191009999,48.0178615780001 -89.794585781,48.017772688 -89.794974681,48.0176032480001 -89.7953774709999,48.0170449180001 -89.795846931,48.016767148 -89.796369171,48.0160088280001 -89.795980291,48.0152977170001 -89.7963691909999,48.015019947 -89.796852531,48.0148671680001 -89.798072001,48.014831067 -89.798808132,48.0149560680001 -89.7996942619999,48.0149199570001 -89.800249832,48.014750517 -89.8009192919999,48.0143644170001 -89.801588753,48.014183867 -89.803333233,48.014183867 -89.8054221629999,48.0140755470001 -89.8061610729999,48.0142644370001 -89.8065610739999,48.014742217 -89.8074332849999,48.0166310870001 -89.807499945,48.017144967 -89.807138825,48.0174588570001 -89.807380494,48.017594967 -89.808719415,48.0172977570001 -89.8093360949999,48.016722757 -89.809966666,48.016614427 -89.811119466,48.016819986 -89.812072266,48.0165144360001 -89.8129833959999,48.0165394470001 -89.813866756,48.016289446 -89.814402876,48.0162616760001 -89.815208446,48.0160727860001 -89.816494587,48.0160366870001 -89.817411277,48.015686696 -89.818202967,48.015450587 -89.818886318,48.015486696 -89.819608548,48.015639476 -89.8199446679999,48.015522816 -89.820466908,48.0150839360001 -89.820761359,48.0149033760001 -89.820989148,48.014389496 -89.821230828,48.013878386 -89.820775278,48.0131033960001 -89.8209752779999,48.0127978460001 -89.8213919579999,48.0126200660001 -89.821725298,48.0124117350001 -89.822194758,48.0121700760001 -89.822636438,48.012033966 -89.8230920089999,48.011792305 -89.823869809,48.0114423150001 -89.8239114789999,48.0113256450001 -89.822717008,48.0112256450001 -89.822208668,48.011081195 -89.821819778,48.0106145350001 -89.822392008,48.0103089850001 -89.822364238,48.009658986 -89.822780929,48.0092201050001 -89.8246698579999,48.008328454 -89.825594908,48.006709034 -89.828033859,48.005728494 -89.8290922199999,48.0050923950001 -89.829011669,48.004722954 -89.8286477789999,48.004192404 -89.828636669,48.003850733 -89.829050589,48.0026368630001 -89.829642279,48.0015396540001 -89.8306867699999,48.000136893 -89.83132846,47.9996119040001 -89.832622929,47.999439683 -89.83382018,47.9995063540001 -89.8362452009999,48.000856352 -89.838134111,48.002178563 -89.840142472,48.0027535630001 -89.841873062,48.003042463 -89.843439753,48.003553573 -89.8443647729999,48.003364693 -89.844820344,48.0030785820001 -89.844017563,48.0022258130001 -89.8424897529999,48.001884143 -89.8421008619999,48.001675812 -89.842556443,48.0001730430001 -89.842367582,47.998975843 -89.8425953719999,47.998517522 -89.842475962,47.9972592120001 -89.843625983,47.9972842120001 -89.844042663,47.9971231120001 -89.844242682,47.996203682 -89.8444982519999,47.995781472 -89.845745522,47.994945382 -89.845964984,47.994634282 -89.845864983,47.9942815110001 -89.8460122119999,47.994117621 -89.8457983329999,47.993634301 -89.846106683,47.993245411 -89.8472178329999,47.9926343220001 -89.851023474,47.99224823 -89.852817955,47.9918899100001 -89.8591958869999,47.990898289 -89.8620626169999,47.9907455200001 -89.865640479,47.9901038790001 -89.868212749,47.9901983390001 -89.8688822189999,47.9897400090001 -89.870048969,47.9874011680001 -89.871360139,47.985862318 -89.871896269,47.985531768 -89.87267406,47.9854595480001 -89.87578244,47.986151218 -89.877938031,47.9867706580001 -89.878901932,47.986834548 -89.883821493,47.9863956880001 -89.8854409639999,47.986448468 -89.887490994,47.986842908 -89.889554904,47.987706788 -89.8908132559999,47.9879956780001 -89.892288287,47.9880679070001 -89.893479986,47.987554027 -89.895502257,47.987334597 -89.897202288,47.9875901570001 -89.898818978,47.988056816 -89.900838429,47.989201247 -89.9030106499999,47.9914428770001 -89.90433288,47.992167867 -89.911741333,47.9934456560001 -89.913549694,47.994037317 -89.9150497049999,47.994712307 -89.9158691439999,47.9957928470001 -89.916069125,47.9966456060001 -89.916780245,47.9970511670001 -89.917355245,47.997267826 -89.918077486,47.9971233860001 -89.919952516,47.9973928370001 -89.921216446,47.9970150670001 -89.921563667,47.9970317360001 -89.922138677,47.997176186 -89.922808107,47.998556717 -89.922808096,47.998956707 -89.921760847,47.999442806 -89.9215747169999,47.9997927970001 -89.921855277,48.000117797 -89.922899737,48.000648347 -89.9256108879999,48.0015177970001 -89.926680349,48.0020427870001 -89.927577589,48.0019344560001 -89.928072039,48.0021955670001 -89.9279942589999,48.0025011160001 -89.927738699,48.0027733370001 -89.9265331079999,48.0031872160001 -89.925808089,48.0037427670001 -89.925688639,48.0040483170001 -89.925783069,48.0051732970001 -89.925674729,48.0056288480001 -89.925863619,48.006314957 -89.9262497289999,48.0066843870001 -89.9268802999999,48.0070177170001 -89.92765531,48.0071788280001 -89.9288386599999,48.007339937 -89.9297109,48.007459377 -89.930660911,48.008059367 -89.9315192619999,48.0089176970001 -89.9325109219999,48.010289888 -89.932819262,48.0111259870001 -89.9326859019999,48.0123426380001 -89.932847012,48.0129704080001 -89.933219682,48.0132285180001 -89.933791473,48.0135092780001 -89.934166462,48.014375928 -89.933805342,48.015145358 -89.934583123,48.0158259080001 -89.935985934,48.0157342380001 -89.936363715,48.0158258980001 -89.939030445,48.015603668 -89.9398082339999,48.015839768 -89.940583245,48.015686998 -89.940908265,48.015356447 -89.940724936,48.014742568 -89.941097165,48.0145703470001 -89.944127776,48.0144536770001 -89.948791748,48.0160452870001 -89.9498889879999,48.0162786070001 -89.950619559,48.0162424970001 -89.9509806789999,48.0159730570001 -89.9511168079999,48.0152175170001 -89.950752918,48.0146258670001 -89.9500223479999,48.0140119970001 -89.949889018,48.0135286770001 -89.950061257,48.012898136 -89.951275188,48.0111704060001 -89.952297438,48.010731526 -89.953114118,48.0108287460001 -89.954794699,48.0118287060001 -89.955847489,48.0122675860001 -89.959986441,48.013673096 -89.9612614709999,48.0137175260001 -89.962358712,48.0141980660001 -89.963994842,48.0150563650001 -89.965028203,48.015145256 -89.968269933,48.014681366 -89.968814384,48.0151007950001 -89.969161604,48.015981315 -89.9695227239999,48.016450746 -89.9716810749999,48.017981236 -89.9718560749999,48.0185756550001 -89.971789395,48.0194922960001 -89.9720699549999,48.0198589460001 -89.9730283059999,48.020083936 -89.9735060849999,48.020389476 -89.973733866,48.020850566 -89.973639416,48.021442216 -89.9737727469999,48.0218921960001 -89.974711637,48.0231254760001 -89.975233867,48.0232782460001 -89.9762894469999,48.023378236 -89.977767248,48.023680986 -89.979511728,48.023869855 -89.9811339789999,48.024239277 -89.9822728889999,48.024644806 -89.984220141,48.0256697460001 -89.9848479199999,48.0261641660001 -89.9852368209999,48.026308596 -89.9856534899999,48.0262891460001 -89.98669797,48.0255252860001 -89.9871146409999,48.0253725050001 -89.988923012,48.025678036 -89.988856341,48.0261057960001 -89.989675802,48.0263529960001 -89.990089692,48.0267501960001 -89.990089682,48.027208516 -89.989875792,48.0274696160001 -89.989136882,48.027747386 -89.989097992,48.0278834960001 -89.989203542,48.028052926 -89.989942452,48.027916815 -89.990450793,48.0281056960001 -89.990492463,48.028547335 -89.9907341319999,48.028672326 -89.992650833,48.028377875 -89.993200854,48.0280528850001 -89.9938314239999,48.0281001050001 -89.994017534,48.0284861960001 -89.9944758729999,48.028691736 -89.994731424,48.028941726 -89.994917544,48.029325036 -89.9947703139999,48.0297194660001 -89.994892524,48.030313876 -89.994567514,48.0309777350001 -89.994567514,48.0311999560001 -89.9951314039999,48.0318026960001 -89.9951314039999,48.032219336 -89.9956147349999,48.0325776550001 -89.9960175149999,48.0334220560001 -89.995964735,48.0338081460001 -89.996353635,48.0338442460001 -89.9965286249999,48.0344997660001 -89.997103626,48.035327506 -89.996767495,48.036749657 -89.996461906,48.0391523270001 -89.9964841249999,48.039332877 -89.9964896769999,48.0402689360001 -89.9961201959999,48.042329958 -89.993850626,48.0493130090001 -89.99810618,48.0579375090001 -90.004545132,48.0644563500001 -90.0044395629999,48.06525076 -90.006439604,48.06550064 -90.007250713,48.0670783 -90.008736845,48.0685559200001 -90.009856305,48.0690002800001 -90.010820225,48.0679391790001 -90.014850876,48.06714456 -90.018787017,48.0719580000001 -90.0233397819999,48.0847571520001 -90.029373284,48.0875206810001 -90.037992926,48.089328521 -90.0390790769999,48.0899701210001 -90.041381897,48.0893477810001 -90.042401368,48.0899866010001 -90.042731927,48.0900338010001 -90.043276388,48.090400441 -90.0442236379999,48.0906226000001 -90.0446736489999,48.090764241 -90.045023659,48.0908531110001 -90.045215329,48.09088088 -90.045332,48.0909197600001 -90.0454458899999,48.0910392000001 -90.04550145,48.091347521 -90.045748679,48.0915114000001 -90.0462348089999,48.091661371 -90.0466375889999,48.0916030110001 -90.04741539,48.09167519 -90.0480876299999,48.091727931 -90.04820985,48.0918057010001 -90.04834597,48.091877911 -90.04855986,48.0918501310001 -90.0487876399999,48.09185289 -90.04940988,48.092236181 -90.0502737909999,48.0925194600001 -90.0574795539999,48.09637179 -90.0664408969999,48.0984657000001 -90.074118889,48.1012291100001 -90.091613745,48.10461351 -90.115994743,48.104174077 -90.122447655,48.105711957 -90.123392125,48.106964497 -90.1234171359999,48.107064478 -90.123594915,48.1071366670001 -90.123633806,48.107189438 -90.123633806,48.1072672070001 -90.123794916,48.1072894070001 -90.124006036,48.107333817 -90.124161586,48.107342127 -90.1245227059999,48.107369857 -90.124667156,48.107403167 -90.124739386,48.107469817 -90.124969936,48.107489227 -90.1251754959999,48.107516967 -90.125264385,48.1075586170001 -90.125289396,48.1076613870001 -90.125431066,48.1077419170001 -90.125469957,48.1078196770001 -90.125575506,48.107952987 -90.1257449559999,48.108050178 -90.1260060769999,48.108033467 -90.126264416,48.108075097 -90.126358857,48.108038977 -90.126533867,48.1081361670001 -90.126917207,48.108144447 -90.1272310969999,48.1080360770001 -90.1274311069999,48.1081221470001 -90.127722777,48.1082248770001 -90.127906117,48.1083609470001 -90.128111678,48.108380357 -90.128383898,48.108513648 -90.128461687,48.108644177 -90.128642237,48.108721917 -90.128842247,48.108821876 -90.1288922479999,48.108994077 -90.1290839179999,48.1091440370001 -90.129347818,48.109227327 -90.129417258,48.109221758 -90.1295005979999,48.1093495170001 -90.1295700479999,48.1094383870001 -90.1295839379999,48.1095550370001 -90.129339488,48.1097467270001 -90.129433937,48.1098716970001 -90.1297533869999,48.1099105370001 -90.129989498,48.1100993680001 -90.130350618,48.1100826570001 -90.130417288,48.110321507 -90.1310923089999,48.1105936070001 -90.132572899,48.111679387 -90.1356396199999,48.1121594370001 -90.1357951799999,48.112217748 -90.136111851,48.112106597 -90.13641186,48.1121009980001 -90.13675075,48.112250927 -90.1370702,48.1122369970001 -90.13738132,48.1121758470001 -90.13757299,48.1122146960001 -90.137803551,48.112159116 -90.137953551,48.112200757 -90.1384896709999,48.1122617770001 -90.1388007909999,48.112286727 -90.140834161,48.1125641670001 -90.142750862,48.1125333270001 -90.1433008719999,48.112555467 -90.143536992,48.112508217 -90.144042553,48.112644227 -90.144223113,48.1126136560001 -90.144364783,48.112252567 -90.1444758929999,48.1122136560001 -90.144495333,48.1121358870001 -90.144550892,48.112005346 -90.1448092219999,48.1117469970001 -90.144970342,48.1116525460001 -90.145381453,48.1115858260001 -90.145587013,48.111527466 -90.1457342429999,48.111557997 -90.1459231329999,48.1114440970001 -90.146317583,48.111280166 -90.146664803,48.111130136 -90.146948143,48.111099537 -90.147200923,48.111035616 -90.1508815449999,48.110382386 -90.164276219,48.109716625 -90.176495772,48.1124019440001 -90.1886291449999,48.1080346520001 -90.1950347379999,48.108342072 -90.210687601,48.106355761 -90.216495964,48.1065191000001 -90.2251765669999,48.108233291 -90.233968289,48.107247939 -90.253826864,48.102253148 -90.260746537,48.102735307 -90.264463318,48.103404046 -90.27453587,48.103188636 -90.289253045,48.099078514 -90.292844836,48.0990084840001 -90.298128318,48.1025517140001 -90.300117268,48.1029458140001 -90.30384795,48.1039562540001 -90.305798001,48.105158644 -90.3100537029999,48.1055635340001 -90.313914944,48.1051379840001 -90.317417835,48.1037597440001 -90.322462456,48.102936782 -90.3258153359999,48.102886262 -90.330068258,48.102293941 -90.33695184,48.099582341 -90.3376518699999,48.09763236 -90.3380824389999,48.096160151 -90.3430353909999,48.09551851 -90.343374291,48.0949768500001 -90.343510411,48.09486574 -90.343593751,48.094599079 -90.343885421,48.09450185 -90.344313211,48.0943157500001 -90.3459910509999,48.0939768700001 -90.351957913,48.0947852090001 -90.353824644,48.0949879890001 -90.357402545,48.0944324480001 -90.358863706,48.0948602290001 -90.367450108,48.094707478 -90.368622368,48.0943130380001 -90.368661258,48.094160258 -90.368955708,48.093960258 -90.3698807379999,48.093985268 -90.370030749,48.094032487 -90.370364089,48.0939713770001 -90.3705002089999,48.0938935980001 -90.3709418889999,48.093760268 -90.371208569,48.093713049 -90.371530799,48.0936491580001 -90.3715974689999,48.093585278 -90.3717974799999,48.093596388 -90.371875259,48.093688048 -90.3723197099999,48.093868607 -90.372533609,48.0939824980001 -90.373030849,48.0939824980001 -90.37343642,48.0940297170001 -90.3736308699999,48.0937797180001 -90.37364754,48.0934991680001 -90.373711429,48.0932991670001 -90.37366143,48.0930852880001 -90.3735253089999,48.0928713970001 -90.37333087,48.0922075170001 -90.37313919,48.091940847 -90.37267529,48.091574187 -90.372725289,48.091265847 -90.373286419,48.0910991870001 -90.37359477,48.090971417 -90.3737753299999,48.091043637 -90.37418923,48.0910019680001 -90.37429479,48.090924187 -90.3747753599999,48.090963077 -90.37549205,48.091246417 -90.3761143,48.0914741870001 -90.376247631,48.091590857 -90.376436531,48.0917047470001 -90.3769643209999,48.0919408570001 -90.37760601,48.092274187 -90.3780504709999,48.0923991880001 -90.37831159,48.0923297470001 -90.3784893709999,48.092313077 -90.378900502,48.092240857 -90.379497741,48.092326977 -90.379831082,48.092335307 -90.3803699919999,48.0925214170001 -90.380628331,48.0926630870001 -90.381120011,48.0928408570001 -90.3819894819999,48.093001977 -90.382208943,48.0932297470001 -90.3827978429999,48.0934936370001 -90.3829284029999,48.0936686370001 -90.3837006529999,48.0941797470001 -90.383958992,48.0944491870001 -90.384731243,48.094679747 -90.384906243,48.0948547470001 -90.385120144,48.095213077 -90.385297924,48.095415847 -90.385661823,48.0959519570001 -90.385767384,48.096251957 -90.385834044,48.0964741770001 -90.385836824,48.096860287 -90.386034055,48.0972269470001 -90.385989604,48.0973463970001 -90.386106275,48.0976325070001 -90.386214614,48.098154718 -90.3864590649999,48.0981408370001 -90.3873146449999,48.0984352770001 -90.3874452049999,48.098499168 -90.387703545,48.0984769470001 -90.388131335,48.0985686070001 -90.388623025,48.098807498 -90.3888035849999,48.099060277 -90.3890535849999,48.0992297170001 -90.389336935,48.0994769370001 -90.389581386,48.0995602770001 -90.3898841659999,48.099910278 -90.390111955,48.1000241570001 -90.390125846,48.100051937 -90.390509186,48.100029717 -90.390703646,48.1000963870001 -90.3910536559999,48.100135277 -90.391461996,48.100210277 -90.3916564469999,48.100326937 -90.392023127,48.100338058 -90.392359257,48.100324168 -90.392634266,48.1002769470001 -90.392792597,48.1002297270001 -90.393103717,48.1002713870001 -90.393248167,48.1002297270001 -90.3934426169999,48.1003352770001 -90.393906527,48.100574167 -90.3942759769999,48.1008047270001 -90.394392647,48.1009352770001 -90.394603768,48.1010074980001 -90.395023227,48.1011630580001 -90.3952649079999,48.1011186170001 -90.395689918,48.101168617 -90.3959426979999,48.1013186170001 -90.396189928,48.1013269470001 -90.396314938,48.101415837 -90.396137148,48.1016213870001 -90.396353828,48.101771387 -90.396353828,48.1018352770001 -90.396701058,48.102057497 -90.397031628,48.1021602770001 -90.3972066279999,48.102279717 -90.3974649689999,48.1022297170001 -90.397773319,48.1023241670001 -90.397995549,48.102315837 -90.3981094389999,48.1023491670001 -90.403162371,48.1051047170001 -90.410670962,48.1050602970001 -90.438458071,48.098685464 -90.443363792,48.1006326930001 -90.447444474,48.1034632440001 -90.452280746,48.1050771530001 -90.461997749,48.1065160730001 -90.46531175,48.1085771830001 -90.4673979309999,48.108752193 -90.4712453019999,48.105921682 -90.477614973,48.105252272 -90.480220644,48.1020023020001 -90.483592995,48.10009955 -90.486701435,48.09906068 -90.4898543259999,48.0990023700001 -90.493607227,48.1013662600001 -90.4956156379999,48.09960239 -90.495610088,48.0994801690001 -90.496112888,48.0986051790001 -90.50236032,48.099144079 -90.50261311,48.0993746390001 -90.50286034,48.0993940800001 -90.5034798,48.0995774190001 -90.50375203,48.099546859 -90.504027041,48.0995746390001 -90.5042131609999,48.099655199 -90.504624281,48.099688529 -90.504885401,48.0997940890001 -90.5051520819999,48.0997579790001 -90.505335421,48.0996857490001 -90.505574311,48.0995690890001 -90.505763211,48.099480199 -90.5060465509999,48.09941909 -90.5066299119999,48.0993801990001 -90.5069271409999,48.0994135380001 -90.5070327019999,48.099346869 -90.507232701,48.099338539 -90.507457712,48.099216319 -90.507554942,48.099157979 -90.507718832,48.0991107580001 -90.509605022,48.0976135490001 -90.5103244919999,48.0972968880001 -90.516941364,48.0993218880001 -90.556709395,48.0959386550001 -90.564467958,48.098821984 -90.565495759,48.099780315 -90.5674430299999,48.101602525 -90.569743052,48.1068386050001 -90.5555202689999,48.1169329580001 -90.55910923,48.1217384880001 -90.565437203,48.1224857180001 -90.571437415,48.1211051780001 -90.5757681059999,48.1206329660001 -90.5769709259999,48.121157967 -90.579687647,48.1238051770001 -90.5820599479999,48.1236274070001 -90.585876739,48.1219857560001 -90.586782339,48.1208690970001 -90.5903102299999,48.119555226 -90.5904991199999,48.1193746760001 -90.59052135,48.1192135650001 -90.59055746,48.1191663450001 -90.59066024,48.1190802360001 -90.591293609,48.1174580250001 -90.6061357149999,48.1158469640001 -90.612702595,48.1132747730001 -90.613466506,48.113138663 -90.6150859959999,48.112702563 -90.616083257,48.112183122 -90.6176444069999,48.1123442430001 -90.618183317,48.112241463 -90.619244458,48.1117053630001 -90.6200472579999,48.111541473 -90.6203333779999,48.111805362 -90.6270641199999,48.1117776020001 -90.641503503,48.1035249290001 -90.686285417,48.1004361860001 -90.7029220909999,48.096036274 -90.741464972,48.0945725110001 -90.751584764,48.09099481 -90.7614126189999,48.0983920100001 -90.761298699,48.0999836610001 -90.767134772,48.110597462 -90.766715273,48.1144363120001 -90.768756944,48.116594633 -90.7699486339999,48.116652973 -90.770423635,48.1168251920001 -90.772637555,48.117616862 -90.774129236,48.118647412 -90.7740625549999,48.118997413 -90.774259776,48.120089062 -90.775956997,48.1224084930001 -90.776406978,48.124002923 -90.780165359,48.1253279220001 -90.781840389,48.125769593 -90.7834820689999,48.1268279220001 -90.78275149,48.127708463 -90.78360983,48.127908473 -90.7838681709999,48.128125133 -90.78410984,48.1281612430001 -90.78454319,48.1277029230001 -90.784887641,48.1275279230001 -90.785190421,48.127566813 -90.785190421,48.1276807030001 -90.785165421,48.127830703 -90.7854098609999,48.1279084830001 -90.7856765399999,48.127708483 -90.786368221,48.1276279320001 -90.787046011,48.1277084930001 -90.787237671,48.1281445930001 -90.788343241,48.1288307030001 -90.789793243,48.130152923 -90.787984842,48.132713993 -90.786976492,48.133008423 -90.7865153719999,48.1330834230001 -90.784898671,48.133238964 -90.784190331,48.1329834140001 -90.7834764309999,48.1326584130001 -90.7827375209999,48.133747284 -90.7817485899999,48.135225034 -90.782223591,48.1358694740001 -90.782734711,48.136005584 -90.7851180919999,48.1353528340001 -90.785898661,48.1352583940001 -90.7860820019999,48.1353528340001 -90.786387562,48.1355306140001 -90.786987572,48.135652834 -90.787676463,48.135972284 -90.7884903629999,48.1362167230001 -90.788793144,48.1363695040001 -90.7893931629999,48.136233394 -90.790965414,48.135822304 -90.7912820829999,48.135811194 -90.7916459849999,48.135744523 -90.792543224,48.1357000830001 -90.792579334,48.1357834140001 -90.794076584,48.1355528730001 -90.794304365,48.1352917630001 -90.794912715,48.135461213 -90.795243276,48.1355028830001 -90.798232196,48.1368973240001 -90.796762696,48.139386173 -90.792251474,48.1412777940001 -90.7893375039999,48.1438638550001 -90.784306823,48.146169366 -90.784181823,48.1463721360001 -90.7839734839999,48.1463999160001 -90.783290143,48.1463499060001 -90.7817678919999,48.1460165760001 -90.780837322,48.145883236 -90.779442842,48.146708216 -90.778834492,48.147088765 -90.777851132,48.1482970860001 -90.779017783,48.1505415060001 -90.778417742,48.153019247 -90.777620462,48.1564525370001 -90.776606503,48.160096937 -90.776370384,48.1605635980001 -90.776181473,48.1618969180001 -90.777939814,48.1638468990001 -90.778356484,48.1640635580001 -90.778934265,48.164246898 -90.779378714,48.1644107880001 -90.7813759749999,48.1645552370001 -90.781923206,48.1645135690001 -90.782400996,48.164238578 -90.7834565759999,48.1638413680001 -90.785948327,48.1609997470001 -90.790356748,48.1599581070001 -90.793095668,48.161408097 -90.793654018,48.1611247770001 -90.7939206889999,48.1609358870001 -90.794167919,48.1605942260001 -90.794504049,48.160069236 -90.795845749,48.159230366 -90.796437429,48.159216476 -90.7976179789999,48.160658127 -90.79769298,48.1609442370001 -90.797537409,48.161530337 -90.798604091,48.162058116 -90.79874576,48.162235896 -90.79934022,48.1622275670001 -90.800748561,48.1631858860001 -90.801151331,48.164088656 -90.801904082,48.167716387 -90.801704052,48.170221907 -90.801737383,48.1707246770001 -90.8019596029999,48.1711774570001 -90.802229053,48.1714385670001 -90.802373492,48.1718135580001 -90.8029929429999,48.1725579970001 -90.804090134,48.1778273680001 -90.809859667,48.1796968080001 -90.8109902369999,48.1797023680001 -90.812662497,48.179482937 -90.817537589,48.1794107380001 -90.8187986999999,48.1811857170001 -90.81925147,48.1826606980001 -90.821026481,48.184688448 -90.8242821109999,48.1836579170001 -90.8257793619999,48.183582927 -90.8253877019999,48.181538507 -90.824387701,48.180130197 -90.82396547,48.1796163070001 -90.82345437,48.1780774370001 -90.8247099609999,48.1768496870001 -90.826148872,48.177083016 -90.832551802,48.1735164250001 -90.836410155,48.1770358360001 -90.834210035,48.1865468080001 -90.834846007,48.2018077000001 -90.83642643,48.217568591 -90.836501431,48.217924141 -90.836504201,48.2181713620001 -90.8362597509999,48.2188019120001 -90.836348641,48.2191796820001 -90.836968081,48.220190781 -90.837254152,48.2250740530001 -90.837593023,48.226546253 -90.839673594,48.227662912 -90.839818034,48.2282767930001 -90.839743033,48.2286601230001 -90.8397624739999,48.2288212230001 -90.839373574,48.2291656630001 -90.839179123,48.2305212030001 -90.838467984,48.231615623 -90.8377123939999,48.234743354 -90.8393040349999,48.239568294 -90.843129056,48.2412127330001 -90.843845717,48.2437015940001 -90.847684638,48.244537714 -90.866946043,48.238229561 -90.875096146,48.2378490510001 -90.881529528,48.240521271 -90.8857628499999,48.2459628820001 -90.906860415,48.237499219 -90.915096707,48.230760457 -90.917324508,48.2310521270001 -90.918432857,48.2307326970001 -90.92641631,48.229802186 -90.9769865229999,48.2195636210001 -91.004109219,48.2030334070001 -91.002823139,48.2007417670001 -91.012303721,48.1984668760001 -91.0152037509999,48.1961919350001 -91.0197676619999,48.194119775 -91.0201232329999,48.193036465 -91.021303783,48.193144804 -91.0221010129999,48.1928420350001 -91.0226815729999,48.192367044 -91.023039913,48.191897614 -91.023701033,48.1904393040001 -91.031095495,48.1888282730001 -91.034717716,48.189253303 -91.035437157,48.189800523 -91.035595486,48.1898616340001 -91.0356982659999,48.1898255230001 -91.036401037,48.1901283030001 -91.0456066089999,48.189461722 -91.04679272,48.189178402 -91.0486816109999,48.1887645420001 -91.049903832,48.1887895520001 -91.0519899509999,48.188064572 -91.0554316229999,48.1883201520001 -91.056053843,48.188084051 -91.0575177429999,48.187067411 -91.059223314,48.1853396710001 -91.0628010949999,48.1855369210001 -91.065492804,48.181411989 -91.075906717,48.179370428 -91.078865048,48.1795315590001 -91.0796955979999,48.1798982290001 -91.080637269,48.180059349 -91.0813511489999,48.1808593490001 -91.082478919,48.181159349 -91.088012281,48.1783149780001 -91.091967891,48.1736650570001 -91.0971484629999,48.171606787 -91.108856826,48.1687041260001 -91.114742957,48.1664986440001 -91.118037457,48.162101513 -91.1198680269999,48.1606904430001 -91.13253474,48.1572961520001 -91.135795851,48.1566211910001 -91.138943093,48.1557490000001 -91.1426069939999,48.15461572 -91.140468133,48.15285184 -91.140432022,48.152249071 -91.140137582,48.1517074110001 -91.138073692,48.151960171 -91.137337622,48.1492602110001 -91.1563071859999,48.140518838 -91.1766130089999,48.1255470040001 -91.1812741799999,48.123535944 -91.1828881,48.122202643 -91.18334366,48.1221720930001 -91.184699221,48.122541534 -91.190060332,48.125113743 -91.214910867,48.102867008 -91.228052711,48.0992310170001 -91.234897272,48.096150536 -91.2497031839999,48.0841007930001 -91.266781168,48.078839762 -91.275925681,48.0787925500001 -91.289736965,48.0741842680001 -91.30637322,48.0728759580001 -91.30687878,48.0728342880001 -91.307828791,48.072892628 -91.308814911,48.0727759580001 -91.310159361,48.072823187 -91.3108704809999,48.0728398470001 -91.311276031,48.073153738 -91.3117565909999,48.0732315170001 -91.3147566119999,48.0735759570001 -91.315398283,48.0735731780001 -91.316028843,48.0734454070001 -91.317359413,48.073250967 -91.317973313,48.073081517 -91.319206654,48.0732426270001 -91.3244761449999,48.0729481870001 -91.326117825,48.072284306 -91.328492866,48.071100986 -91.3286428659999,48.070914875 -91.328787316,48.0705843260001 -91.3293762169999,48.069987106 -91.331281797,48.069626005 -91.332009577,48.070120446 -91.333434588,48.069931555 -91.334659608,48.0695010050001 -91.3363623979999,48.0696982250001 -91.336392938,48.071078775 -91.33998739,48.073564865 -91.348570853,48.0721898940001 -91.349715313,48.071653784 -91.350220873,48.0719648940001 -91.350351433,48.0719760050001 -91.350906993,48.0717676740001 -91.352007014,48.0714204650001 -91.3525736829999,48.0712010140001 -91.353612594,48.070828804 -91.3649905669999,48.067128853 -91.370835039,48.0697399420001 -91.37840185,48.0659122110001 -91.3908938019999,48.057173409 -91.4135913489999,48.053690127 -91.4221832009999,48.0509901460001 -91.424408252,48.0507429260001 -91.4266749719999,48.0498762660001 -91.4271610929999,48.0500207060001 -91.4295778329999,48.048662386 -91.437252976,48.0494762640001 -91.4376752059999,48.0498762550001 -91.4386002159999,48.0503429250001 -91.438589096,48.0505151450001 -91.438211316,48.0506318050001 -91.438008526,48.0508568050001 -91.438114076,48.051181806 -91.4377862759999,48.052473465 -91.44664742,48.063048386 -91.446225122,48.0677566860001 -91.450008512,48.0690788960001 -91.464742187,48.066859466 -91.488192654,48.068387224 -91.5416672269999,48.0538652980001 -91.567515794,48.043798775 -91.5754660869999,48.0489488050001 -91.572726937,48.057395996 -91.5753908089999,48.0667182170001 -91.569454003,48.093698761 -91.5528420099999,48.1032458940001 -91.559119981,48.1086015240001 -91.5755873969999,48.106923873 -91.5888269499999,48.1024822910001 -91.6148642369999,48.102276939 -91.639926574,48.097118767 -91.646976778,48.103843877 -91.648026788,48.105838347 -91.648001778,48.1063327970001 -91.648121228,48.1064133470001 -91.648474028,48.106416127 -91.648687918,48.1064827970001 -91.649610169,48.107332817 -91.6531047299999,48.109807867 -91.65148239,48.1122023180001 -91.65115459,48.1130189880001 -91.6518129299999,48.113963448 -91.653246322,48.1143995780001 -91.6551297509999,48.113721808 -91.661866203,48.1119329570001 -91.662244003,48.1116523970001 -91.662641283,48.1091607170001 -91.664638623,48.1073357160001 -91.6650886529999,48.107155156 -91.6673720649999,48.108699636 -91.671072225,48.108671896 -91.676791958,48.1075052750001 -91.680903238,48.1083136550001 -91.681817139,48.1098136860001 -91.687581251,48.1119082050001 -91.6835754099999,48.1177137770001 -91.682116921,48.122511037 -91.690681243,48.1202972150001 -91.692125764,48.1197499960001 -91.6911951929999,48.118130525 -91.692186923,48.116894415 -91.693020304,48.1165944250001 -91.696723264,48.1159027850001 -91.703356936,48.113727834 -91.709965558,48.1144195740001 -91.710312788,48.114700134 -91.7117572989999,48.1146584840001 -91.712582319,48.115522393 -91.7117711399999,48.117502954 -91.709376549,48.1194029540001 -91.707854179,48.1234085360001 -91.703803969,48.1248501760001 -91.700553718,48.130675196 -91.699525868,48.1319696470001 -91.6994785379999,48.1374835980001 -91.697783949,48.141605838 -91.69813114,48.1440891990001 -91.6991756099999,48.1450503390001 -91.70058123,48.1447808980001 -91.7023007509999,48.1448086980001 -91.703234121,48.145208708 -91.7046785919999,48.147119859 -91.706898073,48.1503615880001 -91.707011963,48.1510115990001 -91.708123084,48.1530088490001 -91.706925793,48.15376718 -91.7050811839999,48.15798942 -91.704675574,48.1600505500001 -91.704953344,48.1610450100001 -91.7051421849999,48.1640117110001 -91.704833707,48.1707200910001 -91.7094005279999,48.1729118220001 -91.71704256,48.1718730100001 -91.723042881,48.1689814000001 -91.7243651319999,48.17054253 -91.7229816719999,48.1735203100001 -91.722328762,48.178514782 -91.721348123,48.1802731220001 -91.7122670209999,48.187528613 -91.710383501,48.192550854 -91.710352922,48.1938953040001 -91.713141843,48.198023135 -91.715372464,48.1995120650001 -91.725347847,48.201345524 -91.737176071,48.204190134 -91.737876092,48.2042568030001 -91.7388233619999,48.2042401530001 -91.742087372,48.2046235240001 -91.741545801,48.1993429230001 -91.743859802,48.1987429530001 -91.7484100039999,48.198690222 -91.753529606,48.2008680820001 -91.7559240369999,48.2060070420001 -91.760749269,48.204815432 -91.762754979,48.2017209910001 -91.764221729,48.2006293420001 -91.7806779639999,48.20074623 -91.786158845,48.1961851680001 -91.788656176,48.1963518680001 -91.7910811469999,48.20251582 -91.797284179,48.2026909090001 -91.809462393,48.2062827490001 -91.814126435,48.208391148 -91.8154597559999,48.2118217390001 -91.832546641,48.2093830680001 -91.8359106519999,48.210302557 -91.845377745,48.2087887770001 -91.8643674589999,48.206955674 -91.867572933,48.2191918460001 -91.884331839,48.2274337260001 -91.893112593,48.237989397 -91.9023574459999,48.237120056 -91.905829817,48.2372367660001 -91.907043748,48.238172886 -91.9074076479999,48.238245116 -91.9076354279999,48.2383451160001 -91.909718859,48.2383479150001 -91.910696678,48.2381145950001 -91.9131912299999,48.238411845 -91.91344401,48.2388312950001 -91.914882961,48.238925755 -91.916799711,48.2385979950001 -91.921141602,48.236806384 -91.928828064,48.2359037040001 -91.937592367,48.2342149230001 -91.942087057,48.2303705320001 -91.945117749,48.2303983520001 -91.951262421,48.233406761 -91.9524847009999,48.233062332 -91.958359953,48.2331429610001 -91.959776633,48.2368235320001 -91.957057043,48.238862382 -91.958295914,48.2438457220001 -91.949609411,48.244517843 -91.9480370909999,48.2459400440001 -91.9540539829999,48.2494706630001 -91.9541789639999,48.251465124 -91.954123404,48.2516651240001 -91.9541067339999,48.2517345640001 -91.954109514,48.2522706840001 -91.957045755,48.2523179340001 -91.9590291659999,48.2536651930001 -91.9699852099999,48.253779213 -91.97041856,48.2533819940001 -91.970565789,48.2530847730001 -91.9709685889999,48.252987553 -91.9714547199999,48.2530375530001 -91.9718353,48.2528403430001 -91.97190197,48.251954223 -91.97221032,48.251765333 -91.9722686599999,48.251212552 -91.9723186699999,48.2509347820001 -91.97247423,48.250604222 -91.97245757,48.250240332 -91.97195199,48.2499986620001 -91.97144919,48.249890323 -91.970851949,48.249356983 -91.9706186079999,48.2489958620001 -91.970046369,48.2487125220001 -91.9704158389999,48.2478125320001 -91.97351044,48.2466236820001 -91.973613229,48.246320902 -91.973896579,48.2458681320001 -91.974224379,48.2454486920001 -91.974332719,48.2453375810001 -91.97443828,48.245290362 -91.9756494499999,48.2443320410001 -91.9765550389999,48.2449626120001 -91.9772634,48.2454376210001 -91.97746896,48.2455209510001 -91.977499521,48.2456681720001 -91.97758563,48.2459348420001 -91.9773745099999,48.2461959520001 -91.97721339,48.2462626110001 -91.9770633799999,48.2464153920001 -91.97695226,48.2467598310001 -91.97740505,48.2471653920001 -91.9778495099999,48.247382062 -91.978332871,48.247340401 -91.979032901,48.2474237420001 -91.980596852,48.2479321010001 -91.989158226,48.260290582 -92.006533963,48.2654186120001 -92.0072699849999,48.280563154 -92.012031247,48.2870049250001 -92.01299231,48.2974522150001 -92.000122109,48.3211049500001 -92.0119726039999,48.3229579090001 -92.03079839,48.3257026380001 -92.0376819429999,48.333069449 -92.0469517659999,48.334780698 -92.047848968,48.3436001800001 -92.045115507,48.3457362600001 -92.0458849679999,48.34784739 -92.048857309,48.3485807700001 -92.055226943,48.3593725600001 -92.067010777,48.3594588400001 -92.078172369,48.3580284390001 -92.08356152,48.3537173880001 -92.090897963,48.354506357 -92.143711529,48.356029194 -92.14489764,48.3656959150001 -92.162009575,48.3633127630001 -92.1774158489999,48.357146281 -92.179118719,48.3548963010001 -92.178538148,48.3518101710001 -92.192816582,48.3487242590001 -92.1945527729999,48.348757619 -92.195088894,48.350460409 -92.203903166,48.351846659 -92.207722807,48.347891148 -92.206544976,48.347235568 -92.206725556,48.3456550070001 -92.2169676789999,48.344966277 -92.21813439,48.346232967 -92.218948309,48.3468940870001 -92.2191927699999,48.347480207 -92.21972056,48.3480857770001 -92.221620641,48.348863587 -92.262555794,48.3549225240001 -92.28884326,48.3428200120001 -92.295452078,48.323858898 -92.304485861,48.3228367780001 -92.306183221,48.3162534260001 -92.2945577259999,48.306233805 -92.3014387539999,48.288306022 -92.295638541,48.2779531310001 -92.2955440919999,48.277655902 -92.295552431,48.2775086820001 -92.29562743,48.2772281320001 -92.295324641,48.2772753520001 -92.2952246409999,48.277147572 -92.295366311,48.277028122 -92.295427431,48.2768836820001 -92.295324651,48.276617012 -92.2953690909999,48.276439232 -92.295257981,48.276244782 -92.295182971,48.2762086720001 -92.294585721,48.276353111 -92.294288481,48.2765503320001 -92.2937329009999,48.276636432 -92.29317732,48.2759864220001 -92.29456909,48.271222531 -92.2901855869999,48.2650641210001 -92.273645921,48.2565250010001 -92.2695873979999,48.248194379 -92.280399001,48.244372309 -92.314892371,48.2405116150001 -92.322148252,48.237231165 -92.3253650729999,48.237011754 -92.325667873,48.236861764 -92.326156773,48.2365784340001 -92.3263067829999,48.2365839940001 -92.3268234829999,48.236803444 -92.3270234939999,48.236822884 -92.327470734,48.236520114 -92.328190204,48.2358895740001 -92.329256914,48.235053484 -92.330226405,48.2348896030001 -92.3308514349999,48.2347451640001 -92.332107045,48.233914634 -92.333332105,48.2337952030001 -92.333865475,48.2338896530001 -92.3344071659999,48.234139654 -92.334487735,48.234367433 -92.334432175,48.2345757630001 -92.334679416,48.234795214 -92.336265627,48.235675773 -92.336576746,48.2356646740001 -92.337126766,48.235036903 -92.3377295769999,48.2349202440001 -92.338015706,48.235084133 -92.338699076,48.2350119130001 -92.3390213169999,48.2348313640001 -92.3392129869999,48.2346897030001 -92.340474157,48.2340175030001 -92.340904727,48.2336425030001 -92.341432518,48.2318897420001 -92.341913088,48.2317064120001 -92.343990988,48.2320897720001 -92.347021689,48.231492593 -92.3484273189999,48.2313953820001 -92.34948293,48.2312315020001 -92.351716381,48.2305370920001 -92.3535609099999,48.230084332 -92.353716471,48.229523231 -92.3545026099999,48.228542691 -92.35552488,48.228059371 -92.356638821,48.2274232710001 -92.3586305809999,48.2264621910001 -92.360316771,48.22551222 -92.3610168019999,48.2247094510001 -92.361386252,48.2239233500001 -92.361666812,48.2232011400001 -92.3622057319999,48.222678919 -92.363675252,48.2228400500001 -92.365042003,48.2235372800001 -92.366217073,48.2239095200001 -92.3680616139999,48.22408454 -92.368719975,48.2236789890001 -92.367697694,48.2231706490001 -92.366878193,48.222284539 -92.367297653,48.2216789890001 -92.3680921329999,48.2211456690001 -92.369133844,48.220187358 -92.369922784,48.2202873580001 -92.370000584,48.2217901290001 -92.370792304,48.2227984690001 -92.370814534,48.223820679 -92.3714673539999,48.22404569 -92.372645185,48.223537369 -92.3734980259999,48.2249512590001 -92.374350856,48.22558737 -92.375170345,48.2259595990001 -92.3756231569999,48.22661794 -92.3754481569999,48.2274151490001 -92.3758454169999,48.2282957090001 -92.377448288,48.2292568290001 -92.378384458,48.230340159 -92.378551149,48.2311984890001 -92.378434488,48.2320457100001 -92.378137258,48.23298736 -92.3791956589999,48.23427903 -92.3785428589999,48.2352317900001 -92.3789734489999,48.23584013 -92.38066521,48.2364262500001 -92.3816986099999,48.2376512600001 -92.383315381,48.2392818210001 -92.384034871,48.24030959 -92.384409912,48.24134015 -92.384426592,48.2424929210001 -92.3838238019999,48.244567891 -92.384693292,48.2448817910001 -92.3866406129999,48.2441068110001 -92.387265643,48.2443429310001 -92.3881851639999,48.246442931 -92.387851814,48.2470068110001 -92.386362853,48.2475067920001 -92.3868740139999,48.2492012210001 -92.3847016729999,48.2491873120001 -92.385343383,48.250342872 -92.3859045139999,48.2513428820001 -92.3867406639999,48.251756782 -92.388799105,48.2511984610001 -92.389782495,48.2507234710001 -92.390740885,48.250670712 -92.392374295,48.2511707310001 -92.392702086,48.2518124010001 -92.392229815,48.253048511 -92.390149155,48.2527401520001 -92.3891963249999,48.253690142 -92.392143667,48.256765182 -92.393443727,48.257584642 -92.3927186669999,48.258934642 -92.3931242369999,48.2600290920001 -92.401793992,48.271379214 -92.41564163,48.2950960750001 -92.420469601,48.298960025 -92.425633675,48.3046295460001 -92.4290004859999,48.3059240360001 -92.431850636,48.3051796250001 -92.4367174989999,48.308910246 -92.43862589,48.3111713860001 -92.44033425,48.3148741960001 -92.440595371,48.3153353160001 -92.44136206,48.315818656 -92.441542622,48.3160575460001 -92.452387406,48.328035507 -92.469776866,48.3520998290001 -92.476513142,48.371916791 -92.45640635,48.401113996 -92.456439572,48.414091898 -92.475459918,48.418628347 -92.4788600209999,48.4232506370001 -92.481010101,48.425220118 -92.4807517409999,48.4263117880001 -92.481910111,48.4275506980001 -92.482015663,48.428300698 -92.483796293,48.4291396180001 -92.489360435,48.430267487 -92.494285597,48.435909248 -92.507477504,48.4479871280001 -92.515033186,48.4483176780001 -92.5369613829999,48.447745416 -92.576551163,48.4406036920001 -92.656230476,48.436481396</coordinates></LineString></MultiGeometry>
  </Placemark>
  <Placemark>
	<Style><LineStyle><color>ff0000ff</color></LineStyle><PolyStyle><fill>0</fill></PolyStyle></Style>
	<ExtendedData><SchemaData schemaUrl="#Canada_and_US_Border">
		<SimpleData name="FID">19</SimpleData>
		<SimpleData name="SectionNum">18</SimpleData>
		<SimpleData name="SectionEng">Rainy River and Lake of the Woods</SimpleData>
		<SimpleData name="SectionFre">Rivière à la Pluie et lac des Bois</SimpleData>
		<SimpleData name="MaxScale">1:62,500</SimpleData>
		<SimpleData name="Shape_Leng">3.55368381834</SimpleData>
		<SimpleData name="GlobalID">{6F9BA965-7070-4146-81EB-F311904E266F}</SimpleData>
		<SimpleData name="SHAPE_Length">3.55368472929073</SimpleData>
	</SchemaData></ExtendedData>
      <MultiGeometry><LineString><coordinates>-92.656230476,48.436481396 -92.663519389,48.4400397150001 -92.688124877,48.4437148150001 -92.712690917,48.4629898950001 -92.708529567,48.470320407 -92.709262818,48.4728731870001 -92.701193007,48.484673109 -92.698684349,48.49484807 -92.6857648549999,48.4974063220001 -92.6614759779999,48.496317334 -92.6541062159999,48.5016951640001 -92.647028474,48.4998756950001 -92.640053402,48.4998534850001 -92.638645061,48.499517376 -92.63710893,48.4993368250001 -92.6306560089999,48.5007813060001 -92.627019709,48.5032813670001 -92.6296668099999,48.505736977 -92.631922321,48.506723107 -92.63125834,48.5081675870001 -92.63088049,48.509145387 -92.6287526099999,48.5105426380001 -92.62810259,48.510759308 -92.62508299,48.5129176890001 -92.62650797,48.5134176980001 -92.6269329309999,48.5141649390001 -92.625532691,48.5178983480001 -92.628215783,48.522209559 -92.634895108,48.542565611 -92.657853264,48.546226989 -92.7284193849999,48.5393809930001 -92.894511994,48.5949898580001 -92.91007565,48.596395988 -92.929563517,48.606938858 -92.950015623,48.608356606 -92.949800637,48.6303377690001 -92.954797658,48.631549158 -92.9845833259999,48.623828195 -93.0903454579999,48.627784047 -93.178386344,48.62326713 -93.184014087,48.6281924100001 -93.2075391559999,48.6425128910001 -93.25466241,48.642822767 -93.348674205,48.6264613170001 -93.3533607749999,48.6149447160001 -93.3526996749999,48.613491895 -93.355088694,48.611405855 -93.3619971969999,48.6140338650001 -93.367289188,48.608120114 -93.371464389,48.6058619030001 -93.3837342419999,48.605962301 -93.395384685,48.6038043410001 -93.398643116,48.6044127810001 -93.4013708969999,48.6078101100001 -93.402959848,48.60766849 -93.403498699,48.609979631 -93.405673769,48.6098352600001 -93.414418602,48.6063272000001 -93.415293651,48.6052661100001 -93.4193132729999,48.6035690090001 -93.422677283,48.6031829980001 -93.4298470539999,48.599663778 -93.434791756,48.5953805870001 -93.439847517,48.5936918560001 -93.4547424799999,48.5926256650001 -93.4627149629999,48.592698134 -93.465476184,48.5916426740001 -93.465634554,48.589970453 -93.467179084,48.588412164 -93.4619263989999,48.5730980210001 -93.457545808,48.567139501 -93.457687586,48.55973112 -93.4596960759999,48.553681139 -93.462582346,48.5497423090001 -93.467388096,48.5464590970001 -93.4854886909999,48.5432374160001 -93.495300114,48.5425210550001 -93.501103095,48.541335105 -93.517164959,48.5347964430001 -93.526923712,48.5340216110001 -93.536624144,48.53189954 -93.542513296,48.5299885200001 -93.547705188,48.529349719 -93.560269591,48.529649949 -93.5762064049999,48.5270002170001 -93.581048267,48.527094747 -93.5901402709999,48.5304060660001 -93.596279452,48.5286283950001 -93.605185453,48.523089644 -93.6122663149999,48.5224064430001 -93.616680377,48.5237065540001 -93.621194418,48.5263622240001 -93.62568621,48.531442934 -93.628466872,48.531881894 -93.631186443,48.5312708230001 -93.6357727929999,48.528420892 -93.639539703,48.521784762 -93.6433676839999,48.5189653510001 -93.647323425,48.51767375 -93.659321168,48.5164211800001 -93.677852534,48.5168080380001 -93.686614046,48.515400157 -93.693047667,48.515200496 -93.706112102,48.5181151350001 -93.710859534,48.518557065 -93.720615536,48.5176047950001 -93.73103265,48.518430364 -93.739071902,48.518483573 -93.753503205,48.5157427620001 -93.7617509579999,48.516568491 -93.76800693,48.5163079110001 -93.787999916,48.5158568300001 -93.793375257,48.5163184290001 -93.803031351,48.521972459 -93.811131835,48.524656769 -93.816165427,48.528502039 -93.818498857,48.531421988 -93.8180181989999,48.5349139200001 -93.8109954179999,48.5409331000001 -93.810259198,48.544430531 -93.812003649,48.5502979010001 -93.808056059,48.556856253 -93.8051779689999,48.5643786530001 -93.804166691,48.570220615 -93.8063583319999,48.579516106 -93.813094706,48.5879756670001 -93.817525379,48.5969787770001 -93.8214365219999,48.6091704890001 -93.824517203,48.613001319 -93.829306296,48.6176156600001 -93.833453629,48.6256019300001 -93.83651764,48.62756919 -93.844359662,48.630229199 -93.8480542839999,48.630760589 -93.8698915099999,48.6310962270001 -93.875736242,48.6318364480001 -93.8844200249999,48.6317273770001 -93.8949011079999,48.632365915 -93.9057377519999,48.6345628650001 -93.913495364,48.6352355240001 -93.916966954,48.632862994 -93.93407192,48.6326355830001 -93.953025025,48.634135111 -93.959697249,48.6371798320001 -93.96801901,48.638440141 -93.977777804,48.6384821300001 -93.984093086,48.64011186 -93.9897094569999,48.6405110490001 -94.0007660919999,48.6428284890001 -94.006965533,48.643291069 -94.0295592589999,48.6408858360001 -94.035625631,48.6410478760001 -94.0432496029999,48.643468066 -94.052525417,48.644005285 -94.060303359,48.6431029440001 -94.06428898,48.6437252540001 -94.065885161,48.646153434 -94.0714603929999,48.645893873 -94.076746744,48.644177373 -94.084997156,48.6440736920001 -94.0912725479999,48.6436594420001 -94.099946061,48.6458670420001 -94.110026154,48.6442756100001 -94.126079058,48.64434721 -94.139166462,48.645998408 -94.152221706,48.6455001670001 -94.157495078,48.6457337470001 -94.1678356309999,48.6481526060001 -94.188651147,48.6503869650001 -94.199670351,48.650947224 -94.214496205,48.6493438630001 -94.224213118,48.6494652320001 -94.233556871,48.6523099520001 -94.244524375,48.653469672 -94.2468011449999,48.6541816210001 -94.250957667,48.656907501 -94.25467632,48.6614481710001 -94.2548467999999,48.6639762620001 -94.253069631,48.669257143 -94.250749341,48.6781288940001 -94.251443712,48.683620385 -94.252977894,48.6863510040001 -94.258092495,48.691717295 -94.261098657,48.696604645 -94.264502948,48.698997805 -94.2745765019999,48.6998763350001 -94.282938476,48.705625194 -94.2912041289999,48.7078195440001 -94.308826644,48.7102801930001 -94.328758878,48.7044651910001 -94.343147404,48.7034129790001 -94.3533504059999,48.704121829 -94.368800872,48.7064802680001 -94.3801916149999,48.7110089180001 -94.384082346,48.7118287380001 -94.388973428,48.711950507 -94.406034593,48.710489475 -94.415839526,48.710980255 -94.418923046,48.7102556040001 -94.421384616,48.7085873140001 -94.4241715369999,48.7052806730001 -94.438839059,48.6948362110001 -94.446596781,48.6929252800001 -94.452388533,48.692408759 -94.4568818239999,48.693270559 -94.463181576,48.69520743 -94.470671979,48.696591819 -94.486394524,48.6979250480001 -94.499614728,48.697972346 -94.5093248109999,48.700510926 -94.5174026729999,48.7007074750001 -94.5247726859999,48.701564584 -94.532958068,48.7012250240001 -94.53852548,48.702710154 -94.5457484839999,48.7124007350001 -94.5490438049999,48.714750844 -94.5558479269999,48.7162446140001 -94.568554881,48.715531523 -94.5876597769999,48.717586392 -94.5913909779999,48.7196148520001 -94.596302081,48.724759492 -94.601202153,48.7282207820001 -94.6106496469999,48.731804412 -94.61916923,48.737271392 -94.630180753,48.7389967010001 -94.641295047,48.7412248110001 -94.645375649,48.744024971 -94.64538375,48.7490750810001 -94.652031143,48.756153311 -94.660325877,48.7604175920001 -94.6672066,48.766179122 -94.676865253,48.7716601320001 -94.6870906359999,48.775146621 -94.690910198,48.778007932 -94.694410141,48.7894529320001 -94.6959933539999,48.799653393 -94.695132026,48.809162105 -94.704301591,48.824224036 -94.702018011,48.831832637 -94.697517891,48.835496618 -94.685592588,48.8400577300001 -94.6930713519999,48.8534253400001 -94.690221714,48.8635619720001 -94.6924054149999,48.8690234530001 -94.6843052039999,48.8723595540001 -94.683466847,48.884129655 -94.749657704,49.0987478660001 -94.772792685,49.1205146080001 -94.797984867,49.197867785 -94.7973352499999,49.2143539570001 -94.825543594,49.294362564 -94.824360486,49.3089598170001 -94.816271506,49.3214070280001 -94.836411272,49.324284907 -94.854064797,49.324348935 -94.8782854469999,49.3333769540001 -94.9065284979999,49.348382664 -94.90911197,49.3501521140001 -94.952077905,49.368740863 -94.957403147,49.370207513 -94.974303822,49.367715821 -94.989007225,49.3689491200001 -95.014208012,49.3564851470001 -95.049531311,49.3531210630001 -95.058312154,49.353262672 -95.0897771149999,49.361193031 -95.103146989,49.3635345910001 -95.1032053489999,49.3651234800001 -95.1098139009999,49.36639287 -95.115944653,49.36660671 -95.128722888,49.3704593890001 -95.132745299,49.3735843590001 -95.139792802,49.376128749 -95.141909593,49.3783231790001 -95.1450708039999,49.378312049 -95.1467181249999,49.380134259 -95.149818236,49.3806592380001 -95.150318307,49.3829981280001 -95.153404558,49.384486989 -95.153398836,49.3775758670001</coordinates></LineString></MultiGeometry>
  </Placemark>
  <Placemark>
	<Style><LineStyle><color>ff0000ff</color></LineStyle><PolyStyle><fill>0</fill></PolyStyle></Style>
	<ExtendedData><SchemaData schemaUrl="#Canada_and_US_Border">
		<SimpleData name="FID">20</SimpleData>
		<SimpleData name="SectionNum">19</SimpleData>
		<SimpleData name="SectionEng">The Meridian and 49th Parallel Boundary, Manitoba-Minnesota</SimpleData>
		<SimpleData name="SectionFre">Le méridien et le 49ième parallèle, Manitoba-Minnesota</SimpleData>
		<SimpleData name="MaxScale">1:62,500</SimpleData>
		<SimpleData name="Shape_Leng">2.50913362387</SimpleData>
		<SimpleData name="GlobalID">{2392A25E-FE40-41F1-BEFC-9873361D3C19}</SimpleData>
		<SimpleData name="SHAPE_Length">2.50913428297105</SimpleData>
	</SchemaData></ExtendedData>
      <MultiGeometry><LineString><coordinates>-95.153398836,49.3775758670001 -95.153395884,49.3704480870001 -95.153392943,49.3635730760001 -95.153384221,49.347553604 -95.153372406,49.3233924210001 -95.153363482,49.3071728790001 -95.153362799,49.2882533270001 -95.153342685,49.2696532250001 -95.1533307509999,49.2471419820001 -95.153321738,49.2307224300001 -95.1533126849999,49.213016757 -95.1533036709999,49.1965222050001 -95.153295239,49.1806359940001 -95.153200394,48.998877652 -95.285274563,48.9988767500001 -95.328679175,48.9989434170001 -95.3513330119999,48.9989795050001 -95.3753563989999,48.9990155830001 -95.376562849,48.9990183530001 -95.3953568049999,48.9990455510001 -95.424537763,48.9990905500001 -95.450821321,48.999129817 -95.4834522099999,48.999179935 -95.51651371,48.999232282 -95.54954552,48.9992854590001 -95.585036961,48.9993413660001 -95.620598851,48.9993978730001 -95.640159366,48.9994197020001 -95.659711822,48.9994415400001 -95.665423324,48.9994536400001 -95.706701456,48.9995187160001 -95.747947328,48.9995812930001 -95.758775101,48.9995977630001 -95.783319978,48.9996315400001 -95.818473448,48.9996815470001 -95.855081889,48.9997382940001 -95.883097896,48.999777432 -95.9225817179999,48.999832859 -95.9464825049999,48.999875257 -95.9755405339999,48.9999117940001 -95.9776961439999,48.9999148040001 -95.978508454,48.999915894 -96.0046065719999,48.999948342 -96.026019288,48.9999546710001 -96.048054814,48.999958769 -96.070028661,48.999967037 -96.091993637,48.999970595 -96.113996974,48.999982763 -96.158004186,48.9999962790001 -96.180087323,49.0000042780001 -96.2021135589999,49.000008956 -96.2257215559999,49.000021684 -96.2461804819999,49.0000244220001 -96.2698346079999,49.0000382900001 -96.290280224,49.000043829 -96.3139010309999,49.0000521470001 -96.334343866,49.0000576950001 -96.357978504,49.0000632430001 -96.3783740599999,49.0000699010001 -96.401997587,49.0000798990001 -96.422418132,49.000088228 -96.446022149,49.000096555 -96.44918064,49.0000993360001 -96.44963344,49.0000993260001 -96.466462104,49.0001048840001 -96.490080002,49.000110432 -96.5123561789999,49.0001299100001 -96.534307355,49.000149418 -96.5563502109999,49.0001328070001 -96.5784458369999,49.000138425 -96.600505384,49.0001467930001 -96.622589949,49.000146821 -96.644596726,49.000155179 -96.666536842,49.0001607570001 -96.688632529,49.0001718660001 -96.710758765,49.000174644 -96.7327155519999,49.0001801920001 -96.754791768,49.0001885400001 -96.776823414,49.0001969480001 -96.798860621,49.000194246 -96.8005374209999,49.0001957960001 -96.8024003419999,49.000197476 -96.820906146,49.0002137640001 -96.842912753,49.0002360730001 -96.864952639,49.0002445210001 -96.886984185,49.000261288 -96.909026852,49.000269727 -96.931055568,49.0002783950001 -96.953103695,49.000292733 -96.975137941,49.0003042910001 -96.9971832959999,49.0003353000001 -97.019228863,49.000327198 -97.0412828,49.000341286 -97.063320066,49.000352594 -97.085348972,49.0003694530001 -97.107391338,49.00039459 -97.129439275,49.000400278 -97.15147331,49.000414307 -97.173926937,49.0004256350001 -97.195558584,49.0004426730001 -97.206914716,49.0004484230001 -97.2078147569999,49.000448442 -97.217584699,49.0004541610001 -97.234835575,49.0004655800001 -97.237632935,49.0004683990001 -97.239616366,49.0004684400001 -97.261631423,49.000471557 -97.283635418,49.000474635</coordinates></LineString></MultiGeometry>
  </Placemark>
  <Placemark>
	<Style><LineStyle><color>ff0000ff</color></LineStyle><PolyStyle><fill>0</fill></PolyStyle></Style>
	<ExtendedData><SchemaData schemaUrl="#Canada_and_US_Border">
		<SimpleData name="FID">21</SimpleData>
		<SimpleData name="SectionNum">20</SimpleData>
		<SimpleData name="SectionEng">The 49th Parallel Boundary, Manitoba-North Dakota</SimpleData>
		<SimpleData name="SectionFre">Le 49ième parallèle, Manitoba-North Dakota</SimpleData>
		<SimpleData name="MaxScale">1:62,500</SimpleData>
		<SimpleData name="Shape_Leng">4.01870569109</SimpleData>
		<SimpleData name="GlobalID">{25B5EE2E-CF15-4264-875F-E7F728D8C5E5}</SimpleData>
		<SimpleData name="SHAPE_Length">4.01870680016679</SimpleData>
	</SchemaData></ExtendedData>
      <MultiGeometry><LineString><coordinates>-97.283635418,49.000474635 -97.305636635,49.000494384 -97.327637851,49.000480802 -97.3496390669999,49.000486741 -97.371670834,49.000478828 -97.393705389,49.000495916 -97.415753826,49.0005018950001 -97.437788282,49.0005048030001 -97.459822738,49.00051046 -97.4818294149999,49.0005161290001 -97.5038415509999,49.0005218270001 -97.525858767,49.000524935 -97.5478815339999,49.000533594 -97.557328986,49.000536513 -97.56993764,49.000536701 -97.591963166,49.0005453800001 -97.6140108819999,49.000548537 -97.636069708,49.0005600360001 -97.658134084,49.0005604140001 -97.680209691,49.0005691320001 -97.7020603669999,49.000569501 -97.724080484,49.000555988 -97.744878348,49.0005480070001 -97.768160165,49.000539894 -97.790169862,49.0005289520001 -97.814326909,49.000520791 -97.834247584,49.0005098190001 -97.85645182,49.000501467 -97.878350476,49.000493105 -97.900429703,49.0004875340001 -97.908416335,49.000481963 -97.908802475,49.000481963 -97.9225254089999,49.0004736810001 -97.943995565,49.00046833 -97.966610202,49.0004491180001 -97.988749818,49.0004493260001 -98.010634064,49.000444004 -98.032249069,49.0004192420001 -98.054694677,49.0004083800001 -98.0767374819999,49.0003836280001 -98.098699579,49.0003644070001 -98.1207143949999,49.000339625 -98.1427764219999,49.000320393 -98.1647884559999,49.000301161 -98.186792243,49.0002597390001 -98.2106433289999,49.0002738960001 -98.246433869,49.0002826240001 -98.255431453,49.000277172 -98.274740478,49.0002774110001 -98.296805164,49.00028323 -98.318828181,49.0002668280001 -98.340923426,49.0002559650001 -98.362960363,49.0002478540001 -98.364271523,49.000247863 -98.364790993,49.000247873 -98.365249343,49.000247873 -98.3849917479999,49.000239741 -98.407020345,49.0002371800001 -98.4290961309999,49.000223518 -98.4511302069999,49.000220966 -98.472903163,49.000212854 -98.494692779,49.000207522 -98.517004645,49.0001993610001 -98.5390359419999,49.000196739 -98.5611200179999,49.0001857870001 -98.583184654,49.000180384 -98.60524911,49.000177782 -98.627283006,49.0001668510001 -98.649278023,49.0001531390001 -98.670709148,49.0001505370001 -98.6937849349999,49.0001423750001 -98.6948683049999,49.0001423840001 -98.715507901,49.0001369840001 -98.737528087,49.0001288110001 -98.760498193,49.0001178800001 -98.781684779,49.0001096980001 -98.803746385,49.000101516 -98.825796882,49.000096124 -98.8478721979999,49.000087971 -98.869950204,49.0000826090001 -98.8920337599999,49.000077247 -98.914053436,49.000066336 -98.934920242,49.000044314 -98.936073022,49.000044324 -98.938367483,49.0000415640001 -98.958131488,49.000025092 -98.9801788349999,48.9999892000001 -99.00224009,48.999964408 -99.010259623,48.9999589170001 -99.0250570059999,48.999942366 -99.047087813,48.9999175340001 -99.050218404,48.9999147840001 -99.071343639,48.9998927330001 -99.095196646,48.9998678800001 -99.125938575,48.9998291480001 -99.162291655,48.9997876640001 -99.178342029,48.999768353 -99.203384425,48.999746391 -99.225318392,48.999727159 -99.246796799,48.9997051570001 -99.271825705,48.9996803350001 -99.296379641,48.999652713 -99.321503059,48.9996251000001 -99.32823948,48.99960292 -99.346529115,48.9995891280001 -99.36259639,48.9995725460001 -99.394447578,48.999542144 -99.424343087,48.9995145510001 -99.453193905,48.9994870400001 -99.481433602,48.999459517 -99.5096286409999,48.999434754 -99.540720469,48.999404381 -99.560701124,48.9993850490001 -99.5855318009999,48.9993629670001 -99.618456841,48.9993323750001 -99.658559661,48.9992962210001 -99.659126321,48.9992962210001 -99.6986318519999,48.999257368 -99.735606812,48.9992213040001 -99.7569566179999,48.9992018520001 -99.779078215,48.9991822910001 -99.818404895,48.9991987670001 -99.845179252,48.9992069640001 -99.87335928,48.9992179020001 -99.9051503479999,48.9992288290001 -99.931799896,48.9992369770001 -99.9775158579999,48.999250513 -99.9968905539999,48.999253131 -100.027799542,48.9992672280001 -100.052155739,48.999275766 -100.052569639,48.999275766 -100.067672814,48.999278675 -100.109754505,48.9992900610001 -100.137560813,48.9992957680001 -100.174828502,48.9993043150001 -100.197176319,48.9993072330001 -100.243102541,48.999310279 -100.261886536,48.999318938 -100.305557739,48.9993339040001 -100.330517085,48.9993345120001 -100.351701281,48.9993351000001 -100.366885235,48.999341089 -100.405884045,48.999358865 -100.430004502,48.9993706330001 -100.470878493,48.999377279 -100.512963244,48.9993949350001 -100.526724498,48.999400714 -100.555827596,48.999412282 -100.556308156,48.999412292 -100.557199826,48.9994123110001 -100.583744564,48.999423839 -100.613170052,48.999435057 -100.64275388,48.999446274 -100.684768102,48.99946577 -100.726784563,48.9994879160001 -100.7535206,48.999499004 -100.780207047,48.9995102720001 -100.817332517,48.999527169 -100.854193736,48.9995412050001 -100.883404705,48.9995607120001 -100.912204562,48.9995774390001 -100.935896129,48.999577468 -100.971954308,48.999580284 -101.005201377,48.9995691710001 -101.017299341,48.9996068900001 -101.018205721,48.9996066100001 -101.037795566,48.999557898 -101.069186984,48.999549416 -101.103909334,48.999538252 -101.139934763,48.999527179 -101.170043472,48.999518896 -101.206202502,48.9995052720001 -101.236258629,48.999497171 -101.268962338,48.9994919980001 -101.302341297,48.9994869550001</coordinates></LineString></MultiGeometry>
  </Placemark>
  <Placemark>
	<Style><LineStyle><color>ff0000ff</color></LineStyle><PolyStyle><fill>0</fill></PolyStyle></Style>
	<ExtendedData><SchemaData schemaUrl="#Canada_and_US_Border">
		<SimpleData name="FID">22</SimpleData>
		<SimpleData name="SectionNum">21</SimpleData>
		<SimpleData name="SectionEng">The 49th Parallel Boundary, Prairie Section</SimpleData>
		<SimpleData name="SectionFre">Le 49ième parallèle, section des Prairies</SimpleData>
		<SimpleData name="MaxScale">1:62,500</SimpleData>
		<SimpleData name="Shape_Leng">12.1303025265</SimpleData>
		<SimpleData name="GlobalID">{34022DE1-99F9-4591-8467-9E35E7B31B2D}</SimpleData>
		<SimpleData name="SHAPE_Length">12.1303054382597</SimpleData>
	</SchemaData></ExtendedData>
      <MultiGeometry><LineString><coordinates>-101.302341297,48.9994869550001 -101.335242466,48.999484651 -101.362029564,48.999481959 -101.368452025,48.9994819780001 -101.398405892,48.9994792950001 -101.434649853,48.999479163 -101.456703919,48.999478921 -101.482113325,48.999475868 -101.506139771,48.9994451260001 -101.529442177,48.999417394 -101.558522265,48.9993813310001 -101.588146954,48.999348008 -101.617078171,48.999314515 -101.627556184,48.999303345 -101.628225644,48.999303335 -101.647409408,48.9992810030001 -101.673046006,48.9992530700001 -101.698446173,48.9992250980001 -101.725713009,48.9991971160001 -101.754302097,48.999166383 -101.784305175,48.9991330610001 -101.810538762,48.9991080780001 -101.836091759,48.999083096 -101.856700075,48.999069234 -101.898650036,48.99904151 -101.931442294,48.9989831870001 -101.956651701,48.998935955 -101.980811067,48.9988859430001 -102.012437226,48.9988803900001 -102.046927035,48.9988748870001 -102.076105582,48.9988666040001 -102.113142123,48.99886107 -102.146922921,48.998855528 -102.180723351,48.998850265 -102.208385027,48.998848062 -102.219121361,48.9988455110001 -102.245321907,48.998843289 -102.274763306,48.9988387660001 -102.275571625,48.998838796 -102.280807657,48.998836215 -102.314793255,48.998831942 -102.347773385,48.998827589 -102.377539752,48.998825836 -102.414656052,48.998821553 -102.456559213,48.998820089 -102.487659541,48.998862726 -102.52363264,48.998913413 -102.550445447,48.998949301 -102.594687569,48.9990055160001 -102.631410548,48.999048573 -102.658527765,48.9990825100001 -102.686614713,48.999118997 -102.713882291,48.999155365 -102.74819455,48.9991834620001 -102.779884448,48.9992086390001 -102.799154493,48.999236528 -102.82839709,48.9992755640001 -102.850642117,48.9992922530001 -102.883367924,48.9992977890001 -102.909996371,48.9993033270001 -102.946903242,48.9993199830001 -102.98116845,48.9993366400001 -103.004385996,48.999344998 -103.005166587,48.999344998 -103.01628366,48.999347857 -103.052587759,48.999362014 -103.09450034,48.99936509 -103.130801479,48.9993680960001 -103.164441429,48.9993933040001 -103.203206318,48.9994240400001 -103.229512545,48.9994130370001 -103.260141033,48.999399145 -103.283910919,48.9993878120001 -103.314589257,48.999376409 -103.350556566,48.9993650070001 -103.380890405,48.999353694 -103.415635423,48.9993423500001 -103.453200093,48.9993256160001 -103.486567471,48.9993116740001 -103.487056372,48.9993116730001 -103.492406482,48.999308883 -103.515907108,48.999300561 -103.540966195,48.999289468 -103.567269762,48.9992811650001 -103.59929873,48.999264313 -103.628097228,48.9993083800001 -103.655631794,48.9993441280001 -103.684366372,48.9993882750001 -103.71240923,48.999429702 -103.734968515,48.9994600700001 -103.772717265,48.999515177 -103.809263124,48.9995646630001 -103.809688144,48.999564653 -103.813579956,48.999570153 -103.851136995,48.9996196390001 -103.893352575,48.9996774150001 -103.933117887,48.9997324810001 -103.973416297,48.9997903780001 -104.000244854,48.9998317660001 -104.017448407,48.9998594140001 -104.048694255,48.999906411 -104.071078602,48.9999395890001 -104.111566552,48.9999976350001 -104.137348288,48.9999502320001 -104.170733147,48.9998861290001 -104.195070343,48.9998443870001 -104.22315493,48.9997970840001 -104.246428197,48.9997553420001 -104.271490522,48.9997138300001 -104.292458208,48.9996778770001 -104.331949028,48.999611514 -104.365972866,48.999553421 -104.394754784,48.9995036280001 -104.426447932,48.999448295 -104.4544464,48.9994040830001 -104.479469745,48.9993598400001 -104.50199574,48.999326678 -104.544125271,48.9992544030001 -104.566925108,48.9992179910001 -104.574344309,48.999206031 -104.5747921,48.999205481 -104.597690616,48.999165459 -104.629687354,48.9991126560001 -104.652838419,48.9990709730001 -104.685042557,48.9990179910001 -104.722352367,48.999039807 -104.748614524,48.9990534140001 -104.763992917,48.999064413 -104.805147348,48.9990918890001 -104.838315337,48.9991082860001 -104.875208375,48.999127222 -104.915126535,48.9991544590001 -104.958103256,48.999184325 -104.995460315,48.999211501 -105.019455871,48.999219538 -105.05133241,48.9992302860001 -105.079850437,48.9992438530001 -105.119515966,48.9992634290001 -105.147366254,48.999274676 -105.162118798,48.999288644 -105.162480198,48.9992889150001 -105.184189423,48.9993064330001 -105.224298003,48.9993414190001 -105.231101054,48.9993469680001 -105.264927243,48.999383085 -105.297808692,48.9994220020001 -105.33245685,48.9994525880001 -105.367652569,48.999491446 -105.402521078,48.999526702 -105.407649329,48.9995325310001 -105.408007109,48.9995328110001 -105.433746965,48.9995574590001 -105.462967993,48.9995829060001 -105.487977689,48.9996078130001 -105.518401777,48.9996383010001 -105.560824027,48.9996771460001 -105.584986724,48.9996993440001 -105.609251719,48.9997300220001 -105.647800699,48.999771878 -105.682760657,48.9998053950001 -105.713081535,48.999833332 -105.746344214,48.999802958 -105.779176011,48.999772465 -105.81459674,48.999739182 -105.844936748,48.9997170290001 -105.877571296,48.999689346 -105.911364234,48.9996561130001 -105.945232312,48.9996285190001 -105.946262913,48.9996285290001 -105.97740868,48.999600946 -106.011376738,48.999567723 -106.043530707,48.99953986 -106.073442924,48.9995147760001 -106.105502402,48.9994896440001 -106.140923071,48.9994561400001 -106.175793709,48.999419867 -106.202552896,48.999397484 -106.229434312,48.9993723320001 -106.273113293,48.999422128 -106.29908334,48.999449795 -106.323828366,48.999483023 -106.362504276,48.999518869 -106.377590739,48.999538187 -106.378351869,48.9995409680001 -106.408674806,48.999574054 -106.444828706,48.999601371 -106.483877235,48.9996313670001 -106.518156694,48.9996528830001 -106.54271659,48.9997161110001 -106.574038037,48.999787488 -106.609152445,48.999868285 -106.646435604,48.9998718210001 -106.671993801,48.999872128 -106.703746299,48.9998796950001 -106.729987735,48.9999068430001 -106.758591242,48.99994294 -106.794256421,48.999986747 -106.819631547,48.9999882640001 -106.855959096,48.999994191 -106.884413053,49.0000046580001 -106.915500451,49.0000178440001 -106.95288397,49.0000233120001 -106.985750527,49.0000315980001 -107.027339337,49.000039454 -107.066283167,49.00004711 -107.114018928,49.0000599050001 -107.145214876,49.0000701920001 -107.175516063,49.00007771 -107.220241764,49.0000902840001 -107.253700322,49.000081171 -107.285250499,49.0000823490001 -107.322272448,49.0000976150001 -107.361526217,49.000114291 -107.388819845,48.9997388580001 -107.41555787,48.999368985 -107.441579958,48.999399033 -107.467613214,48.99942908 -107.4949855,48.999461878 -107.526835858,48.9994949050001 -107.557658296,48.999530781 -107.596317204,48.999572297 -107.627049772,48.9996112840001 -107.657907339,48.999644722 -107.688820187,48.9996838480001 -107.717380023,48.9997257860001 -107.732350247,48.9997481440001 -107.759965813,48.9997816310001 -107.780628508,48.9998065890001 -107.820100988,48.999795395 -107.83190189,48.999792594 -107.83237693,48.999792594 -107.846631104,48.9997871140001 -107.886129514,48.9997734790001 -107.912709959,48.999765316 -107.949130659,48.999753512 -107.978723045,48.999741729 -108.011132114,48.999724337 -108.044752151,48.999709733 -108.077033278,48.99969516 -108.110364946,48.999680717 -108.142366155,48.999671903 -108.176709323,48.9996630700001 -108.204505399,48.9996571770001 -108.237296217,48.9996484440001 -108.281457347,48.99962012 -108.315012305,48.9996002560001 -108.351878514,48.9995609920001 -108.387661262,48.9995245980001 -108.387936273,48.9995245980001 -108.423955091,48.9994882350001 -108.442353286,48.999490963 -108.474491103,48.99949644 -108.502995389,48.9994796870001 -108.523799234,48.9994656150001 -108.555970322,48.999445892 -108.597319672,48.999420598 -108.625268369,48.999401075 -108.661650837,48.9993704010001 -108.690738353,48.999348028 -108.727259512,48.999320045 -108.757319109,48.9992976720001 -108.783728106,48.9992753990001 -108.809937102,48.9992642460001 -108.835504407,48.999250304 -108.869921975,48.9993167900001 -108.903531193,48.9993832870001 -108.9307319,48.9994359140001 -108.961660456,48.9994940610001 -108.997366925,48.999566058 -109.032076703,48.9996351340001 -109.055683279,48.9996821020001 -109.092093317,48.999751218 -109.131078957,48.9998344540001 -109.168272825,48.9999093710001 -109.19202405,48.999962318 -109.211194495,49.000001336 -109.241823862,49.0000682130001 -109.2783476,49.000143569 -109.302070716,49.000204937 -109.332507983,49.0002858230001 -109.365415101,49.0003747310001 -109.392027486,49.0004052780001 -109.420637233,49.000435785 -109.44547492,49.0003993230001 -109.460892563,49.0003768810001 -109.49350296,49.0003319680001 -109.516321105,49.000298216 -109.547742623,49.000247583 -109.58115872,49.0001941190001 -109.62288866,49.0001352140001 -109.648703855,49.0000932020001 -109.674110662,49.0000512400001 -109.714134711,48.9999898550001 -109.731354945,48.999970283 -109.731699405,48.999970283 -109.756172721,48.9999368310001 -109.780051485,48.9999063280001 -109.808369322,48.9998730560001 -109.845865301,48.9998315020001 -109.88388904,48.999784467 -109.911854055,48.9997512750001 -109.943233134,48.999698902 -109.977723461,48.9996438580001 -110.000882756,48.9996219760001 -110.043609406,48.999583811 -110.079891355,48.999537208 -110.109484011,48.999498685 -110.14871863,48.9994491510001 -110.19170893,48.999399366 -110.215084695,48.999366034 -110.216420855,48.9993632540001 -110.227504547,48.999346593 -110.257847384,48.99930485 -110.286501761,48.9992600570001 -110.32608453,48.999198483 -110.353330486,48.9991566200001 -110.382148763,48.999114816 -110.422581602,48.9990590420001 -110.447919297,48.9990227000001 -110.492149828,48.9989639460001 -110.514167952,48.9989331030001 -110.558387662,48.9988740790001 -110.581553138,48.9988431670001 -110.619136536,48.9987899020001 -110.648469312,48.9987478690001 -110.683921841,48.9987002770001 -110.717004568,48.9986527820001 -110.747914925,48.9986080890001 -110.783924273,48.998508316 -110.826197533,48.9983864210001 -110.854387398,48.9982672880001 -110.880143944,48.9981620560001 -110.925028924,48.9980847910001 -110.946598969,48.998048838 -110.975774786,48.9979657060001 -111.009656233,48.9978742420001 -111.042840301,48.9977826690001 -111.089588201,48.9976577040001 -111.107917945,48.9976101620001 -111.150024434,48.997503888 -111.180695971,48.9974199750001 -111.202337776,48.997369522 -111.238096334,48.997304888 -111.257927508,48.9972711660001 -111.259299829,48.9972683670001 -111.278437383,48.997234715 -111.319284902,48.997159029 -111.35682742,48.997089026 -111.383641496,48.9970358830001 -111.408266441,48.9969883310001 -111.44511942,48.996918657 -111.480355247,48.9968546540001 -111.521047106,48.9967791490001 -111.546210121,48.996734157 -111.575706789,48.996683514 -111.603614155,48.996818981 -111.636446702,48.9969793070001 -111.66963491,48.9971230040001 -111.702327246,48.9972646310001 -111.739539504,48.997428466 -111.769307421,48.997558944 -111.807279929,48.997725469 -111.832564375,48.997836487 -111.869167004,48.998014073 -111.894726339,48.998138941 -111.914651503,48.998219389 -111.94485754,48.998338555 -111.958746483,48.998390924 -111.969470375,48.9984349920001 -111.995368341,48.9985436310001 -112.023642437,48.998665697 -112.064119756,48.9986766230001 -112.100999473,48.9986846690001 -112.12943692,48.998687106 -112.159643896,48.998686734 -112.197659395,48.9986890490001 -112.238805524,48.9986940950001 -112.2685039,48.9986937420001 -112.298638356,48.998696169 -112.334342474,48.9986957450001 -112.353823938,48.9986928330001 -112.393267467,48.998700888 -112.439361457,48.9985476730001 -112.472443824,48.99866948 -112.494383909,48.9987525380001 -112.531230597,48.9987438140001 -112.564415994,48.9987379300001 -112.594048,48.9987210470001 -112.624620907,48.9987071140001 -112.657877204,48.9986848510001 -112.694322931,48.998662466 -112.725304729,48.9986261930001 -112.760211676,48.99858705 -112.788254482,48.998567226 -112.788485042,48.998567226 -112.791479613,48.9985644070001 -112.823203119,48.998544543 -112.855585216,48.9985248300001 -112.889478634,48.998505186 -112.923960931,48.998485493 -112.953003957,48.9985489900001 -112.990316805,48.998626265 -113.037687995,48.9985644610001 -113.064375011,48.998530728 -113.104970609,48.998482863 -113.141385337,48.99843781 -113.173274994,48.998390117 -113.208367681,48.9983344130001 -113.224365365,48.998309341 -113.260282732,48.998264777 -113.287346428,48.9982314540001 -113.315785114,48.9981925710001 -113.34611007,48.998150938 -113.378790867,48.9981065650001 -113.379129757,48.9981065650001 -113.388068709,48.998092694 -113.432627339,48.9980317100001</coordinates></LineString></MultiGeometry>
  </Placemark>
  <Placemark>
	<Style><LineStyle><color>ff0000ff</color></LineStyle><PolyStyle><fill>0</fill></PolyStyle></Style>
	<ExtendedData><SchemaData schemaUrl="#Canada_and_US_Border">
		<SimpleData name="FID">23</SimpleData>
		<SimpleData name="SectionNum">22</SimpleData>
		<SimpleData name="SectionEng">The 49th Parallel Boundary, Foothills to West Kootenay River</SimpleData>
		<SimpleData name="SectionFre">Le 49ième parallèle, Foothills à West Kootenay River</SimpleData>
		<SimpleData name="MaxScale">1:62,500</SimpleData>
		<SimpleData name="Shape_Leng">2.96423288466</SimpleData>
		<SimpleData name="GlobalID">{06590340-5B58-470C-9000-81AE92CCCA17}</SimpleData>
		<SimpleData name="SHAPE_Length">2.96423348609763</SimpleData>
	</SchemaData></ExtendedData>
      <MultiGeometry><LineString><coordinates>-113.432627339,48.9980317100001 -113.460771935,48.9980012560001 -113.494074881,48.997929152 -113.526935109,48.9978591890001 -113.567846357,48.9980555550001 -113.582472401,48.9981274730001 -113.609710406,48.9979797500001 -113.650940495,48.9977531550001 -113.660619506,48.997701035 -113.660885636,48.9976993650001 -113.694781223,48.9975094910001 -113.711114517,48.9975999690001 -113.769978989,48.997940403 -113.824933901,48.998233757 -113.871151731,48.998486203 -113.893047305,48.9986105610001 -113.905961668,48.998681898 -113.906053348,48.9986824590001 -113.938777785,48.9987184650001 -113.974979162,48.9987586120001 -114.042696707,48.9988386540001 -114.068192301,48.9988695710001 -114.129522074,48.9993945950001 -114.180276325,48.9998084690001 -114.200810319,48.9999753880001 -114.260403932,49.0004258010001 -114.321333964,49.0008523650001 -114.361938443,49.001115961 -114.368708195,49.0011131690001 -114.390242489,49.0011131570001 -114.415060264,49.0011131250001 -114.464101194,49.0010994090001 -114.478896257,49.0011022480001 -114.533520978,49.001019092 -114.574297946,49.000941448 -114.621213886,49.0008385420001 -114.671404876,49.000693857 -114.727062548,49.000521081 -114.759538634,49.0004068480001 -114.768733276,49.000406717 -114.796339431,49.0003591240001 -114.851062952,49.0002555680001 -114.879541548,49.000191225 -114.923162217,49.0000766200001 -114.972541207,48.9999283550001 -114.997627942,48.999844502 -115.055340794,48.999632175 -115.108872974,48.99964771 -115.166846957,48.999635353 -115.170299858,48.999635304 -115.193639342,48.9996396710001 -115.199133773,48.9996412900001 -115.228051899,48.9996455770001 -115.262567066,48.999639603 -115.297690724,48.999797689 -115.359626755,49.000047523 -115.411698686,49.000233817 -115.465037577,49.0003985110001 -115.518737317,49.0005410150001 -115.57767,49.000672389 -115.633753771,49.0007885630001 -115.645178812,49.000788432 -115.649181604,49.0007883810001 -115.655317735,49.0007883110001 -115.692714692,49.000853856 -115.72854202,49.000902463 -115.766708937,49.000942949 -115.799118383,49.000967325 -115.861473476,49.0009962990001 -115.893024752,49.0009952550001 -115.936846071,49.000979811 -115.972178218,49.000945116 -116.032444569,49.0008735700001 -116.062320666,49.0008337370001 -116.108869785,49.0007351020001 -116.138604431,49.000667578 -116.178136689,49.000569264 -116.178503368,49.000566474 -116.180928468,49.000566414 -116.181034029,49.000566414 -116.181511819,49.000566404 -116.182670199,49.0005663740001 -116.194167881,49.0005605530001 -116.213449195,49.00067678 -116.23725014,49.000842898 -116.277507168,49.000733923 -116.326842217,49.0005833280001 -116.348064762,49.0005107860001 -116.396840011,49.00032665</coordinates></LineString></MultiGeometry>
  </Placemark>
  <Placemark>
	<Style><LineStyle><color>ff0000ff</color></LineStyle><PolyStyle><fill>0</fill></PolyStyle></Style>
	<ExtendedData><SchemaData schemaUrl="#Canada_and_US_Border">
		<SimpleData name="FID">24</SimpleData>
		<SimpleData name="SectionNum">23</SimpleData>
		<SimpleData name="SectionEng">The 49th Parallel Boundary, West Kootenay to the Similkameen River</SimpleData>
		<SimpleData name="SectionFre">Le 49ième, West Kootenay à Similkameen River</SimpleData>
		<SimpleData name="MaxScale">1:62,500</SimpleData>
		<SimpleData name="Shape_Leng">3.64047239805</SimpleData>
		<SimpleData name="GlobalID">{E85FEFAF-C735-4A9D-B569-061DFF726ED3}</SimpleData>
		<SimpleData name="SHAPE_Length">3.64047307391061</SimpleData>
	</SchemaData></ExtendedData>
      <MultiGeometry><LineString><coordinates>-116.396840011,49.00032665 -116.439297019,49.0001596560001 -116.499245231,48.9998874890001 -116.576697736,48.999880471 -116.607351142,48.9998935180001 -116.651893001,48.999894962 -116.70045553,48.999879778 -116.727448305,48.999859664 -116.755368981,48.999833961 -116.788582057,48.999794218 -116.828417764,48.999729293 -116.888598536,48.999613196 -116.928858824,48.999517262 -116.991131265,48.9993456550001 -117.028785463,48.999219811 -117.072698071,48.9990606760001 -117.134913234,48.998811129 -117.151246846,48.9989437770001 -117.200342456,48.999309263 -117.245110314,48.999619717 -117.290123703,48.999916103 -117.299460325,48.999979812 -117.299796455,48.999982582 -117.300102025,48.999985361 -117.352018245,49.000322795 -117.354951656,49.000322655 -117.368785338,49.000316465 -117.390963683,49.000376552 -117.429203649,49.000469798 -117.508475505,49.0006172080001 -117.580269838,49.0007078310001 -117.627601627,49.0007425650001 -117.637508099,49.0007422640001 -117.657179373,49.0007055520001 -117.697480131,49.000670997 -117.737694708,49.0006031230001 -117.773446615,49.0005329090001 -117.831184585,49.000495793 -117.831542926,49.000495793 -117.831781826,49.0004957830001 -117.894148188,49.000419096 -117.933234975,49.000383561 -117.992126996,49.000301275 -118.039016234,49.00023373 -118.062540098,49.000205577 -118.095220164,49.000163623 -118.164205627,49.0000778960001 -118.17309792,49.000075016 -118.207603156,49.0000769810001 -118.223787639,49.00007938 -118.224079329,49.00007937 -118.224429359,49.00007936 -118.23041034,49.000079219 -118.247822683,49.0000704760001 -118.286836941,49.000058902 -118.325217857,49.0000779390001 -118.377281798,49.000074323 -118.38972406,49.0000491110001 -118.422878515,49.000076328 -118.452888712,49.0000980940001 -118.466995144,49.0000895530001 -118.493921809,49.00008081 -118.50297248,49.000079398 -118.50336674,49.0000806690001 -118.50359174,49.0000806690001 -118.50396952,49.0000806580001 -118.504936201,49.0000806480001 -118.526697654,49.0000803560001 -118.551178599,49.000074463 -118.588454216,49.0000795390001 -118.637830385,49.0000790330001 -118.66588105,49.00008153 -118.689345134,49.000069997 -118.707195268,49.0000807850001 -118.72181482,49.0000860850001 -118.734837132,49.0000858430001 -118.747339996,49.0000856120001 -118.759695888,49.0000884 -118.761182047,49.0000884200001 -118.77704373,49.0000885680001 -118.787507993,49.0000969970001 -118.803222435,49.000086035 -118.83436244,49.0000891120001 -118.880035939,49.0000835060001 -118.899313082,49.0001057040001 -118.910262726,49.0000945730001 -118.94265203,49.0000947290001 -118.957163543,49.0000975980001 -118.974069557,49.000092146 -119.016899504,49.0000840010001 -119.04712725,49.0000812380001 -119.074310284,49.0000895950001 -119.10132622,49.000098001 -119.128822475,49.000095339 -119.157549379,49.000089906 -119.183212004,49.0001455030001 -119.196051597,49.0000871610001 -119.224142012,49.000087158 -119.265602889,49.0000890540001 -119.311397987,49.0000973780001 -119.341425253,49.000098345 -119.38224785,49.0001042710001 -119.402916114,49.000097489 -119.428313508,49.000095065 -119.460103094,49.0000954020001 -119.461853204,49.0000958310001 -119.462481025,49.0000960720001 -119.505508982,49.0000964370001 -119.523473446,49.000112895 -119.580780846,49.000109438 -119.635812906,49.000106062 -119.654196738,49.0001114200001 -119.690606025,49.0001137360001 -119.701050746,49.0001163650001 -119.731095962,49.000115952 -119.757291097,49.0000850280001 -119.789275363,49.0000373450001 -119.842882522,48.9999365690001 -119.879305948,48.999855525 -119.937335638,48.9997019680001 -119.94533591,48.999679638 -119.980442636,48.9995680530001 -120.00252117,48.999495521 -120.024391614,48.999461738 -120.037303326,48.9994531360001</coordinates></LineString></MultiGeometry>
  </Placemark>
  <Placemark>
	<Style><LineStyle><color>ff0000ff</color></LineStyle><PolyStyle><fill>0</fill></PolyStyle></Style>
	<ExtendedData><SchemaData schemaUrl="#Canada_and_US_Border">
		<SimpleData name="FID">25</SimpleData>
		<SimpleData name="SectionNum">24</SimpleData>
		<SimpleData name="SectionEng">The 49th Parallel Boundary, Similkameen River to Columbia Valley</SimpleData>
		<SimpleData name="SectionFre">Le 49ième, Similkameen River à Columbia Valley</SimpleData>
		<SimpleData name="MaxScale">1:62,500</SimpleData>
		<SimpleData name="Shape_Leng">1.70379122267</SimpleData>
		<SimpleData name="GlobalID">{5E5F3726-C3D3-49D7-9FE1-075EBA66BDAC}</SimpleData>
		<SimpleData name="SHAPE_Length">1.70379151296648</SimpleData>
	</SchemaData></ExtendedData>
      <MultiGeometry><LineString><coordinates>-120.037303326,48.9994531360001 -120.058970989,48.9995443440001 -120.084577724,48.9996521510001 -120.142269575,48.999864965 -120.181854972,48.9999947700001 -120.22468785,49.0001244750001 -120.28351047,49.000273399 -120.325521056,49.0003615640001 -120.347605481,49.0004000420001 -120.40291642,49.0004850460001 -120.429475815,49.0005122430001 -120.482119104,49.0005525970001 -120.524920191,49.000568382 -120.551748535,49.000570689 -120.559495917,49.000573338 -120.596810654,49.0004254740001 -120.645239722,49.0002163390001 -120.669582056,49.0001048250001 -120.684599339,49.0001018140001 -120.699894402,49.0001349030001 -120.761624592,49.000228415 -120.802136999,49.00027513 -120.860799619,49.000310454 -120.910567178,49.000320828 -120.954400845,49.0003149630001 -121.000734433,49.000286938 -121.019477456,49.0002700160001 -121.061260563,49.0002252720001 -121.062638993,49.000222201 -121.094527379,49.000224518 -121.094965739,49.0002253480001 -121.154992389,49.0004485810001 -121.194269226,49.000584066 -121.251221415,49.0007831200001 -121.297603013,49.0009060140001 -121.301714223,49.0009002740001 -121.334862189,49.0009210000001 -121.378968057,49.0003261250001 -121.405123801,48.999956432 -121.415779433,48.999950771 -121.445044178,48.9998477080001 -121.474892322,48.999730744 -121.497304126,48.999638862 -121.523496531,48.999524729 -121.527007742,48.999519139 -121.566944958,48.999277094 -121.612993216,48.998985229 -121.630165759,48.998782427 -121.667791485,48.9982768130001 -121.741070736,48.9973099040001</coordinates></LineString></MultiGeometry>
  </Placemark>
  <Placemark>
	<Style><LineStyle><color>ff0000ff</color></LineStyle><PolyStyle><fill>0</fill></PolyStyle></Style>
	<ExtendedData><SchemaData schemaUrl="#Canada_and_US_Border">
		<SimpleData name="FID">26</SimpleData>
		<SimpleData name="SectionNum">25</SimpleData>
		<SimpleData name="SectionEng">The 49th Parallel Boundary, Columbia Valley to Pacific Ocean</SimpleData>
		<SimpleData name="SectionFre">Le 49ième, Columbia Valley à l’océan Pacifique</SimpleData>
		<SimpleData name="MaxScale">1:62,500</SimpleData>
		<SimpleData name="Shape_Leng">1.58122292225</SimpleData>
		<SimpleData name="GlobalID">{64EDAEE9-C29A-4F5D-9D46-0F2437C3F3B6}</SimpleData>
		<SimpleData name="SHAPE_Length">1.58122317948114</SimpleData>
	</SchemaData></ExtendedData>
      <MultiGeometry><LineString><coordinates>-121.741070736,48.9973099040001 -121.750729268,48.997307103 -121.759574,48.997309822 -121.810142329,48.998137296 -121.850646215,48.9987842020001 -121.935464279,49.0000944820001 -121.971586795,49.0006303480001 -122.019554103,49.0013243830001 -122.028487635,49.0014520720001 -122.059805001,49.001896178 -122.098067017,49.0024235930001 -122.109847869,49.0024346220001 -122.127178862,49.0024345 -122.140829214,49.002437179 -122.148184955,49.0024371280001 -122.161499177,49.0024370360001 -122.185827702,49.002439553 -122.201225463,49.0024421320001 -122.215762056,49.00244474 -122.230795879,49.0024362390001 -122.233318178,49.0024362080001 -122.251821591,49.0024248660001 -122.264809254,49.002405674 -122.265314834,49.002405385 -122.269563315,49.0024025050001 -122.270074995,49.002402214 -122.293508619,49.002385781 -122.319232353,49.002375998 -122.338458056,49.0023671770001 -122.351189038,49.002355784 -122.360869931,49.0023500240001 -122.382909614,49.0023329310001 -122.392190504,49.0023271900001 -122.404921507,49.002321378 -122.42658631,49.002318066 -122.438181342,49.0023121250001 -122.476277879,49.002280371 -122.485047831,49.0022745200001 -122.496979092,49.002262998 -122.515132816,49.0022515860001 -122.523780286,49.002246105 -122.539864079,49.0022323530001 -122.559117552,49.0022157710001 -122.579998905,49.002202008 -122.602158109,49.0021768560001 -122.625256293,49.002165533 -122.640134685,49.002157051 -122.647212766,49.0021514210001 -122.6690915,49.002134508 -122.691139553,49.002123216 -122.714007107,49.002109143 -122.73051521,49.0020992710001 -122.73511024,49.002098921 -122.73608895,49.00209871 -122.755319843,49.002092028 -122.755905974,49.002092018 -122.756094874,49.002092008 -122.756961574,49.0020919880001 -122.757153244,49.0020919880001 -122.757276584,49.0020919880001 -123.036257689,49.0020865560001 -123.037927738,49.002085977 -123.038174689,49.002085976 -123.061336423,49.0020750940001 -123.068058834,49.0020725030001 -123.075320974,49.002069342 -123.089367787,49.00206358 -123.090713387,49.0020635600001 -123.322255024,49.0020772230001</coordinates></LineString></MultiGeometry>
  </Placemark>
  <Placemark>
	<Style><LineStyle><color>ff0000ff</color></LineStyle><PolyStyle><fill>0</fill></PolyStyle></Style>
	<ExtendedData><SchemaData schemaUrl="#Canada_and_US_Border">
		<SimpleData name="FID">27</SimpleData>
		<SimpleData name="SectionNum">26</SimpleData>
		<SimpleData name="SectionEng">Straits of Georgia and Juan de Fuca</SimpleData>
		<SimpleData name="SectionFre">Détroits de Georgia et Juan de Fuca</SimpleData>
		<SimpleData name="MaxScale">1:200,000</SimpleData>
		<SimpleData name="Shape_Leng">2.71992157475</SimpleData>
		<SimpleData name="GlobalID">{A82FC1D8-17B1-49F9-B245-369CB587905F}</SimpleData>
		<SimpleData name="SHAPE_Length">2.71992197747621</SimpleData>
	</SchemaData></ExtendedData>
      <MultiGeometry><LineString><coordinates>-123.322255024,49.0020772230001 -123.008501149,48.8312245710001 -123.008501512,48.767104268 -123.267893564,48.693999526 -123.218945229,48.5487148650001 -123.159889496,48.4535144560001 -123.11515361,48.4228367900001 -123.248451785,48.2840218690001 -123.541232637,48.224559103 -123.679079971,48.2400024780001 -124.012072227,48.296676323 -124.727260785,48.4934506500001</coordinates></LineString></MultiGeometry>
  </Placemark>
  <Placemark>
	<Style><LineStyle><color>ff0000ff</color></LineStyle><PolyStyle><fill>0</fill></PolyStyle></Style>
	<ExtendedData><SchemaData schemaUrl="#Canada_and_US_Border">
		<SimpleData name="FID">28</SimpleData>
		<SimpleData name="SectionNum">27</SimpleData>
		<SimpleData name="SectionEng">Southeast Alaska, British Columbia-Alaska</SimpleData>
		<SimpleData name="SectionFre">Sud-est de l’Alaska, Colombie-Britannique/Alaska</SimpleData>
		<SimpleData name="MaxScale">1:250,000</SimpleData>
		<SimpleData name="Shape_Leng">16.9989246299</SimpleData>
		<SimpleData name="GlobalID">{516A03EB-A05E-460C-924A-7EC5594D56F6}</SimpleData>
		<SimpleData name="SHAPE_Length">16.9989264867087</SimpleData>
	</SchemaData></ExtendedData>
      <MultiGeometry><LineString><coordinates>-130.615645839,54.7074539550001 -130.628658467,54.7247367430001 -130.625739063,54.7380779630001 -130.659056418,54.7630623790001 -130.628892062,54.782724623 -130.568221358,54.7921582210001 -130.480272376,54.836669794 -130.45440576,54.851297248 -130.422734144,54.8733779820001 -130.345955774,54.9177332530001 -130.273346048,54.973968874 -130.187580684,55.0628463250001 -130.180904126,55.0912560570001 -130.152448076,55.1246209920001 -130.146143313,55.1428469520001 -130.102860019,55.1926071180001 -129.974185412,55.281923486 -129.97666719,55.300376176 -130.021125631,55.3379209400001 -130.041234653,55.4517302680001 -130.08987148,55.497983042 -130.127923041,55.581039376 -130.111675503,55.6829062900001 -130.147777213,55.714908054 -130.152424256,55.766292014 -130.12478312,55.805646498 -130.083511753,55.821712324 -130.00380348,55.9074464760001 -130.003803662,55.911935385 -130.017687904,55.911937643 -130.017648464,55.9121904240001 -130.016684718,55.9184349240001 -130.014948541,55.9298349740001 -130.012356769,55.9467739350001 -130.005248129,55.9929935750001 -130.004031433,56.000899186 -130.003984222,56.0012047550001 -130.003503806,56.008079916 -130.011515352,56.0172714650001 -130.034897097,56.0440655310001 -130.036855527,56.0463071720001 -130.054284139,56.0662513190001 -130.057539841,56.0699762580001 -130.058787122,56.0714012380001 -130.064717945,56.0781789170001 -130.082904958,56.0989507250001 -130.103817371,56.122803032 -130.230009796,56.0994335340001 -130.246237997,56.0964161310001 -130.350109055,56.128546677 -130.426025241,56.141566276 -130.439598808,56.1745331440001 -130.449518721,56.198588693 -130.451374362,56.2030859120001 -130.456321809,56.2150720220001 -130.467888993,56.2430581300001 -130.540550954,56.247455249 -130.570773611,56.2545569850001 -130.582421005,56.2572899240001 -130.615468752,56.265041668 -130.623327203,56.2668830870001 -130.626774505,56.2690607970001 -130.645533244,56.280916045 -130.647508284,56.2821632340001 -130.667683692,56.294901811 -130.68612299,56.306529379 -130.7100235,56.3215930550001 -130.720257045,56.3280346440001 -130.731271139,56.334967922 -130.736854581,56.338479041 -130.744988065,56.3435929500001 -130.757810531,56.3516541480001 -130.781999921,56.3668488540001 -130.859669795,56.3768893540001 -130.879639029,56.3794612300001 -130.914866575,56.3839914260001 -130.922758097,56.385002415 -130.942154651,56.3874908920001 -130.965839844,56.3905264680001 -131.087367657,56.4060093210001 -131.173485837,56.4495284980001 -131.295283523,56.4917609600001 -131.297405434,56.4924942710001 -131.31977195,56.5002246870001 -131.472047423,56.5526708740001 -131.581086486,56.612236459 -131.63270775,56.6096328410001 -131.659171853,56.6082888880001 -131.706056156,56.605896381 -131.73798567,56.6042562960001 -131.75135951,56.6035685240001 -131.763481552,56.602941952 -131.801758266,56.6009591470001 -131.8353465,56.599207452 -131.843556666,56.6329221500001 -131.847919225,56.65080749 -131.849168088,56.6559156100001 -131.849528598,56.6573920800001 -131.850605691,56.661809819 -131.852814045,56.6708350690001 -131.860688862,56.7029888170001 -131.901091111,56.7536796520001 -131.872895523,56.8059997060001 -132.123587036,56.8736527780001 -132.04521093,57.045063629 -132.369002632,57.0915171720001 -132.247941127,57.2112577980001 -132.369811031,57.34975122 -132.553704497,57.496518151 -132.660884281,57.616741404 -132.751078423,57.6959776190001 -132.869387592,57.8397174510001 -133.07011582,58.000344979 -133.172331273,58.153680062 -133.200092238,58.174590337 -133.209327483,58.1815392060001 -133.220893339,58.1902379840001 -133.270000464,58.227109596 -133.345452579,58.2763368340001 -133.461524713,58.387727775 -133.377323527,58.4305527670001 -133.557825869,58.5231357490001 -133.60501424,58.5513766010001 -133.651871182,58.5793585640001 -133.652001741,58.5794363530001 -133.661083035,58.5848504420001 -133.674706291,58.5929728500001 -133.707138816,58.6122785750001 -133.840527446,58.7294483420001 -133.972377972,58.767316222 -134.258094525,58.8610400570001 -134.308324614,58.901231668 -134.3364844,58.923417763 -134.31351009,58.9621865460001 -134.40716959,58.979214132 -134.381897881,59.0387675150001 -134.447143798,59.0892276430001 -134.483416185,59.1316074970001 -134.565586795,59.131127975 -134.679138092,59.1922788460001 -134.700736947,59.2490149010001 -134.959926363,59.280930541 -135.030546609,59.3463519580001 -134.989765669,59.3871334950001 -135.101040745,59.4275353960001 -135.077301747,59.4517745790001 -135.027583366,59.474742017 -135.028555845,59.5392404950001 -135.028628338,59.5441184150001 -135.028923879,59.5636633940001 -135.112665771,59.6196158400001 -135.117854664,59.623074139 -135.138629938,59.624459906 -135.15761095,59.6257235830001 -135.164159893,59.629627842 -135.219865979,59.6627804920001 -135.233689711,59.6961470590001 -135.252786814,59.698282776 -135.360130578,59.7376187690001 -135.479182267,59.7980454190001 -135.723112049,59.7283958130001 -135.779268425,59.7122568840001 -135.853128309,59.6909676930001 -135.872214467,59.685456539 -135.95266683,59.6621703380001 -136.007240323,59.6571823100001 -136.008356843,59.657079589 -136.031287144,59.654977966 -136.054039705,59.6528874430001 -136.085982755,59.6499446180001 -136.192925659,59.640030471 -136.238783017,59.6286137340001 -136.249771636,59.625874842 -136.265382606,59.6219801400001 -136.273599234,59.6199299680001 -136.290840813,59.6156240660001 -136.35395716,59.599831126 -136.239851705,59.5594162850001 -136.238525504,59.5243302270001 -136.277319875,59.4894765110001 -136.305043184,59.4645216480001 -136.36074816,59.4508138790001 -136.3613732,59.450661069 -136.362528821,59.4503776880001 -136.3724655,59.4496162470001 -136.373821121,59.449827337 -136.477177531,59.4658280200001 -136.477400536,59.3762364830001 -136.472714313,59.3220202540001 -136.47234524,59.3180281350001 -136.46926791,59.2840826760001 -136.495778307,59.2751363020001 -136.489724008,59.2597792130001 -136.584465271,59.16585817 -136.828749659,59.159963573 -136.87675781,59.1361581960001 -136.969698617,59.1012370620001 -137.037002689,59.0787263820001 -137.084621354,59.0627612850001 -137.175667584,59.0321467530001 -137.282868023,59.0000015260001 -137.451746615,58.908352592 -137.52613562,58.9063758510001 -137.500021273,58.985398493 -137.542153938,59.106431113 -137.607377685,59.24380689 -137.957485922,59.426907779 -138.022733548,59.460704848 -138.034688483,59.4668886160001 -138.626223584,59.7685839740001 -138.668670833,59.8096605260001 -138.679478516,59.8453738840001 -138.707399406,59.9063287770001 -138.798539255,59.9246514920001 -139.053692587,59.994840299 -139.198867537,60.088299223 -139.072148777,60.3194325750001 -139.074840788,60.352508094 -139.693003611,60.335227746 -139.981116332,60.1819688150001 -140.458228653,60.308088065 -140.520446659,60.2198219570001 -140.76882053,60.2601829870001 -140.930758922,60.29344903 -141.002002234,60.3063722570001</coordinates></LineString></MultiGeometry>
  </Placemark>
  <Placemark>
	<Style><LineStyle><color>ff0000ff</color></LineStyle><PolyStyle><fill>0</fill></PolyStyle></Style>
	<ExtendedData><SchemaData schemaUrl="#Canada_and_US_Border">
		<SimpleData name="FID">11</SimpleData>
		<SimpleData name="SectionNum">28</SimpleData>
		<SimpleData name="SectionEng">The 141st Meridian, Yukon-Alaska</SimpleData>
		<SimpleData name="SectionFre">Le 141ième meridian, Yukon-Alaska</SimpleData>
		<SimpleData name="MaxScale">1:62,500</SimpleData>
		<SimpleData name="Shape_Leng">9.34024906636</SimpleData>
		<SimpleData name="GlobalID">{BBC24BCC-23F2-4066-A972-4C2A912C6E12}</SimpleData>
		<SimpleData name="SHAPE_Length">9.34024863336763</SimpleData>
	</SchemaData></ExtendedData>
      <MultiGeometry><LineString><coordinates>-141.002002234,60.3063722570001 -141.001855564,60.8185781080001 -141.001858568,60.823878107 -141.001850602,60.872500105 -141.001847609,60.883150104 -141.001655993,61.435142082 -141.001667019,61.4722360810001 -141.001701055,61.521086079 -141.00166511,61.5970470760001 -141.001659127,61.6205590750001 -141.00165615,61.651831074 -141.001656158,61.6627840740001 -141.001651198,61.7190950710001 -141.001648207,61.731272071 -141.001648218,61.7456950700001 -141.001640267,61.8114640680001 -141.001637289,61.842064066 -141.001637289,61.8420970660001 -141.001629323,61.889986064 -141.001620362,61.9412500620001 -141.00161738,61.9652670610001 -141.001617387,61.97584706 -141.001606426,62.028422058 -141.001601447,62.054931057 -141.001601447,62.054947057 -141.001598458,62.070325057 -141.001598458,62.070336056 -141.001592486,62.107014055 -141.001590502,62.1282140540001 -141.001581531,62.1669250520001 -141.001570574,62.22377505 -141.001540638,62.307267047 -141.00151771,62.400925043 -141.001504751,62.4540360410001 -141.001501765,62.4720860400001 -141.001501765,62.4721420400001 -141.001487805,62.523806038 -141.001479839,62.567109036 -141.001479839,62.567336036 -141.001476854,62.586320035 -141.001467876,62.6149640340001 -141.001470877,62.615834034 -141.001465896,62.6383920320001 -141.001462925,62.676011031 -141.001456967,62.7303310290001 -141.001454988,62.7561390280001 -141.001449036,62.8170470250001 -141.001449036,62.8170780250001 -141.001446057,62.8419610240001 -141.001443089,62.8828000230001 -141.001441124,62.9249060210001 -141.00143516,62.970436019 -141.001432202,63.022136016 -141.001424248,63.0780000140001 -141.001418287,63.1263860120001 -141.001416315,63.1601250100001 -141.001416316,63.16139201 -141.001413331,63.1801810100001 -141.001413331,63.1801890090001 -141.001413367,63.225009008 -141.001406388,63.248693007 -141.001410404,63.269161006 -141.001410425,63.2950950040001 -141.001413467,63.3441890030001 -141.001413496,63.379328001 -141.001418532,63.4216249990001 -141.001396572,63.4687779970001 -141.001402614,63.518327995 -141.001388646,63.5562639930001 -141.001396662,63.576135992 -141.001368696,63.6148449900001 -141.001355732,63.6564249890001 -141.001374766,63.6971609870001 -141.001374767,63.697602988 -141.001382813,63.7510779840001 -141.001380836,63.777541983 -141.001374872,63.819546981 -141.001377924,63.8792999780001 -141.001363949,63.907158978 -141.00136395,63.9084309780001 -141.001363971,63.931685977 -141.001358006,63.9720639750001 -141.001353047,64.0195109730001 -141.001346071,64.0459529720001 -141.001344095,64.072110971 -141.001344107,64.0864809700001 -141.001344133,64.1155139680001 -141.001344162,64.1478029670001 -141.001344179,64.1665449660001 -141.001322215,64.2067779640001 -141.001325245,64.240958962 -141.001325277,64.2750859610001 -141.001328304,64.305744959 -141.001328313,64.3152279590001 -141.001325335,64.3400219580001 -141.001328349,64.354377958 -141.001331365,64.3728169570001 -141.001331411,64.4228029550001 -141.001322455,64.471505952 -141.001333475,64.4926529510001 -141.001350522,64.5430279490001 -141.001328539,64.5613419480001 -141.00133158,64.6063139460001 -141.001328604,64.6313309450001 -141.001328629,64.6583219440001 -141.001328633,64.6622669440001 -141.001328651,64.681130943 -141.001328651,64.681283943 -141.001328653,64.6833919420001 -141.001328655,64.6855109430001 -141.001331677,64.7101919410001 -141.001331724,64.7595639400001 -141.001331724,64.7595749390001 -141.001331762,64.7995419380001 -141.001331798,64.837744936 -141.001333826,64.8676609350001 -141.001333874,64.9168469310001 -141.001333874,64.9168609320001 -141.001336945,64.9917669290001 -141.001339984,65.031288927 -141.001340013,65.0613029250001 -141.001340039,65.0879639240001 -141.001343063,65.1119249230001 -141.001345109,65.159960921 -141.001343152,65.2041389190001 -141.001351218,65.270846915 -141.001357283,65.3365919130001 -141.001357304,65.3571449120001 -141.001357304,65.3571609110001 -141.001359348,65.4019389090001 -141.001362393,65.4472699070001 -141.00136244,65.4938199050001 -141.001362441,65.4938469050001 -141.00136848,65.5318449040001 -141.001365488,65.5406359030001 -141.001362532,65.5839859010001 -141.001362532,65.5840279010001 -141.001359578,65.6298778990001 -141.001359578,65.6298948990001 -141.00135764,65.6899528960001 -141.001357685,65.7346138940001 -141.001354726,65.7741058920001 -141.001351786,65.8310808890001 -141.001348834,65.8772058870001 -141.001348834,65.8772278870001 -141.001351882,65.922955884 -141.001351919,65.957946883 -141.001357969,66.00593388 -141.001357969,66.0059588810001 -141.00135802,66.0537968780001 -141.00135802,66.053960879 -141.001349046,66.0782248780001 -141.001349046,66.0782778780001 -141.001346098,66.1269168750001 -141.00134914,66.1659588730001 -141.001349154,66.179146872 -141.001341211,66.2332218700001 -141.00133823,66.250216869 -141.001338295,66.3107558660001 -141.001330364,66.373602863 -141.00132441,66.4153388610001 -141.001330436,66.43899686 -141.001313499,66.4956858570001 -141.001310558,66.5491468550001 -141.00129959,66.5788668530001 -141.001299649,66.6310168510001 -141.001296673,66.6524918490001 -141.001285747,66.7179168470001 -141.001274826,66.7878638430001 -141.00126987,66.8260888410001 -141.00126987,66.8261308410001 -141.001260939,66.8874558380001 -141.001250001,66.940652835 -141.001247034,66.969744834 -141.001236103,67.028927831 -141.001222155,67.073644829 -141.00120922,67.1295968260001 -141.00120922,67.129719826 -141.001200265,67.167838825 -141.001186329,67.2221778210001 -141.001178387,67.2716198190001 -141.00117043,67.3064358170001 -141.001159469,67.340002815 -141.001150505,67.369658814 -141.001145545,67.402788812 -141.001139562,67.417563811 -141.001139563,67.417824812 -141.001136575,67.427263811 -141.001131606,67.4533718100001 -141.001128615,67.4610858090001 -141.001092656,67.494510808 -141.001086682,67.5155558060001 -141.001125745,67.5678218040001 -141.001125745,67.5678468040001 -141.001120783,67.5986468030001 -141.001114856,67.6583947990001 -141.001100927,67.7156107960001 -141.001097947,67.7311997960001 -141.001097947,67.7313917960001 -141.001085018,67.7884887930001 -141.001085064,67.8251917910001 -141.001076109,67.86068879 -141.001071164,67.9042527870001 -141.001048233,67.958563784 -141.001060163,67.9586242240001 -141.00104625,67.9725357830001 -141.001040347,68.04777778 -141.001026407,68.0950587780001 -141.001012475,68.146866774 -141.001001527,68.1867107720001 -141.000993567,68.2179087710001 -141.000969568,68.219422771 -141.000993569,68.219535771 -141.000973689,68.311416766 -141.000965742,68.3517337640001 -141.000954793,68.3897467620001 -141.000943856,68.43713876 -141.000929943,68.5025777560001 -141.000916016,68.556652753 -141.000894059,68.5879137520001 -141.000897121,68.6339667500001 -141.000888179,68.6772947470001 -141.00087724,68.721449745 -141.000869279,68.7497917430001 -141.000858364,68.81145574 -141.000849411,68.8456307380001 -141.000838492,68.9035777350001 -141.000827558,68.950405732 -141.000811635,69.0050717300001 -141.000802671,69.0302857280001 -141.000791726,69.0697637260001 -141.000772808,69.1270277240001 -141.000766843,69.150505722 -141.000758876,69.1739357210001 -141.000755922,69.2064777200001 -141.000736992,69.2542887170001 -141.000723057,69.2993337140001 -141.000712138,69.3544807110001 -141.000698181,69.384491709 -141.000689232,69.418846708 -141.000673316,69.475752705 -141.000656399,69.5313967020001 -141.000639487,69.5903196990001 -141.00062357,69.6458306960001 -141.00062357,69.6458966960001 -141.000623571,69.646616695</coordinates></LineString></MultiGeometry>
  </Placemark>
</Folder>
</Document></kml>
